case_name,AR,Lambda_c_4,c_r_extension_factor,D_f,twist_r,delta_twist_k,delta_twist_t,alpha,beta,drag,lift,side_force,pressure_drag,viscous_drag,pressure_lift,pressure_side_force,Cd,Cl,pitching_moment,Cm,Cf,L_D_ratio,Cl2_over_pi_AR,mahal_dist
geo-00271701-ceea-4622-8dae-45bcb051c900,7.6918,31.101,1.056,247.9048,7.0987,-3.848,-5.7325,2.8463,0,275210.91287881584,3056787.508,-43.01621518,238389.40452164612,36821.508357169056,3065182.434694176,-43.58463038,0.060437471,0.6712833570904945,-6298840.525,-0.176352153,0.008086115,11.10707230333065,0.018648070568686042,1.744781967161433
geo-00398072-71c6-481a-a2bb-a1da42782457,8.9243,25.0509,1.2408,245.1602,5.6113,-6.2489,-7.1479,2.1361,0,105045.79106310196,1782054.2167354694,45.22596185506131,65559.32407945949,39486.46698364221,1783777.870942119,43.26365648747577,0.021912176,0.3717301356569811,-3945343.104,-0.103383968,0.008236692,16.96454659154283,0.00492869,1.2291483928527231
geo-0058d444-80bc-4f59-9901-c05bd0efb5db,10.9298,30.7725,1.3858,240.1349,3.5168,-3.2801,-4.365,0.6225,0,67711.56466,1218735.8796359308,16.58817057,26944.946317570702,40766.61833945869,1219093.191101255,15.109622260785926,0.013587083,0.244552997,-5181770.758,-0.132596913,0.00818193,17.99893246905526,0.001741742,1.391503719189076
geo-00724dae-a24c-43cd-8dbc-ea955fb6fafd,10.264,27.8882,1.2451,242.8121,8.7652,-4.9344,-4.7445,2.2845,0,354743.74358228315,3258990.4916151585,-12.93058483,318265.33153290465,36478.41204937898,3269330.3165552723,-5.851868982,0.073912069,0.6790217890225501,-8559558.38,-0.239760988,0.007600362,9.186886451344087,0.014298843239985521,1.8304249490690767
geo-00ab83f6-af96-4ae8-800b-80f6d6a07653,7.5739,25.7602,1.1526,240.0331,6.0655,-5.9284,-2.7741,3.6676,0,232456.73333068533,2671575.668759865,-200.3246263,195991.55912986028,36465.174200824695,2679067.1060940484,-200.3662228,0.049678119,0.5709400327277832,-6300327.725,-0.162619062,0.007792899,11.492786767158842,0.013699715608786314,1.0916601952972267
geo-00dd24d8-be7d-4955-8974-71660ed03717,8.0934,28.1701,1.2864,256.2297,3.4219,-3.7645,-2.1879,0.1141,0,67032.88205061803,797389.8804522671,-0.300498757,26516.611765734928,40516.27028488362,797453.0250134232,0.1299369070399052,0.013811984,0.1643005046337765,-4775668.711,-0.115140806,0.008348248,11.895503461273558,0.001061688,1.983833198673217
geo-00fec490-ac5e-4b72-9181-705a517c3e09,8.371,25.8775,1.085,249.044,5.9428,-6.4524,-7.2644,0.5322,0,73953.15497448172,559142.3526322468,249.69598920029563,34611.145357700414,39342.00961678007,559581.0337678096,250.0982559507782,0.016107039,0.1217815196512616,-1446828.94,-0.041334547,0.008568667,7.560764011,0.000563943,1.7728225262273105
geo-0122edbc-b33c-4155-af06-7a8063394184,10.0507,31.29,1.2499,252.4215,8.8571,-6.8534,-3.484,2.1543,0,228840.43971063895,2960331.930566889,-11.25399544,190847.1196274225,37993.32008321638,2965642.9205518463,-14.16610728,0.047607899,0.6158665957168769,-9726155.671,-0.264299929,0.007905715,12.936227243358472,0.012012326137397434,1.3556557832006606
geo-01284560-d331-40be-b5e6-e666e5df23bf,8.1766,36.8409,1.2745,250.9782,8.6713,-6.775,-3.6186,1.1598,0,119552.51767439384,2534565.438479272,61.15824842,79655.75213,39896.76554634681,2536416.742624652,61.39505924996148,0.024712336,0.5239122804734506,-10421649.21,-0.254828638,0.008246895,21.200435488797158,0.010685492198462916,1.6778398238061423
geo-015463c4-1e68-4c7f-bb87-743611c4ae2d,9.6719,26.0461,1.2963,242.8887,7.4553,-4.9002,-6.5967,2.6914,0,278791.56605366984,2904978.300203736,95.8050811,241878.78356564807,36912.78248802164,2913414.889651391,92.49341848,0.057292447,0.5969811723564792,-7425238.496,-0.194248779,0.00758564,10.419893045274199,0.011728963,0.9585107701657134
geo-0156de14-2a98-4f1d-b175-9db108fec761,8.5573,25.9504,1.221,255.9958,8.3351,-6.1663,-5.5781,2.9568,0,282301.8522089021,2909022.4329375997,97.29307969986422,245067.92882405283,37233.92338484991,2918194.875014891,96.56029125308032,0.059205123,0.6100882069994765,-7074358.475,-0.184266797,0.00780876,10.30465230807248,0.013845181,1.1401250436273525
geo-015c5e59-55a4-4898-af32-47f550a89b56,9.3805,31.9285,1.3723,256.343,7.426,-6.7122,-5.8694,0.3952,0,78674.07431455521,1515420.7134523245,-18.94568157,37216.599905138806,41457.474409416565,1516100.8433715764,-16.02940284,0.015842651,0.3051612738937579,-5724202.349,-0.137071641,0.008350005,19.262008821271444,0.00315997,0.9642935783809142
geo-01692350-101b-458c-b596-ceabe1f86cf0,8.743,25.0117,1.0175,243.8369,3.7409,-5.9963,-2.5198,1.0784,0,66071.42137224764,396178.9811070569,-144.2626536,27037.291928212315,39034.12944403537,396614.7619598912,-149.0905874,0.014667812,0.087951473,-1623988.589,-0.049116019,0.008667301,5.996223070107413,0.000281628,2.0341933074577225
geo-0184945e-ec67-4a1e-bd85-212279a97c98,8.5793,26.8247,1.073,256.0887,8.7011,-3.9736,-3.9915,3.0317,0,469866.8638359512,3472345.058340667,-192.8397379,433886.2230682997,35980.640767652214,3490806.563329895,-193.7389362,0.1026649788511434,0.7587005158611915,-6246419.581,-0.179391269,0.007863286,7.390061580407579,0.02135694,3.3469333957370404
geo-018d711f-b1a5-4e27-9dd6-76f5eb45d7d1,7.909,29.8271,1.3644,240.1394,8.988,-4.4997,-1.7286,3.0027,0,495676.53279518906,3660043.064020662,10.858554712699076,461739.57546078577,33936.95733440382,3680031.7401605207,12.541872094799372,0.1000216581510353,0.7385533749260764,-11270626.96,-0.249281227,0.006849459,7.383934525568869,0.021952921572426485,3.2963123026609558
geo-01ca014c-e45f-42b6-9880-9b7fa033ce28,10.289,33.31,1.3673,248.1447,3.9498,-3.5048,-2.1774,2.8035,0,159164.78064958565,2914860.268092283,51.53585239074947,119543.43635855587,39621.34429103047,2917690.1634104094,54.51695255,0.032099793,0.5878587563597174,-11387820.12,-0.291341566,0.007990651,18.313475231116612,0.010691113574146243,2.0207881918631827
geo-022e807d-b372-4566-9332-a232dcbe4822,9.5752,32.1939,1.1076,240.8086,7.7123,-4.0419,-2.8936,0.6148,0,197512.5422580157,2967290.9110473148,-187.8109074,159494.51169277544,38018.03056523993,2969103.462050393,-186.8725172,0.042744753,0.6421674078287487,-9064074.389,-0.272223488,0.008227643,15.023303720991391,0.013708779564471864,1.367607630058154
geo-0267bb53-7a84-476d-b7a5-299544b14633,8.3975,35.5372,1.0985,251.8182,8.4959,-6.9032,-4.9738,3.8278,0,244682.7316819043,3089204.1090772627,-100.9486314,207588.15312226696,37094.57855963752,3096540.4924613787,-102.6471033,0.053089059,0.6702677352720143,-7274460.744,-0.206022751,0.008048406,12.625345842114147,0.017029297916708343,1.2878040685970762
geo-0267c998-0c73-4774-80b0-70c6782f5c38,8.5475,35.9888,1.0595,256.448,8.63,-3.6361,-3.8662,2.1848,0,365607.8674638092,3382545.723439597,1253.5490144670634,328890.35729313246,36717.51017067609,3393196.426030984,1254.1514471296182,0.080208857,0.7420795609686138,-6492623.261,-0.191111767,0.008055226,9.251840631614499,0.020507464001800275,2.2657311496095516
geo-0296f6df-906c-4840-b875-e36b6e98acac,7.8824,30.6342,1.1996,241.6575,8.9314,-3.4871,-1.5492,0.2431,0,322850.21936153364,3270059.327540158,107.83658073674356,286313.0458711705,36537.17349036172,3271761.954920084,113.0600401771803,0.068106502,0.6898316630648533,-10802904.13,-0.274478647,0.007707617,10.128719546813423,0.019216660010077196,1.8664372668450162
geo-02ce6274-c009-4f01-8298-37cfe8ba5a43,9.5037,34.7204,1.3938,255.5002,8.632,-4.1854,-5.9134,0.7356,0,218206.37386578653,3171715.0850594915,-1555.564336,178959.86580700544,39246.50805878166,3174250.1086479067,-1558.200543,0.043694326,0.6351141330102185,-12887542.84,-0.305688602,0.00786043,14.535391560149044,0.013510175,2.0861681480752376
geo-02de5792-d2d7-46ce-b724-e2ed9eadb12b,9.9637,29.3437,1.1654,253.4447,3.5889,-6.9959,-3.6271,0.1795,0,130052.02097124048,-909494.1558,-655.810023,91316.40463655572,38735.61633468472,-909360.3635,-658.0707219,0.027689054,-0.193638147,2460112.4235424027,0.070966119,0.008248769,-6.993310439,0.001197875,4.721861005702142
geo-0326401f-781d-4aa8-b5d6-94d1ee34f962,9.6868,30.2598,1.2997,255.9146,4.995,-6.9431,-6.1002,1.3282,0,68691.30061746623,505957.1805,-5.190026314,27775.847199383526,40915.453418083096,506589.1707900487,-5.817556811,0.01410052,0.1038597182529804,-764113.4782,-0.019633326,0.008400564,7.365666044224247,0.000354457,1.8900598933910973
geo-0329fd02-6197-4d38-aa67-bd6cc5828c39,10.3855,30.3886,1.2726,253.9835,8.6708,-5.9616,-7.265,2.8746,0,281544.8015699929,3079877.324862246,-10.09470297,243755.66171380988,37789.13985618238,3088440.2588914004,-14.91944334,0.058214941,0.636825383,-8447280.725,-0.229373632,0.007815228,10.939208636379615,0.012429780197351293,1.0448905837773843
geo-033625b5-68d4-4e08-a2ec-88a29b4bf5ee,7.7442,35.9572,1.3811,247.2631,7.2324,-6.1842,-7.1873,1.2313,0,89721.40807260793,1826564.189277658,-50.59051513,49414.598298181154,40306.80977,1827884.2476989245,-51.4436496,0.018025715,0.3669706764968325,-7000800.816,-0.151323324,0.008099581,20.358175696479176,0.005535238,0.8264040899899872
geo-035a128c-26eb-4e54-8d9c-a6a729022c48,8.3471,36.0145,1.1854,248.8544,8.5146,-3.8034,-2.5988,1.7202,0,341302.1332321826,3397945.2346464666,-757.1066839,304780.2057825618,36521.92744962103,3406191.23,-758.6110732,0.072265577,0.7194636382451054,-10303283.06,-0.267934629,0.007734529,9.955827707455015,0.019739321,1.8081872538456576
geo-035bf9a6-5197-4324-9777-9dea9c3cfc35,10.3394,30.6711,1.0666,255.3357,6.8518,-5.1472,-3.8009,1.6135,0,153169.9041395223,2640645.8557972237,1736.4538688601783,113801.86888842484,39368.03525109663,2642939.149248244,1739.961246,0.033535246,0.5781469188994889,-6589823.884,-0.212187147,0.008619251,17.239978510346678,0.010290375464720013,1.0424357435412486
geo-035f6e66-a207-4fdb-8aa0-0191216e89cf,9.6119,35.0188,1.1723,249.698,7.3963,-4.1058,-2.6526,3.5272,0,381337.2229635603,3332372.3313713125,-177.0426734,345630.3796066118,35706.84335694933,3347710.2681669514,-164.8444007,0.081051524,0.7082808579605899,-7865497.843,-0.225306495,0.00758929,8.738649496,0.016613146,2.0675340306630945
geo-039019e7-66ee-4ddc-b632-ec98026aaa3e,8.7174,35.7125,1.1307,252.3508,4.466,-6.686,-6.8804,3.2095,0,73119.70377,1285635.0520876814,20.92074633344116,32609.233187558573,40510.47058201717,1285893.220786156,22.225719999552556,0.015722027,0.2764342317539693,-1544759.641,-0.043495231,0.00871042,17.582607502611847,0.002790274,1.9644150176969561
geo-03fb3992-e639-4618-8067-fe6eb4ea1095,8.683,31.4153,1.1091,249.3532,6.7597,-4.2379,-5.4738,2.0469,0,189460.6703138594,2831331.093271966,2725.670131175595,151271.04864843978,38189.62166541917,2835199.6877003456,2727.386701227289,0.040984904,0.6124850724609742,-7371703.993,-0.210588505,0.008261291,14.944162757270966,0.013752173513772658,0.9945016147006304
geo-04422090-1191-4dde-b85a-1c6b92377fc7,9.2503,28.4233,1.1809,248.3454,6.8008,-6.5487,-5.7131,0.1551,0,69100.33813,1052582.4565724027,-23.62879708,28806.79582407203,40293.54230956952,1052906.6281150558,-27.06032347,0.014652142,0.2231912100519508,-3423467.923,-0.095576041,0.00854386,15.232667234372604,0.001714149,1.1776532063209755
geo-045344e8-3573-4f0c-b5e0-cd68ebac72b5,7.5269,36.5988,1.1052,254.9802,6.3874,-4.797,-1.7235,3.7284,0,280466.92896162503,3292494.501316127,379.9951982987227,243274.85522995907,37192.07373166654,3302126.363091112,380.2410665274458,0.060725799,0.7128803383543076,-8654449.462,-0.227161552,0.008054334,11.739332382273952,0.021491526057455704,1.3306751510726915
geo-04806634-7537-4c0c-bd23-f055a2aae202,10.3561,28.3342,1.3699,240.8724,5.8726,-6.6945,-6.1083,1.8693,0,90880.52025,1754388.4226394324,-37.8463005,50714.08610486553,40166.43414893173,1755586.378,-39.70034759,0.018315975,0.3535777990247686,-4404491.119,-0.11283044,0.008095063,19.304339562978527,0.003842588,1.0694287417202322
geo-04bbea1c-790e-4f8b-af02-2f51700c0617,9.1541,27.225,1.1313,252.3333,7.2884,-4.7575,-4.8643,1.1534,0,176729.85263688696,2486739.2666543024,99.12388618272864,138298.8405300075,38431.01210687958,2489107.783233012,101.61553085183232,0.037985795,0.5344924218306377,-6926249.837,-0.196544023,0.008261917,14.070850111348294,0.00993385,0.4449926881784714
geo-04d68c0b-922c-4693-b524-f89feb7c45c5,10.4816,30.757,1.3839,244.2134,4.4177,-3.3227,-1.72,0.923,0,109805.70890366158,2332589.0500833434,61.62221152981532,69420.73635325162,40384.972550410246,2333853.610433141,62.32228931153058,0.022049243,0.4683893334362872,-10168225.06,-0.259332962,0.008109354,21.242875924874134,0.00666249,2.106478903250765
geo-04d9f688-700f-471f-88a8-dd93b49755f5,7.9052,26.2835,1.053,240.3364,4.4576,-3.5971,-5.0491,1.4058,0,104969.403,1965837.8022150288,-50.84873201,66292.35567,38677.047309664806,1967296.2848302852,-50.75787523,0.023071486,0.4320763713765151,-4776013.66,-0.13586921,0.008500879,18.727722045421554,0.007517238,1.137579707243307
geo-04e57c5f-3d92-4bbd-8c84-689f52e4e68d,10.0993,34.943,1.0723,257.2881,3.1347,-4.0826,-5.0807,2.4399,0,70888.14387010572,1422528.618304988,322.62802360950667,29743.388651071265,41144.75521903372,1422822.9241580786,322.8356775610125,0.015492001,0.3108815269395166,-3009386.968,-0.093820892,0.008993652,20.067229026501522,0.003046132,1.2206131851686204
geo-05643f74-a9af-4533-b556-d77f21d7c780,10.3746,29.7531,1.0384,246.8411,7.3666,-4.1543,-7.1037,1.6873,0,200595.65769330435,2707727.0793117546,137.33288299333657,162577.06886773324,38018.58882557037,2711249.7963179243,140.85496569999532,0.04427416,0.5976317873373281,-4878917.62,-0.160782935,0.00839117,13.498433168736227,0.010958374649772491,1.5871566950104932
geo-058af247-87c2-4710-b34f-7e3055c86eb6,10.8393,29.3006,1.2997,246.4673,5.3301,-5.9405,-5.8946,3.7763,0,169524.69893179287,2497448.902921356,-31.2197682,130794.67188993706,38730.02704185669,2500778.0814166763,-31.9434102,0.034806177,0.5127668689390673,-6374243.602,-0.176080041,0.007951862,14.732065112979098,0.007721271,0.5833076261258859
geo-05a95c27-4aae-4cf4-a086-d42583265063,9.6114,27.1158,1.3881,246.5033,4.7588,-5.8804,-3.9026,1.5002,0,77959.66431,1412741.5560781795,12.01499357387246,37537.410196209945,40422.25411137754,1413603.2510495516,13.315696503673124,0.015637334,0.2833710475317901,-4657478.107,-0.113392522,0.008107949,18.121442269226073,0.002659343,0.9356250853421411
geo-05b65ab3-55fd-46a0-be1e-f49ec4ffa1eb,10.1389,30.2003,1.2608,249.9963,5.1486,-6.3418,-3.1008,3.8825,0,162911.3752897672,2574222.030863277,127.20415169506929,124058.24138183802,38853.13390792963,2576959.395485134,131.42389893484298,0.033792373,0.5339656027347991,-7516081.998,-0.20345478,0.008060853,15.801364553485355,0.008951295,0.6666669020848724
geo-05c44079-b643-40b9-bdda-7af5eaec668a,7.7696,26.9148,1.3578,250.4707,8.8808,-5.6326,-2.0555,3.3146,0,434972.54400356096,3492452.308242071,202.15102052286608,399958.4744963712,35014.06950719066,3510620.780233325,195.19781813386675,0.087942825,0.7061046155462013,-10074421.94,-0.225567602,0.007079113,8.029132772604331,0.020426293469833195,2.510177068697186
geo-05c8fd52-ec85-4af5-8a6c-46c5fe779d2b,7.511,34.6883,1.0314,254.7847,3.2596,-6.4427,-4.4311,3.9707,0,72135.62698709655,1344108.8536399563,-202.9980122,31940.274397739508,40195.35258935765,1343601.6268814497,-206.9695134,0.015953353,0.2972600946410969,-1567959.843,-0.044200864,0.008889467,18.63307923947755,0.003744774,2.1293640987339884
geo-05cefb38-a9cb-42fa-b586-b4465d1377e9,8.7832,29.1673,1.3434,248.6319,5.1401,-3.7911,-2.8489,3.3215,0,269018.6178,3056160.742197356,35.779562332513294,231675.3242706277,37343.293502992754,3064940.1247028667,40.34760803260659,0.054596921,0.6202431919078468,-9591763.545,-0.23081316,0.007578725,11.36040608449305,0.013941880858500153,0.9553718393122835
geo-060c5f5a-dc41-4d05-bc2f-aa3c5a95095c,8.3892,27.3941,1.2893,251.2697,3.3317,-5.2263,-2.1982,0.1479,0,72669.76412,-22909.8602,-111.1305381,32857.93365392231,39811.83046149739,-22988.09714,-110.5665124,0.014961827,-0.004716863,-1659464.501,-0.040645188,0.008196732,-0.315259867,8.441821965507573e-07,2.960894389093424
geo-060d215f-de7c-407b-a696-ea71e9c0c777,8.4974,33.2129,1.2212,240.7732,8.3187,-6.9828,-5.5669,0.3141,0,82542.05753670266,1739323.2566917574,213.58249572122173,42643.96928709512,39898.08824960682,1740086.1993653276,216.03340984907328,0.017306418,0.364680221,-6164591.436,-0.15741213,0.008367037,21.071963900565205,0.004981825,0.8951230625700539
geo-0615eb18-3a2e-4b55-bd15-6879ec0e0ad2,9.1986,31.0084,1.3773,254.4156,4.7504,-6.9398,-5.2615,2.3449,0,71884.01139,1182715.2004307508,-54.56832751,30796.891817091087,41087.11957386134,1183391.421357527,-55.42758162,0.0144564,0.2378526755955585,-3078506.514,-0.072727895,0.008264589,16.453105183548708,0.001957692,1.2390937080668492
geo-061acdf1-4c36-4a33-ac67-96fa89e4c919,10.2824,26.6157,1.1411,254.3166,8.9012,-6.0497,-7.2318,0.2252,0,144383.16928469564,2097380.556604478,-144.3588556,105250.97041401178,39132.19887068288,2097696.8419979447,-145.4268499,0.030954921,0.4496663269662917,-5613117.242,-0.170294366,0.008389674,14.526489250757976,0.006259453,0.282200081
geo-0629282b-75ba-4509-8b81-45d2e8f4e9d6,10.5561,30.0449,1.3896,249.139,7.7822,-4.1342,-2.7736,0.0798,0,196960.4402720441,2875185.682633999,-4901.60866,157927.01803657404,39033.42223547096,2875662.7627879293,-4904.79541,0.039491341,0.5764860142436083,-11700055.55,-0.298191265,0.007826313,14.597782573306379,0.010021303,2.297150551462815
geo-062c8b3e-0e2b-4a94-845b-8c6b3999b535,7.8581,33.8716,1.014,255.5082,6.6353,-5.9837,-3.4337,2.2866,0,118280.77874742816,2440091.1508840444,310.23206685985707,78805.34727171264,39475.43148,2441946.474124101,311.70881348226527,0.026284817,0.5422465982949793,-5558858.497,-0.159812888,0.008774156,20.629650706768846,0.011910397295716982,1.8530321114464554
geo-064295b9-baac-4616-904e-b28384d74c0e,10.3054,30.094,1.1806,255.5434,3.757,-5.1112,-3.0471,1.7554,0,69607.96023,1296557.1762037307,-50.47689685,28475.39525978732,41132.56496647047,1297081.5388342848,-51.58565169,0.014757943,0.2748897767252425,-4065793.705,-0.117908898,0.008722488,18.62656472031845,0.002334009,0.9945814670016039
geo-064ae701-b3ac-4364-b0fa-ff78984cc273,8.5643,30.4926,1.3093,252.6452,7.6793,-4.6836,-5.6242,3.4492,0,345731.93657033355,3332633.449098197,31.122317868661757,309159.7233733241,36572.21319700973,3345763.4691596585,27.926156320179015,0.070802922,0.6824946189705278,-9701502.767,-0.236499685,0.007489635,9.639356670829924,0.017312378,1.6004840485718637
geo-06ac078a-8835-4cc2-92b2-3433490be994,8.8525,36.6812,1.0981,251.9103,4.7564,-6.564,-4.9317,1.9537,0,62427.260788384185,903803.3517639944,259.65368515276384,21912.06285445562,40515.19793392852,904250.7963361072,261.7916886771819,0.013546435,0.1961212591952002,-1809174.832,-0.052624172,0.008791569,14.477703175664134,0.001383036,1.441720229686856
geo-06ac924f-8507-49cc-917c-2b511b9c6357,10.736,25.0825,1.0862,243.5597,3.0721,-4.7792,-3.3958,2.5179,0,89982.51077770803,1675317.9649634406,-1.630293366,50320.31657982155,39662.19419788671,1676207.543507491,-2.944890438,0.019587525,0.3646856754581834,-3285511.32,-0.104495918,0.008635468,18.61826204318904,0.003943166,1.2612064414250095
geo-06c8e327-deca-4d20-ac7b-2173ad6d5219,10.1181,27.76,1.2178,252.0669,5.5683,-3.7338,-6.272,3.6401,0,283604.4047487811,3006667.3158287047,66.21289980869943,245785.0962,37819.30858936579,3016416.341003243,60.37091703107588,0.059530248,0.6311173136543152,-6827981.96,-0.193859293,0.007938456,10.60162418,0.012530585060303273,1.1381076043540874
geo-0723b050-8622-4896-9d95-ba4f181846e1,10.1565,27.6724,1.2849,245.9398,5.7751,-5.5356,-2.4329,0.5216,0,85328.90090044051,1709410.1587328364,-84.31334289,44990.50405252844,40338.39685,1710098.174528775,-83.077281,0.017585266,0.3522889840913207,-6584720.345,-0.175184144,0.00831494,20.033190873128987,0.003889593,1.1923772310433511
geo-0724352a-d586-4b93-b7a2-aa69f4d3d9e5,8.2762,34.9215,1.2569,256.4462,4.6004,-5.2964,-7.1223,1.3911,0,66906.42205819186,905756.0827009887,-36.63305189,26020.680920109276,40885.74113808252,906318.334,-37.65335218,0.013895758,0.1881159773866307,-2657279.475,-0.06624423,0.008491492,13.537655352624041,0.001361039,1.3468441085803633
geo-076503da-33dd-4ef6-bd8b-014cf8b098d8,8.2291,26.6586,1.359,253.6169,8.6851,-5.6486,-6.3666,3.1733,0,339652.5639778365,3187760.3398994817,152.6798697334999,303459.8008582687,36192.76311956822,3200349.081771466,148.4503019771186,0.068649357,0.6442986771527502,-8828449.582,-0.20324897,0.007315113,9.385356326,0.016057290584278124,1.489955189306833
geo-079d9c22-3825-47da-a461-730e2869a0df,10.8023,30.2689,1.3649,242.5538,5.0138,-5.4767,-3.8774,1.331,0,76881.55324625135,1643371.2970680748,101.53381433179896,36205.26696524664,40676.28628,1644151.0806008673,101.53518792357004,0.015511752,0.3315693700631016,-5727744.648,-0.147999518,0.008208573,21.37536545085603,0.003239535,0.9633215748187718
geo-07b3b5d6-3ba8-4329-ad7c-0453f3c7d103,8.6161,25.7745,1.3288,243.9108,8.6665,-5.3639,-3.4367,3.0083,0,400761.30324455607,3375209.996377394,199.26350208499275,365296.7534103949,35464.54983416059,3390380.184911492,194.8437854842557,0.081631571,0.6875007410843191,-9159549.011,-0.217160916,0.007225277,8.421995759200714,0.017461668445888732,2.1545613200724967
geo-07fabde4-bf9c-4daa-8a83-bb8d539e14cd,9.8737,25.7226,1.3732,242.5724,8.7605,-3.051,-3.2566,2.0942,0,511157.6375643826,3677436.834231845,-19.86321401,475880.2801140165,35277.35745036634,3692995.248721581,-19.47466532,0.1029078960425009,0.7403533853924449,-10358548.35,-0.254312039,0.007103585,7.1943302104503175,0.017670479435264078,3.530773750690725
geo-080cc79e-b71f-4d00-a3fc-056c66590bd2,9.3484,34.0746,1.1277,242.4481,8.4287,-6.7883,-5.1075,3.7634,0,260367.98521028165,3098914.734223964,-172.1260126,223835.02618095287,36532.95902932958,3107153.703,-175.5467489,0.05603071,0.6668807359406743,-7247401.732,-0.211802108,0.007861784,11.902057511875675,0.015142904554206891,1.1330366462137254
geo-082813f2-25c4-410f-aa02-ea183bccad83,8.1948,26.5169,1.2504,257.7092,5.2227,-4.3792,-3.3583,2.8151,0,206760.30301395475,2627116.4653715296,23.490388732066062,168478.89405643695,38281.40895751841,2632598.0478734644,23.45738708626368,0.043008535,0.5464706169249884,-7623564.076,-0.186991045,0.007964584,12.706096997711464,0.011599663729997852,0.45729855636172256
geo-087bccbb-cae8-4b0f-baa5-d581f3a3de4e,9.7075,30.8385,1.0676,245.2948,4.4541,-5.7126,-1.6252,2.5689,0,91965.63531975304,2062348.2100861983,-23.58249274,52291.77108,39673.86424432165,2063148.950136241,-25.84116805,0.020125192,0.451311559,-5173231.696,-0.158689154,0.008683737,22.425204837825184,0.006678757,1.1948952808236135
geo-0881699d-0e9a-49c1-a7de-9b8e551f05cf,10.426,29.609,1.295,248.1727,8.1456,-4.3619,-7.1463,1.4379,0,241412.84057685468,2921122.5286472933,59.17167230622485,203383.78348923044,38029.05708762424,2925447.0742229098,62.33750784,0.049628255,0.6005074630031731,-8974224.452,-0.243990417,0.007817752,12.100112494709432,0.011009541299237641,1.0880993702591846
geo-091fa750-7165-4c38-94ac-318996494619,10.8094,27.2907,1.0713,254.0754,6.3355,-4.0197,-6.6271,0.0913,0,102221.75417110776,1849049.079863303,431.3591484288067,61950.327954925146,40271.426216183325,1849145.5290461837,431.1789153804469,0.022350676,0.4042925788745008,-4539657.069,-0.148924355,0.008805257,18.08860643076231,0.004813268,0.7051563718753726
geo-095f6503-e6d6-462f-9c6b-716a705cfbe6,9.146,30.4862,1.1273,257.3532,5.7599,-5.9097,-4.8855,2.255,0,103685.89905027092,2130664.350113519,3816.605060752639,63537.94714447082,40147.95191,2131962.165,3824.670178096984,0.022315512,0.4585663662584622,-5270585.076,-0.152400365,0.008640687,20.549219996448002,0.007318521,1.2043549785670382
geo-0961a68f-9c13-418c-9e76-4c0c354ec5d6,10.0541,27.1716,1.2513,252.9157,3.0704,-5.7846,-7.0637,1.7954,0,92181.09288606732,54346.51478680676,14.201812939318344,52137.22758692337,40043.8653,55982.94828184656,14.145300362066912,0.019174038,0.011304294,1425291.2791767947,0.039328586,0.008329241,0.5895624914534355,4.0457009578062145e-06,2.755223536526344
geo-09782faf-847e-46ea-9332-f57312fae5e5,10.0084,30.6102,1.1347,241.8241,5.7738,-3.5725,-5.7842,3.1777,0,248688.98416709976,2991196.7143451604,-64.28601938,211469.11181865897,37219.87234843994,2998432.7313309307,-67.11168226,0.053401723,0.6423085370450148,-7055405.111,-0.208801654,0.007993947,12.027861726015642,0.013121179046952541,0.9702463637250675
geo-09ad9233-952f-4764-ac19-b1839da55609,10.0161,35.7183,1.1168,246.9455,4.9144,-6.8179,-6.4471,1.1045,0,62734.39396769702,284629.93914965563,62.94540769874344,22492.08352889504,40242.31043880178,284969.6356634084,62.78373764373911,0.013541629,0.061439234,712564.0671344602,0.021734904,0.00868652,4.537063660744398,0.000119962,2.3449677794667583
geo-09eac1c0-31ee-478e-82b4-41fce6fc14f4,8.2999,32.6648,1.1433,247.0854,5.8129,-6.6744,-3.8248,3.9401,0,147587.6120391387,2543186.839634669,-11.35233316,109277.36320182325,38310.24883731582,2545111.0499037234,-13.00884294,0.03162254,0.5449104261281937,-6553507.185,-0.178333096,0.008208419,17.231709386017105,0.011387476734219533,1.1819857749706886
geo-0a48726a-17f3-4e4c-b4ff-768a03d94907,8.5684,35.9168,1.1234,248.0027,6.3238,-4.3409,-5.8485,0.2633,0,76946.35244027189,1595622.7991896542,56.079641553394026,36691.67493640941,40254.67750386301,1596175.8207825555,56.76744716290267,0.016578661,0.3437887489234794,-5719273.189,-0.160543262,0.008673123,20.73682180618284,0.004390699,1.0238218865304385
geo-0a519698-c33b-4003-9d69-562286f5e563,9.6307,36.2655,1.3021,257.4315,8.7225,-3.8689,-6.5335,0.3415,0,188887.65455544577,3087033.160772074,377.2486907584505,149008.15030184947,39879.50425359494,3088346.292442456,374.1213499795185,0.038756874,0.6334122487045754,-12467604.41,-0.324047532,0.008182625,16.343223531667785,0.013260661446701145,2.471649317724419
geo-0a6ed19c-1c31-4638-a99c-e9a92e61bc14,8.1933,27.8901,1.385,254.2514,5.092,-5.2991,-4.3029,3.2795,0,173862.6857745955,2480755.9905480263,-127.878772,135661.37404601014,38201.31173,2484917.3930678824,-126.4773515,0.034902009,0.4979985666573134,-7774998.514,-0.175175211,0.00766867,14.268478480564854,0.009634905,0.399279003
geo-0a8640df-26f5-4ced-956b-5f62e7c5f181,9.752,27.2432,1.2411,251.1644,8.1518,-5.4617,-2.1119,0.5732,0,198096.9532275628,2636776.1774559543,323.7511448593874,159702.1711783868,38394.78204917573,2638411.026,322.03580059751846,0.041318954,0.5499773266333526,-9074980.718,-0.248528017,0.00800832,13.310533728537305,0.009872929,1.3478549164833713
geo-0ac3da78-6bcf-4551-9216-b51ea7bf4686,8.0455,28.0127,1.2565,252.5512,7.8263,-5.1359,-4.7027,0.7288,0,163273.3414768782,2469333.467,-867.8710563,124748.24401903244,38525.09745784646,2471070.394236997,-867.2637477,0.033906788,0.5128036596594336,-8708822.018,-0.210682043,0.008002078,15.123923139568024,0.010403975,0.6929536827254346
geo-0adc010e-a47d-4b95-9f8c-31d2d6240bd0,8.1073,27.1407,1.2681,257.9533,6.1294,-5.1685,-5.7203,3.2798,0,215872.7968987584,2661837.7629618896,-72.36277043,177989.77782173693,37883.01907702093,2668095.881625685,-72.50222739,0.044699299,0.5511684864442625,-7172970.052,-0.175492926,0.007844136,12.330584497917366,0.011927314,0.6703953393677067
geo-0b15197f-fdee-4e59-a14a-c788967446f2,8.0609,33.6653,1.3131,256.0397,3.5864,-5.3774,-6.1899,2.5011,0,70300.41028753873,1135803.0142353778,247.16454129895584,29434.256193450277,40866.15409408799,1136344.044266933,247.3036859,0.014382365,0.2323675349854514,-3146567.873,-0.074205201,0.008360532,16.156420845764522,0.002132149,1.2182280101586955
geo-0b2c0624-fb08-44a8-a132-c7824291ce4a,8.883,25.2605,1.3521,249.9486,8.6648,-6.5031,-7.1726,0.7948,0,153945.82969581345,2063648.1039995945,63.25530495275871,115833.85440565029,38111.97529016243,2065271.122063934,66.89728818148957,0.031165049,0.4177683434850325,-6754673.874,-0.159792876,0.007717009,13.40502765211133,0.006254052,0.2817161457266834
geo-0b3a1d38-65f0-449a-b712-b6b11f24b233,8.2764,27.51,1.3162,249.9996,7.7956,-6.6402,-4.1346,2.2061,0,191470.76366896747,2554567.579,22.50996748674251,153925.0590459779,37545.70462299056,2559008.4111626525,22.91509576315721,0.039139646,0.5221939370725838,-8208514.968,-0.195694891,0.007674894,13.341815378603961,0.010487508010535421,0.3510515511749889
geo-0b67bc41-7711-42b0-8786-2273cf3d80fa,9.2675,35.0121,1.0379,244.5979,8.3092,-6.2069,-2.5126,2.4813,0,215328.5917888201,3025423.532,-810.2930964,178261.95713607725,37066.63465274389,3030562.573393412,-804.7638984,0.047532737,0.6678475028694356,-6897335.986,-0.214911151,0.008182236,14.050263865676534,0.015319413738218764,1.2971826640820572
geo-0b8729ad-ac51-4fe9-9777-1e3d4ca6cb71,9.408,34.3567,1.354,256.8458,7.2661,-4.9122,-4.8378,1.0627,0,132450.55530250628,2678556.878054152,-214.510084,92010.84861207393,40439.70669043224,2680331.8382065734,-220.1010671,0.026805656,0.5420926539654205,-10957111.3,-0.27072962,0.00818424,20.223070201076577,0.009942598,1.8727670495334836
geo-0b918978-95d1-4a93-af9c-22c5b5c6e69f,10.3688,33.1146,1.3029,246.4533,8.0782,-6.3203,-6.1417,0.2618,0,91497.26196480004,1977734.2411939355,-1928.657344,50818.11275582128,40679.14920897803,1978433.2534277104,-1930.820781,0.018765952,0.4056303459501603,-6903929.326,-0.18308848,0.008344917,21.61522868252381,0.00505106,1.0282920412552423
geo-0bba2eea-b92d-438d-8e98-33b1b1393b21,8.9402,33.2043,1.0936,243.1544,6.651,-5.1183,-5.3753,1.9336,0,126069.1512498112,2535841.944,-225.206298,87182.98740046065,38886.16384935096,2537740.951883722,-225.0422211,0.027391218,0.5509658674290773,-6485963.864,-0.190243195,0.008448806,20.114690383418615,0.010808172880742567,1.3788148963191786
geo-0bc6abb1-30b3-4dda-b331-20e8aaa91b6e,10.9192,25.2923,1.2289,245.7049,4.4968,-6.7431,-6.2939,0.7048,0,113825.6817,-248415.0151,-127.6276115,74675.96833374265,39149.713372662525,-247477.058,-127.3161173,0.023820517,-0.051986284,1685372.278,0.049292875,0.008192892,-2.182416229,7.878378695817019e-05,3.335035976
geo-0bd229bf-ee18-4b8b-9052-92c7ff1aa896,10.7349,28.1019,1.2852,240.5479,5.627,-6.3309,-5.6586,1.7913,0,90173.83149732488,1775896.369423019,201.25896713580565,50149.56124408385,40024.27025323999,1777015.149722452,201.81596913453615,0.018586104,0.3660373903835921,-4313594.731,-0.119883823,0.008249525,19.694143410948662,0.003972858,1.0400945154573327
geo-0bd4ee2c-778a-4a6a-9d85-da01419b43a1,9.7865,26.3708,1.3886,241.5845,7.5633,-6.5061,-2.848,0.309,0,118524.27784273024,1989408.521,12149.694195140995,79530.71733007177,38993.56051,1990070.1040477508,12177.02056095516,0.023765857,0.3989055948886852,-7714304.403,-0.186403497,0.00782036,16.784818745733315,0.005175627,0.9969685242041929
geo-0bfebd7a-e37a-4dd2-b7c5-fce6bfde43e1,10.1965,31.4502,1.0774,246.6869,5.7363,-3.1879,-5.3614,1.5115,0,155332.76380527197,2736040.840696452,512.1263155201506,116265.89805586229,39066.86574940995,2738340.8205380826,514.1035359745468,0.033897517,0.5970729394737114,-7084846.186,-0.221077134,0.008527094,17.614061410291974,0.011128939483243993,1.1581933914619755
geo-0c13a71c-c53f-4dcb-9e86-a977bb5441af,10.5482,30.5804,1.0189,252.4361,6.1441,-4.3687,-5.7331,2.1522,0,158526.57928754677,2611427.294,552.1950304133502,119515.71585713082,39010.863430415615,2614079.8232608484,556.7688728088648,0.035185865,0.5796209549505776,-4453182.884,-0.150190206,0.008658635,16.47311955782405,0.010138178367215363,2.0214115249351696
geo-0c1dbde7-fa0f-4edb-8089-1ad89a9c570f,7.7996,27.9264,1.1609,248.4578,3.4795,-4.8889,-6.0877,1.3251,0,64876.09126560769,559343.1059649925,-32.35118559,25360.22116146872,39515.87010413904,559832.4353042182,-35.46954309,0.013832706,0.1192616366151731,-1791976.442,-0.046641797,0.008425423,8.621714025,0.000580469,1.7397154263127024
geo-0c38a8fa-3f0a-4962-a06d-ecb02862e7a5,9.1951,25.4082,1.3481,248.49,6.4909,-3.2566,-1.7307,0.7618,0,244091.38173835728,2787120.093,250.41030090544365,206285.85934586503,37805.52239249279,2789933.076363252,250.39569417662304,0.049466361,0.5648240705400519,-9815633.608,-0.236956911,0.007663028,11.418346986474821,0.011043838911103158,1.225639678814309
geo-0c3a969b-605d-452b-8366-fd3b2cd7da48,8.6441,35.5383,1.331,244.5062,8.5161,-4.7326,-3.5431,0.6635,0,190624.6171404771,3094706.918650712,952.8016513559828,152042.07311378387,38582.54402669258,3096836.4629391357,950.8310101,0.03880595,0.6299975429162014,-13380259.05,-0.317219693,0.007855935,16.234560704036134,0.014615310832191579,2.339203449051969
geo-0c3d527e-a6e5-4800-b63d-7ff9c3f88b09,9.3913,34.5873,1.1581,241.264,4.0658,-4.8865,-4.6735,0.8687,0,58884.791769455405,712644.0788279254,-49.89332975,18869.793681597155,40014.99808785849,712895.4651661521,-49.63011306,0.012562409,0.1520346090493363,-2558584.533,-0.072054187,0.008538474,12.102345230633796,0.000783446,1.5557806334146032
geo-0c50a056-2806-4383-a51c-359d57f43644,10.9627,31.7498,1.3896,251.7321,5.8907,-4.8371,-7.2202,2.0265,0,128081.05901394058,2342720.689788875,-561.1316648,88006.44004379821,40074.61897014204,2344574.044615376,-561.7232951,0.025680755,0.4697246932953473,-7426743.716,-0.192891217,0.008035076,18.29092223178675,0.006406479,0.7933108099140801
geo-0c62b638-fa20-4cc1-8007-742cd2184859,7.5542,28.7296,1.393,241.7273,4.4476,-4.0478,-4.6113,1.5687,0,102701.68732679536,1961617.9221704127,-65.90021489,63287.21172982013,39414.47559697555,1963193.9710666144,-66.96272758,0.020569592,0.3928823539276109,-7285644.225,-0.154164177,0.007895716,19.100152813736923,0.006504092,0.7367237878979902
geo-0c670b54-04cf-4e3f-b61c-1e6d88b98f57,9.7122,34.026,1.3988,241.0373,6.0018,-4.3338,-6.5826,0.2997,0,79012.97865373245,1654139.888652156,-28.81004371,38347.22882949492,40665.74982423764,1654715.4556187876,-29.89230361,0.01580123,0.3307993798272923,-6621500.886,-0.158184141,0.008134089,20.93504025333988,0.003586426,1.0808702112595607
geo-0c81a84e-1970-4978-9ae6-bdbee68c8a53,10.2365,30.1203,1.3131,256.6772,3.5658,-4.0747,-7.2334,1.757,0,75211.56411733113,1295629.9005760902,120.4548146,33805.19681182346,41406.36730550687,1296306.583122267,122.75184760171264,0.01538711,0.2650656165523445,-3166915.652,-0.084162333,0.008471051,17.226471963206418,0.002184769,1.1354738741309802
geo-0c8beb10-91fc-4860-aeb2-7d65e8d6be44,9.1378,28.6979,1.3745,250.7714,4.6072,-6.1251,-3.3397,2.8613,0,109455.5057374488,2186136.219389968,13.63296163699745,69136.23311,40319.27262313572,2187523.673853941,12.609450653687771,0.022028435,0.4399701975259691,-6765209.951,-0.15962797,0.008116082,19.97283009804796,0.006743029,0.9232898144964805
geo-0c9d756f-771b-45c6-97f6-ad1e830ba009,9.5222,29.3878,1.0304,254.6986,3.6387,-4.1862,-4.5529,0.9474,0,63723.851901222086,870188.0900672503,48.96174019826217,23234.712802618677,40489.13909860411,870505.3535457818,48.99642681452488,0.014094158,0.1924643273064863,-2427143.353,-0.075858964,0.008957016,13.65561032650875,0.001238264,1.3119936669647334
geo-0ca9cfcf-95b7-4b8c-b007-337e5f8b0f68,8.4409,27.612,1.2768,251.0879,3.395,-5.413,-7.4163,0.9522,0,101731.2027545045,-189757.0249,133.83112416069744,62514.903143677846,39216.29961082599,-188772.0361,135.39640138694145,0.021015554,-0.039199861,1014190.086476132,0.025152772,0.008101231,-1.865278496,5.7946930548094706e-05,3.1235824415718563
geo-0cc14cd5-35f4-4053-9dfd-2c4a04a983c1,7.9161,32.3554,1.1131,242.9836,5.3942,-5.5643,-6.7753,3.8778,0,141019.76708898408,2409377.758411743,-46.18229552,103006.86303949154,38012.90404949247,2411199.6012574714,-46.87758311,0.030471685,0.5206206272982448,-5106583.787,-0.138865577,0.008213821,17.085390283558095,0.010898873145487464,1.7464482482255008
geo-0d333b64-917d-4c1c-bfcc-91372923dba3,9.2865,35.3319,1.1475,254.49,3.2196,-3.752,-4.2261,3.8701,0,121088.8401230194,2595209.7514626244,54.48436470666027,80995.29705767012,40093.54306534859,2595389.001677473,55.21426945100282,0.025914514,0.5554070858835003,-6982366.613,-0.200337565,0.00858047,21.43227855536533,0.010573552,1.4242540354460964
geo-0d8ed842-faf3-430e-898f-8e7bb3bf3b43,9.3292,26.3333,1.0936,240.1075,5.7972,-5.9088,-3.6729,3.3792,0,191221.25085826937,2487846.3548044018,115.49490789543256,153809.13719035356,37412.113667915706,2492678.976628222,112.24813957996288,0.041546904,0.5405377996808346,-4908304.277,-0.147066801,0.008128539,13.01030269197625,0.009969144,1.2806478370260332
geo-0ddabaee-de4c-451c-8007-4696fd8dd9e3,8.1238,32.9546,1.3885,248.5962,6.5998,-6.6089,-6.6287,1.4231,0,81993.21522075172,1581078.658999792,0.759232709,41496.86542,40496.34979653756,1582190.7439741918,1.2979648539764668,0.016444678,0.3171034195760654,-5432683.025,-0.121563972,0.008121964,19.283042563254046,0.003939969,0.8724053372896411
geo-0dee45a3-d592-4884-922a-0831d7d6ff20,9.0162,35.7074,1.0989,256.7821,8.2429,-5.7875,-3.4945,2.404,0,221380.72124636217,3166883.0071627595,602.6448209365353,183146.2599856408,38234.46126072202,3172260.703130933,604.2485457,0.04801783,0.6869019558327741,-8739756.214,-0.252280171,0.00829479,14.305143597569694,0.016657740661521193,1.187307563217717
geo-0df4a923-f424-4e87-bf87-f00f917b96e1,8.6759,33.3752,1.2485,247.3898,6.9087,-3.7432,-2.697,1.236,0,208139.1765041343,3061152.2582932026,-70.05014233,169742.7374612586,38396.439042875645,3064589.4095620275,-69.55506038,0.043317623,0.6370825573695938,-11519348.38,-0.291140429,0.007992625,14.707237290488653,0.014891108196488693,1.7489135905460556
geo-0dfda8a5-9fb8-4c8b-b614-7ef7304b5c4b,7.6603,25.2965,1.1508,241.4307,3.8312,-3.0056,-2.8766,2.5245,0,181312.29355912085,2443088.261404792,-42.06942883,143779.25131007007,37533.04224905167,2447321.9025139622,-41.20312835,0.038759448,0.5222632824153505,-6497778.609,-0.166186616,0.008025125,13.474476625095297,0.011334003,0.6939923213236419
geo-0e2ad3af-d8b8-4ae0-a835-044892e414f3,8.1287,26.2414,1.3324,252.7945,5.8643,-6.5949,-6.9357,3.1515,0,139942.71446531574,1952010.1632520657,114.22349612590546,101911.27979431328,38031.434671001625,1955008.3145819237,112.74378075182386,0.028477947,0.3972285498795852,-5177887.999,-0.118916755,0.007740852,13.948637274260335,0.006178883,0.8154162437836127
geo-0e3fbc49-acae-41ad-b183-d5d39659eaff,9.9749,33.2759,1.1801,247.7222,8.4848,-5.3252,-7.0585,3.2192,0,301218.28545818065,3192111.8374099825,268.45897833048696,264304.6768231801,36913.60863499936,3202119.128,258.9377268150808,0.063871649,0.6768694220332081,-7961052.29,-0.227226278,0.007828904,10.597337517390425,0.014620134462211809,1.2355681123375437
geo-0e49ecfc-f5c1-4cb7-a15d-d51c8f2f4a16,7.6433,25.8402,1.233,257.4471,8.6072,-4.5574,-6.0793,1.878,0,296362.5289626696,2964432.281568705,288.3204236290288,259380.0950633775,36982.43389929171,2971871.144249659,287.3778371103572,0.0619384,0.6195526614778609,-8418028.469,-0.202050827,0.007730719,10.00272298912026,0.015985479770093364,1.1630403839694354
geo-0e4cf6fa-dd2e-457f-a8cf-cb8bf4e73bae,9.9439,34.4269,1.1918,241.1879,5.9005,-4.8108,-5.8065,1.8541,0,103237.79129326977,2271540.1560903667,153.91850141392123,63665.00178834962,39572.78950491982,2272829.8217133367,150.89650768795497,0.021820587,0.4801181820766101,-6792150.017,-0.19184944,0.008365889,22.002990645523994,0.007378867,1.0866454551948437
geo-0e5944ad-9894-4cfe-bb10-efe5665d5c5a,8.3157,37.2009,1.0026,241.2467,5.3394,-4.2612,-7.3963,3.5986,0,136649.91924391346,2650069.6423433265,-107.8621506,98267.57848333265,38382.34076058119,2651597.2707595536,-108.9085834,0.030467264,0.5908556192646758,-3608925.279,-0.107662311,0.008559398,19.393129955774704,0.013363310347144277,3.4228327582524294
geo-0f15e2a7-dbc3-470f-8a30-d34742d770f0,7.9113,30.2133,1.3138,250.2706,7.7697,-5.7313,-5.1997,2.5587,0,225149.2680902157,2872527.868851376,270.0967251,187916.63672814172,37232.63136207387,2878562.299446015,269.4602409,0.046053443,0.587564867,-9424999.608,-0.220080917,0.007615756,12.758326479215455,0.013890373,0.659319021
geo-0f51f403-0369-4b33-be9a-5e9c5397eceb,10.2413,35.0936,1.0099,253.1802,6.9442,-3.2174,-6.0491,3.7582,0,347820.0127471314,3171050.064,-497.8490234,311424.9316712303,36395.08107590039,3184826.4887076127,-498.9850274,0.077385625,0.7055191784067699,-3107118.092,-0.102295942,0.008099088,9.116928146651764,0.015470796973364264,3.6086145396885536
geo-0f64aef1-ad51-432a-8e0e-e2be57e74e3c,8.4928,35.6136,1.3789,250.9203,6.9376,-6.576,-1.7101,3.1427,0,189698.4863432205,3110012.284574816,-16.33740875,151268.0021891864,38430.48415403516,3114352.3746879497,-16.24041032,0.038133794,0.6251845787292883,-12537516.19,-0.2842621,0.007726978,16.394502373349837,0.014649262,1.6702124260553728
geo-0f9318f3-a22c-4c40-ae35-a8fa592c43aa,8.7143,26.3913,1.1943,255.2215,6.1197,-3.864,-4.9016,3.4638,0,316251.1873530537,3078107.008297975,193.67396485048243,278942.708,37308.47939725221,3089735.796129711,190.7663469423602,0.066797704,0.6501492809624387,-7222422.546,-0.190611827,0.007881785,9.733108147548775,0.015439875,1.4764228847759109
geo-0fa9515a-62cc-43d3-a995-c7a570919a68,7.8595,31.906,1.1687,253.5204,6.785,-6.0763,-3.4868,3.9387,0,245045.6926894047,3003705.336910617,-135.0084469,207679.6524270464,37366.04026235827,3011373.991452319,-138.945004,0.05213524,0.6390599926828785,-8042203.463,-0.208883325,0.007949853,12.257735706123226,0.016540112883460144,0.9485361962129232
geo-0fb4bf2e-fb53-4241-ad90-cd20ce6d555e,8.5771,36.3643,1.1346,248.3972,6.482,-4.2799,-7.292,3.1713,0,191067.68977348224,3057903.452548004,-225.6157691,152777.75715155885,38289.93262,3062202.638919476,-231.069256,0.041038178,0.6567870579847452,-7779234.275,-0.216623127,0.008224001,16.004293850903075,0.016008802,1.4508633101201323
geo-0fc9af4b-8341-497b-b25e-8a3fcc9a3572,8.1745,35.749,1.3392,254.7154,7.8031,-3.0042,-5.9318,0.1818,0,172956.52260032322,2964006.1387971337,259.1853223686959,133256.98296170766,39699.53963861633,2965019.656,261.5011340378256,0.035132934,0.6020832825463639,-13351636.34,-0.305936894,0.008065859,17.137290309926705,0.014115688522649548,2.248439870462291
geo-102e64b4-eafc-4904-9df2-dff352568c33,8.9795,27.0065,1.1717,241.1516,3.8062,-5.8557,-2.5646,1.7763,0,67580.28824533336,1063830.9153476476,-7.031979971,28047.68395191098,39532.60429342233,1064414.257,-6.63295908,0.014363295,0.2261031672877079,-3326543.498,-0.090661978,0.008403828,15.741733913381315,0.001812221,1.1504779782228773
geo-103440a4-d6c6-4bca-9ace-490ca912540a,8.5632,26.4537,1.314,243.9069,5.7267,-5.7305,-5.0173,1.1244,0,88872.39361920151,1642978.1204646174,-5.136424269,49116.65811335104,39755.73550584984,1644081.6041677296,-6.333874265,0.01817755,0.3360471735516699,-5384407.269,-0.130787976,0.008131412,18.486934508644275,0.00419773,0.784139394
geo-103ca46d-e501-4ebf-9468-900dd67352f9,10.4303,30.8312,1.3229,240.9112,4.5015,-3.5422,-5.2832,3.9408,0,243408.69475867867,3032994.9944021646,228.0450533673645,205859.4003482655,37549.29441,3040237.6195692355,226.60426064442413,0.049657837,0.6187616771412184,-8980846.406,-0.235309927,0.007661983,12.460503916711584,0.011684231235253192,0.8628576722143892
geo-1042b5f4-ddc4-4c0e-86e7-7caceb9db220,8.799,26.2053,1.0888,253.9043,5.8868,-5.6571,-5.1517,3.9402,0,225168.32221410875,2630626.472933198,-71.98407764,187280.27474449683,37888.04746961233,2637458.716117964,-73.27348508,0.048989065,0.5723359808683528,-4484106.922,-0.13096107,0.008243123,11.682933225535072,0.011850015228269848,1.853934999586537
geo-106264c8-bbf7-4b9e-95bb-e1b7d0d4d725,8.7908,31.6016,1.3606,246.8388,8.2792,-6.5703,-2.8749,3.1314,0,287096.6656499056,3182163.4801184423,116.68275107578096,250551.51343286317,36545.15221704247,3191636.244,120.44315424984153,0.058002557,0.6428971192692944,-10716168.48,-0.254684346,0.007383231,11.083944402192673,0.014965963693122489,1.3464596911483402
geo-109a95ac-44c0-4479-b37a-8030f8a0e745,10.7878,28.4626,1.3885,248.8643,7.6485,-6.7545,-5.1825,1.4715,0,141711.63973909055,2231511.7400320573,122.45800531128384,102677.2308722829,39034.40886680677,2233535.984733379,125.4364187988665,0.028416004,0.4474625114790148,-7596941.881,-0.192744133,0.007828756,15.74684862965793,0.005907865,0.7311018640491596
geo-10c46ede-74e4-4963-a06a-988b2ad4e9ca,8.9395,25.429,1.335,243.2445,7.6475,-6.6049,-5.2251,3.8873,0,297574.7899780991,2970839.683554352,-49.50883942,261442.65348047487,36132.13649762431,2982252.2300884877,-47.71909304,0.060526524,0.6042669153918624,-7303163.623,-0.178416953,0.007349215,9.983505940718306,0.013001532074468303,1.2279466737976041
geo-10dd08a9-b771-4425-8623-c1ed9af62757,7.681,25.7457,1.3189,253.7924,4.9197,-5.1852,-4.0126,3.9821,0,218232.1742984868,2614926.561702462,14.56865902752982,180913.8650663924,37318.309232093794,2621755.158954957,16.509208646532926,0.044568875,0.5340382770370847,-7088341.44,-0.159857175,0.00762294,11.982314569830143,0.011818902075191042,0.8192581239466861
geo-10fa8528-4c1a-47cb-a6b3-323c506b32bb,10.3749,29.3108,1.2034,253.2802,5.3787,-4.7001,-2.3787,2.0773,0,155179.2130876004,2591089.2631036253,440.56874858502994,115786.68680748026,39392.52628012011,2593771.9736491325,441.9814160143685,0.032694794,0.5459180312610274,-8285198.771,-0.236944449,0.008301309,16.697399165447045,0.009143681,1.1065131606558272
geo-111d36de-064b-4b7e-9d63-c565699bd852,10.3975,25.542,1.1359,248.9217,4.5846,-4.9518,-7.432,0.8364,0,74643.09416,772589.6327017836,176.24668809278396,34605.35795272591,40037.736202522814,773112.3438781991,177.41306553558542,0.016022963,0.165844882,-1265051.943,-0.038124639,0.008596277,10.350450251900051,0.000842026,1.5991451470205622
geo-11612203-81d4-4a87-9555-8ffc5f2b3866,7.7014,28.6621,1.3928,250.3067,7.4602,-6.4258,-2.4113,2.1007,0,192690.54511835627,2642116.934777328,410.4797309079714,155116.35067510724,37574.19444,2646582.7939896253,409.3577618905165,0.038603004,0.529313209,-9694953.761,-0.210548186,0.007527454,13.71171031331332,0.011579929383989338,0.5844369160561201
geo-118ad3fe-7588-4e81-9416-fd1108e194e0,10.8789,30.5288,1.1085,250.6696,5.8111,-5.4341,-4.8377,2.817,0,147853.4999389267,2480387.0858915825,69.18493576342063,108709.39964104032,39144.10029788653,2482761.6168196225,71.98597812933721,0.03198967,0.5366580106856499,-5730133.645,-0.183310633,0.008469196,16.77597816,0.008426755,0.969997097
geo-118d63e8-6c76-40b4-bc52-a443133a8ae5,10.8427,29.8042,1.0741,254.0479,5.7079,-6.8743,-6.0825,2.2229,0,84273.47059412513,1626766.7725375148,42.67014146627367,43698.35802751011,40575.11256661469,1627637.4362428084,41.656955651591154,0.018407832,0.3553342420518579,-2032568.477,-0.065568312,0.008864601,19.303426820669475,0.003706695,2.1111303084665787
geo-11d0cb44-fbcc-42db-a698-b50ce8ff5cdf,10.7953,36.1441,1.1244,246.3043,4.6932,-4.8511,-4.4286,0.6222,0,60906.00458213506,908301.3326864054,-18.57419706,20158.86980946151,40747.134772673424,908562.4235560514,-17.19323807,0.013118974,0.1956454358163695,-3081248.16,-0.09700959,0.008776767,14.913165605232038,0.001128638,1.3844298006551148
geo-1202d536-7431-44ce-9743-91e6074c8062,7.5,31.1624,1.1934,253.1466,5.1439,-3.2077,-2.3186,3.9942,0,341307.8667004037,3298883.079655324,-181.663299,304802.2017398155,36505.66496058792,3312744.8040157347,-183.0597526,0.072107935,0.6969533057855958,-8946127.201,-0.21918614,0.00771409,9.665417652242555,0.020615611846448938,1.6068799975939791
geo-12076a8f-15f0-4c15-b601-8a04e00d36bb,10.6598,28.4221,1.2319,254.7092,7.0648,-4.7247,-4.6164,1.1061,0,171680.27304731973,2552360.359113025,403.4386166783755,132499.46552294036,39180.807524380085,2554488.285163669,397.3006372,0.035898552,0.5337016251115752,-8151634.607,-0.235031275,0.008192711,14.866940236106904,0.008505466,1.0811170859332586
geo-1216b32c-42e6-4bb8-9407-4decd3c6905f,8.1107,25.0886,1.319,250.2293,4.0317,-3.3908,-5.4175,2.7232,0,170266.73864714854,2298965.7554820045,-42.27292453,132230.35592646743,38036.382720680784,2302964.6917199674,-44.68882758,0.034779324,0.4695953904995238,-6584925.757,-0.155081892,0.007769414,13.502142425164193,0.008654449,0.4457189445437829
geo-121b7944-c579-4c2b-b637-a89eadef4553,9.5651,26.1364,1.288,257.9674,5.7976,-6.1297,-6.262,1.4973,0,94189.94895388251,1648160.1601725605,-92.46209043,53428.36871061373,40761.58024326863,1649428.6583564065,-92.19071006,0.019395306,0.3393840944084546,-4468788.569,-0.115108044,0.008395195,17.498259405359104,0.003833042,0.8695603054166424
geo-12648527-1a91-46fd-b138-e24aca24b105,8.7703,34.4574,1.3221,251.3737,8.9136,-3.7446,-6.8562,2.8256,0,406712.2942465832,3522688.015760326,334.0034349330594,370696.9128928952,36015.38135368733,3537244.8117755367,327.4094676292236,0.082991041,0.7188165900757212,-11007565.29,-0.264626816,0.007350546,8.661375782322878,0.018753048,2.422268149818615
geo-12676fcf-2fbb-4cb4-aeb0-bfae17d567f9,10.9608,28.8642,1.3972,245.3096,6.3416,-3.3651,-3.7787,0.6094,0,179757.44866061956,2709592.449931648,-3173.950582,140843.08796229202,38914.36069832754,2711088.0065995194,-3175.969053,0.035963348,0.5420972389089292,-10506813.08,-0.26696636,0.007787011,15.07360318095823,0.008534189,1.7694308835185664
geo-128fcfc0-e890-41f9-b5e9-9ed8ea36fa7e,9.8371,30.1033,1.2616,243.1433,4.6735,-5.0937,-4.5191,3.716,0,167972.85329901674,2605510.634901303,125.00482511601656,129643.1778721062,38329.675426910406,2608660.116562875,122.66717334484989,0.034834747,0.5403391167420848,-7456523.244,-0.198695722,0.007950535,15.511498338741186,0.009447477,0.6614560612756047
geo-12f5ebd8-3981-4e65-bb41-aded3e6a61e1,10.8595,32.6666,1.1415,253.7898,3.6247,-3.4343,-6.0353,3.344,0,130959.10043935978,2575716.0662625087,-403.1867328,90770.17400785454,40188.92643150556,2576901.932050689,-405.7730324,0.028073747,0.5521571366689005,-5892372.937,-0.183658836,0.008615269,19.668095287926757,0.008936463,1.4370136728106124
geo-132735f8-721d-4e33-9434-44d7f3441bcb,7.6374,27.6461,1.2469,257.0422,8.2948,-5.0833,-6.538,3.966,0,389301.0705899095,3354203.1022507157,-15.69733695,353272.7900387798,36028.28055113003,3371333.580594956,-18.64075909,0.08107267,0.6985190163815338,-8126060.72,-0.196078767,0.007502917,8.615961669892364,0.020335790447698836,2.1382150372285333
geo-13323956-81e8-4f7f-b9fb-6f323a66c4cb,9.4558,36.4946,1.2074,245.5949,7.0124,-5.8462,-5.1036,2.0937,0,115925.5711462726,2517403.5147320493,-130.7261326,76326.20809520404,39599.36305106808,2519093.6855116105,-130.0448461,0.024397681,0.5298124204949264,-8252335.83,-0.224625999,0.00833576,21.715687831769525,0.009449223,1.2870201568513477
geo-1334f022-2596-494a-9780-c1d06940b4df,10.9425,27.4866,1.2438,240.183,6.6906,-5.6637,-1.7806,0.3022,0,108889.31320471944,2092838.0435780275,-3614.213988,69390.72072469216,39498.59248,2093416.8522074576,-3623.35375,0.022695453,0.4362035804603903,-7672980.415,-0.222135614,0.008232523,19.219866320979936,0.005534929,1.4996068415689636
geo-134b74a3-7287-4c5d-9b63-9c004c63babb,7.6194,36.8022,1.1165,247.8819,8.2108,-5.6514,-4.4831,0.9809,0,116483.07082340748,2443388.697,-12.42693161,77118.14563561963,39364.92519,2445077.6282073264,-13.80354189,0.02514575,0.5274658476313502,-8422122.468,-0.224112295,0.008497847,20.976341709712184,0.011622994815223043,1.2338249844605416
geo-137f48e9-7a7b-4707-9658-59ee309f1325,8.4709,37.1098,1.2216,253.299,6.083,-3.0737,-3.9097,0.1155,0,96100.03888677878,2112946.547387517,-82.35029114,55534.980439414525,40565.05844736478,2113618.752882256,-82.63888284,0.020146894,0.4429687065960762,-9929198.13,-0.253068564,0.008505979,21.98694789163304,0.007373381,2.1588428071203367
geo-13c2baba-9750-4fce-8f88-3026a20e81bb,8.7971,33.8254,1.1294,248.6164,5.5509,-6.8037,-4.1665,2.4716,0,79269.25289655507,1702305.144510801,130.3036355175501,39139.67030727193,40129.58258928307,1702977.104447924,129.57701430674535,0.017050486,0.3661587440567737,-4219516.983,-0.119467462,0.008631661,21.47497399442214,0.004851203,1.147477117267958
geo-13e72043-025d-4647-a9e9-3ab63928b402,7.9087,35.9064,1.1945,252.0153,6.3665,-6.0993,-7.013,0.9341,0,70379.82820448825,1167997.417998452,6.077764672635567,29993.195841793466,40386.63236269425,1168669.8679346174,7.204025127319412,0.014864617,0.2466876430609709,-3879138.104,-0.097515253,0.008531607,16.595627579607687,0.002449288,1.062622766685348
geo-13f40a51-817e-4b4c-98bf-2e32a7b62ca2,10.8146,28.9408,1.2442,256.5487,5.9785,-6.2036,-4.0767,1.7219,0,102514.60955832136,1974737.909,-1593.957237,62154.58038855549,40360.02916976676,1975913.0692373323,-1601.584658,0.021360053,0.4114584822433391,-5968069.568,-0.168954027,0.008411156,19.262990102345803,0.004983009,0.7664624482535335
geo-14206d6b-d139-4793-a487-79bb8cef0d16,10.9411,34.4488,1.0581,253.8304,5.3525,-4.5125,-5.1595,1.1365,0,76937.95264942995,1698363.3759691615,-43.66639665,36054.3764,40883.57625296814,1699090.430747256,-44.41315327,0.016885771,0.372744198,-4059837.443,-0.135347495,0.008972777,22.074455031417592,0.004042136,0.9927710003486359
geo-14447e74-7725-48b3-bb24-ddfdc12e8aa2,10.6678,32.2416,1.2117,251.0503,6.921,-4.6675,-3.3966,2.4307,0,237945.8190143889,3053512.181986331,19.969565497558108,199926.3786230033,38019.44039138477,3059423.1228961223,23.311821345209083,0.050029537,0.6420192665183376,-9425579.374,-0.276056752,0.007993773,12.832804520938819,0.012299044832475013,1.4947136537613772
geo-14464c6d-4a43-4374-aa04-cc7d17574fd6,9.8622,35.6036,1.0921,254.5255,4.866,-4.3349,-6.8718,0.7156,0,65798.43593145671,1022394.1573174308,127.84683904711054,24837.10326161767,40961.332669839765,1022758.7704797478,124.49291661746592,0.014302178,0.2222311629878151,-2534932.646,-0.078182712,0.008903451,15.538274471789597,0.001593992,1.1951792518861504
geo-144bdd0f-afc0-44df-a0d3-e9c8e17ada4b,8.6381,35.2164,1.3179,249.2603,6.7849,-5.9027,-2.521,2.2335,0,144103.02128301462,2812468.054134285,58.35862460872068,104744.68929599358,39358.33198702061,2815099.8412280004,56.572959183838165,0.029443628,0.5746531976337398,-11203166.1,-0.272514519,0.008041788,19.51706514612688,0.012168682370920942,1.7409578506714718
geo-14e12733-0cd5-46d8-b8e7-12637a2d62a6,7.5333,34.0291,1.0055,247.9427,6.1832,-5.1281,-5.1581,3.3297,0,166299.2873850832,2835524.614260815,-335.2270775,128137.1864115616,38162.10097352171,2838742.637516787,-338.0275489,0.03704669,0.6316731909854687,-5162594.396,-0.146264329,0.008503133,17.050732200041644,0.016859696604283422,2.720939759317572
geo-15075eec-ea78-4bfe-b7e8-db76ae6f0a6b,7.7569,33.3662,1.0865,245.4798,6.9574,-5.8065,-7.1972,3.621,0,179135.29893529674,2716622.8350712084,73.12091345970913,141581.74282807612,37553.55610722142,2720505.680403328,76.36635705594763,0.038999202,0.5914307356376457,-5928109.112,-0.162843763,0.008175669,15.165201114563358,0.014353893356102296,1.694605425078419
geo-152696e0-3bbd-4869-a902-ccb3fc122272,9.0588,27.2867,1.1008,255.0686,3.443,-3.2794,-3.9672,0.8856,0,75202.12500248088,1321717.9455541975,-236.7696197,34805.33546167564,40396.78954080539,1322243.7837065798,-236.4031498,0.0163061,0.28658851,-4329060.968,-0.127118072,0.008759202,17.575539860218107,0.002886005,0.9712167905631527
geo-153dcb30-70be-4cf7-befc-d3b802558652,7.5291,28.9198,1.256,247.5671,7.1974,-3.1201,-4.7878,1.3128,0,254543.1053539515,2980143.796404952,39.13166120422216,217356.2568389412,37186.84851501022,2984831.116450343,39.87589853170573,0.052878769,0.6190948845875468,-9833455.531,-0.233974395,0.007725153,11.707815822632307,0.016203972,0.9330009401219124
geo-1557bdb5-d4cb-44c2-ab44-92abd083332b,8.1948,30.2115,1.0397,257.818,7.7242,-4.1665,-7.2312,2.8102,0,282817.92708546657,3021553.7080083303,-264.48283,245302.0051903199,37515.9219,3030164.4127280507,-263.2169477,0.06239844,0.6666488197576028,-5282295.936,-0.154558377,0.008277137,10.683741795106325,0.017262591663500953,2.138681195545258
geo-155dbe14-aecc-4add-81b9-8c6936c2caea,8.3365,33.6596,1.2406,255.7265,3.6549,-5.5173,-4.0914,1.3511,0,59774.30933060224,586565.2079099433,9.562297449029984,19034.13753312716,40740.17179747622,586893.1624842564,7.810934316176983,0.012466801,0.1223366962936898,-2390764.362,-0.059585516,0.00849867,9.812998501843643,0.000571452,1.728030802930658
geo-155f09fa-eeb7-4854-8f53-d195855604b7,8.3972,35.1403,1.2676,240.9255,5.5104,-3.1662,-6.4044,2.7547,0,189736.9853204084,3072887.915844403,198.84992905736027,151690.74119320844,38046.24412719916,3077168.6849223184,194.11528141105043,0.039292826,0.6363674920375045,-10178836.92,-0.253543106,0.007878994,16.195513545528556,0.015350820824219333,1.207547656525983
geo-156d0874-9e82-4245-9f6e-1c007d055040,10.0976,34.0683,1.3257,255.9512,7.2583,-4.2311,-2.2704,1.8961,0,262355.4686010571,3274023.464494996,-472.8908625,224059.0526600898,38296.41594096621,3280091.6892940453,-477.0018019,0.053494517,0.6675763427207919,-11777012.26,-0.307922417,0.007808633,12.479341413971202,0.014048625657507396,2.1042838632071272
geo-15712569-0862-44c9-8a62-7b8e8f2de0d5,9.8472,26.0526,1.3226,241.0696,8.4043,-4.1965,-4.4604,0.4656,0,251564.8775329053,2830113.8670586897,234.75139349108335,214228.9256812473,37335.95185165702,2831970.9551317086,234.99261185070375,0.051336501,0.5775374667525772,-9249160.253,-0.239367986,0.007619057,11.250035755442545,0.010781959490973301,1.2489337282333117
geo-15dea20b-bddd-45e1-8edd-ac3bae0e8cbf,8.4912,31.0979,1.1693,253.8582,5.3084,-3.361,-7.4222,0.7661,0,90329.63106,1848985.648367813,139.12066964201443,49965.71801064341,40363.91305,1849911.3616318065,135.31664710453066,0.019215092,0.3933197561535905,-5790231.058,-0.156247693,0.008586243,20.469314737260664,0.00579926,0.822693796
geo-15e26fcf-d4da-4760-9032-12cdb1113bec,10.7278,26.6842,1.0333,242.862,6.7706,-3.9417,-6.8537,3.4505,0,326455.41092027404,3061298.220280989,-58.58586905,289787.3371,36668.07382268805,3073156.1333539374,-59.22386142,0.072143771,0.6765199511676957,-3708895.07,-0.122767445,0.008104958,9.377385449520428,0.013580028,2.9013544431827625
geo-160ecec7-7018-4981-9248-e4948b30b3aa,7.5109,34.8612,1.2172,254.2209,3.9182,-5.8655,-5.9834,1.6727,0,60921.21727147261,548565.1220566505,20.835699968613945,20647.25783623022,40273.95943524144,549001.7584462728,20.662300189671186,0.01278982,0.1151659350506631,-1582853.372,-0.038737262,0.008455083,9.004500347,0.00056209,1.7461055143713151
geo-1687d318-40d3-4bdf-acda-6ec7ab435100,9.2695,25.5108,1.3441,249.4595,8.6546,-3.8667,-6.4081,1.9002,0,367157.1137648997,3256032.966441346,164.9256723945117,330529.37306531554,36627.74069958442,3265696.9646133245,168.36750228774048,0.074500217,0.6606849084977064,-9076750.814,-0.22426766,0.007432132,8.868227917616391,0.014989342800946236,1.848209094441688
geo-1693b6dd-697c-44ab-90b5-462a58eec5b8,9.4674,28.7266,1.001,253.806,8.2151,-5.7374,-7.0089,3.4837,0,293448.8194867141,2983541.299083798,198.1504474739116,256200.11807416368,37248.70141255078,2993607.6252513668,201.9147829609813,0.065457286,0.6655147433888223,-3280039.423,-0.104534513,0.008310448,10.167160680020695,0.014891373711568456,3.2367067750670855
geo-169f8171-a020-46b0-851c-65f6bdadba1e,8.2406,34.3082,1.066,247.4878,7.2294,-6.4959,-7.4456,0.99,0,76087.52250499147,1435715.285604749,-158.4365758,36200.61959165725,39886.90291,1436570.0929302925,-158.9079214,0.016661561,0.314391336,-3151976.907,-0.090648089,0.008734344,18.869260534939468,0.003817969,1.2452883527467458
geo-16ba9b2f-a2b9-4c52-bb95-385e85859bf4,8.3721,32.3582,1.0961,249.663,3.114,-6.6146,-4.2864,3.6179,0,67148.09410362532,1140215.2043809104,-14.07999604,26952.10892378641,40195.98517983937,1140033.428446545,-13.41292453,0.014579062,0.2475612720381299,-1526603.545,-0.0432491,0.008727227,16.980604134814005,0.002330135,1.7846788135104532
geo-16d15d5f-796e-49a5-8e4d-058bb91164cb,10.8294,28.3262,1.0794,252.8791,7.3965,-3.5305,-5.2511,3.0479,0,385050.6032329975,3295749.9683381137,217.7281647182037,348221.9737220067,36828.62951099123,3309689.814891811,220.6042798080952,0.083997456,0.7189564494903528,-5542197.824,-0.180861051,0.008033996,8.559264524366503,0.015193257550474463,2.426516948162926
geo-16e0ec0f-8cac-44e7-8f04-7503bd29531e,7.8703,29.7403,1.2651,253.0346,6.3273,-4.1608,-1.5296,0.1129,0,128925.09811508124,2265838.9716614527,-759.9958807,89171.50031221916,39753.59780286186,2266488.409968369,-763.5768234,0.026717216,0.4695510101392331,-9768775.653,-0.23601614,0.008238116,17.57484776,0.008917116,1.5504052233226202
geo-16f7115c-c1e6-4414-8973-c8990cc025bf,8.3484,26.2517,1.0064,242.0759,7.7777,-4.3809,-4.1145,1.4975,0,246850.38054551787,2748942.788612144,151.53018285391084,210009.8968227793,36840.48372273907,2753575.1319081234,151.4392740903368,0.054976817,0.6122256095177545,-5135407.467,-0.153058273,0.008206516,11.136068668548198,0.014291238348706947,1.6777257905716616
geo-16ff507e-63dc-4b15-908b-09f49cfd680d,10.3867,33.5387,1.2232,248.2712,5.496,-6.452,-4.5828,1.3903,0,67738.8559,1225586.5438563633,162.6242928784322,26828.17320801799,40910.68268885365,1226189.5319038937,163.27388941945864,0.014197862,0.2568792745754065,-3493557.327,-0.100086258,0.008574712,18.092814347532578,0.002022231,1.0423222142927655
geo-17035743-2f29-4a01-a550-71d90c757c94,10.1793,28.1522,1.2166,254.4592,7.9355,-5.4342,-5.1777,2.8997,0,301764.67833202804,3084536.0709250057,-7.603049983,264171.7641855043,37592.91414652317,3094164.020215921,-4.606752339,0.063349825,0.6475404029923231,-7790492.748,-0.218488516,0.00789352,10.221660427504151,0.01311191,1.2121633500855196
geo-171642b7-2db8-4469-87fe-04c77b1e639e,9.0856,37.4613,1.353,254.899,8.661,-5.4356,-4.9131,0.3308,0,119844.81552710502,2573721.6379545517,373.6125041849411,79135.27347,40709.54205681162,2574799.1862873808,373.9722134934098,0.024260861,0.5210129623901968,-11665204.03,-0.283455556,0.008241018,21.475452456034166,0.009510286,2.2829181500493676
geo-1728da9d-6e38-4f1a-a2f0-b7a084bc3a73,8.9063,31.8281,1.0099,254.162,8.1963,-5.7195,-5.0824,1.1656,0,143466.6505193954,2604038.435853876,-735.378074,104287.3735759112,39179.27694348449,2605912.6077422467,-739.607972,0.031919544,0.5793661470546875,-5663103.555,-0.173870658,0.008718662,18.150827571609387,0.011996623746690374,1.7064674802313122
geo-174e03ef-e619-4ba7-894e-a3c4dd217209,9.814,35.9479,1.0135,251.9897,5.8318,-3.833,-5.7827,1.7927,0,110775.7723005515,2402359.0452086446,-313.2451161,70821.89067544258,39953.88162510844,2403826.5736324484,-313.9154535,0.024625684,0.5340494045932206,-4632473.198,-0.151322557,0.008881784,21.68668288487033,0.009250537,2.0243862950841702
geo-17942d41-99d6-4264-8576-42decbd84175,9.9243,27.8633,1.2614,254.6668,3.1801,-3.6495,-6.7078,3.1889,0,126819.76023311396,2078125.1366408705,238.38606663715143,87016.83135,39802.92888809037,2079849.5747980268,245.17573222465737,0.026301706,0.430991477,-5067356.164,-0.135648671,0.008256571,16.386445872638372,0.005957823,0.9152848646963428
geo-181686ee-774a-4e7e-8cdb-2c05659f947a,9.6985,31.9532,1.2616,250.5298,8.6482,-3.1824,-5.6533,2.9233,0,474677.7403450121,3600801.909470919,719.0476605868383,439237.4626815632,35440.27766344904,3618943.283134177,715.1489955049558,0.098460581,0.7469005124734384,-9562339.498,-0.257140252,0.007351202,7.585782107359251,0.018309271809288343,3.1980148421679795
geo-182aff12-1966-4c0f-ae47-3706682a57a4,7.7142,36.3164,1.1669,241.388,8.5859,-3.1476,-6.1229,2.7432,0,395823.95552163234,3432492.7602929818,-299.0903326,360733.1607791018,35090.79474252961,3446391.2020257576,-296.2886368,0.084256361,0.7306514582539738,-8774112.528,-0.226086248,0.0074695,8.671766103,0.022028237,2.197871429959796
geo-18338623-1653-45cd-89e0-05cd0cfa7823,9.2312,28.392,1.2725,247.9037,6.5571,-4.4988,-3.6903,0.3557,0,123646.54253969544,2258478.072,520.0548813183748,84113.57423495433,39532.96830474152,2259252.908009077,522.8282773806158,0.025567049,0.4669974455794335,-8503442.587,-0.217705557,0.008176091,18.265598261402868,0.007520054,1.1789092686890752
geo-1846edbd-6a26-4634-a9a3-4d4561f53dc2,9.0416,33.8901,1.3964,247.0363,5.8123,-6.7814,-6.7167,0.6167,0,65708.41828704793,547611.4840770293,158.5816624326626,25140.80455393602,40567.61373,547956.9364008226,158.0651013,0.013148755,0.1095812330779402,-1561127.683,-0.036048224,0.008119528,8.333962349919734,0.000422744,1.7876151423514008
geo-186cd273-1240-4ce1-838f-c8e42472498a,9.411,33.5019,1.3688,244.1888,4.014,-4.4282,-2.4554,1.1295,0,70705.69955360478,1401667.0856168764,50.506835907131205,30052.385256953632,40653.31429665067,1402281.9505904205,50.58791896019662,0.014251117,0.282513597,-6507872.578,-0.156498775,0.00819555,19.82396178053833,0.00269956,1.4501381188824862
geo-188f255c-2c52-45b1-acf8-67350e6c772f,8.5069,36.9553,1.1582,255.2005,5.9413,-5.7078,-5.229,1.0274,0,70098.50598244544,1305187.1127303191,-78.16689132,29335.31643373683,40763.18954870771,1305861.227598079,-77.58307103,0.014954314,0.2784392835514626,-4658441.527,-0.124850387,0.008697883,18.61932853543546,0.002900947,1.0183835510377692
geo-1898adf3-7281-4b5c-a3d6-87caa2a8e6ea,10.4977,34.4169,1.2946,257.5088,4.7321,-4.4622,-4.8883,0.8667,0,70190.53237198826,1332767.047,17.01321242119611,28404.27734131865,41786.25503066942,1333301.052032109,19.605014659408567,0.014430906,0.2740118352233727,-5180901.304,-0.141383959,0.00859105,18.987846397566585,0.002276641,1.2623653659026222
geo-18a33c02-c8c4-4cc1-9804-4705720e05a2,10.2538,32.9904,1.1686,244.1073,3.5525,-3.8633,-7.1026,2.4084,0,80416.48363437013,1696659.3693205598,-117.8260081,40166.64724696937,40249.83638740124,1697228.9926680326,-119.4089898,0.017106117,0.3609117403689361,-3625546.85,-0.105838863,0.008563635,21.098402872659403,0.004043592,1.3429065207455844
geo-18a34ba0-75ba-4342-a505-fd89fac956ad,10.333,34.7294,1.2258,257.4849,5.6852,-5.7511,-7.34,1.8105,0,81048.80260853894,1619864.5957056405,2.905142187586627,39705.19097,41343.61163439666,1620745.712001586,5.122940647058442,0.016972041,0.3392080806465877,-3844896.266,-0.107888537,0.008659316,19.986286577600673,0.003544509,1.1145605776677445
geo-18a42406-5d28-4e1f-a8cc-3ed0f91388d5,9.6547,36.34,1.2687,242.8442,4.3275,-4.6989,-7.3425,1.2957,0,66031.26899233325,960771.2718846492,46.33239124324028,25538.629422929487,40492.63956940456,961258.3775823802,46.18266667183091,0.013670433,0.1989081834865806,-2377282.634,-0.063441882,0.008383135,14.550246974599096,0.001304418,1.3361591366508967
geo-18bfee4c-8efc-40d8-a500-773622e08f62,7.8892,31.0785,1.2779,240.2698,7.5577,-5.9393,-1.6875,0.0258,0,104918.40916774624,2090982.0308795483,369.0777299972757,65508.22272998794,39410.18643775755,2091606.290280867,368.7844464680621,0.021663074,0.4317364279920224,-9182310.063,-0.216443872,0.008138878,19.929600986767166,0.007520636,1.4180950396976064
geo-19511c9c-7bb5-4f32-94d8-ff4a7ebe0d64,7.5895,33.3339,1.1329,251.8327,4.8626,-5.0852,-6.5488,1.715,0,73498.73695628563,1334623.6950922436,190.5521734525224,33476.28835814876,40022.44859813639,1335405.3836300196,190.60073545474089,0.01579054,0.2867318432293206,-3803399.642,-0.098152949,0.008600198,18.158457551264384,0.003448171,1.0181735900810098
geo-196b9307-cf0f-4533-9b2e-932dbadc6b2f,8.9866,26.7447,1.0566,255.7425,7.2618,-4.5558,-2.0051,3.2436,0,376730.4405290712,3226105.752418399,-123.4401718,339941.35128324025,36789.08924583033,3240438.2243245617,-119.0591593,0.082717413,0.708344991,-5596966.649,-0.169300408,0.008077612,8.563432644008639,0.017772330066938416,2.4811743282647103
geo-196fefcf-f772-4e44-948e-f4881288a2bc,9.4733,27.8272,1.2402,255.334,6.8545,-3.5512,-1.8399,0.5473,0,219361.93876952148,2839787.734959259,-670.3768094,180555.4821194184,38806.45665,2841648.880010487,-675.7055676,0.045756084,0.5923432618756372,-9899840.655,-0.263100885,0.008096163,12.94567212018931,0.011789509634178406,1.453477004508817
geo-1989dd24-ca7f-4ab6-8643-7290832e61e1,8.5245,26.3892,1.0135,241.3356,4.7842,-6.5635,-4.7513,0.291,0,77236.24477638117,-95591.13208,-10.61001304,38831.49102227959,38404.75375410122,-95488.52484,-10.41152975,0.017166221,-0.021245705,-484175.5237,-0.014503407,0.008537412,-1.237646035,1.685479691053902e-05,2.9815244695062737
geo-199db5b8-8de8-4cdf-b47b-5e7fc29bfb5a,7.8015,32.5759,1.2783,245.5748,5.295,-6.4876,-5.8824,3.4689,0,106703.1237152204,2250894.3721726574,-14.08256334,67155.47767269379,39547.646042526365,2251679.001440221,-10.00624677,0.022033772,0.4648007606137672,-6098568.395,-0.145243874,0.008166389,21.09492481382338,0.008814662,1.4273432473379442
geo-19bffd60-b62c-4e2f-9e39-45647916d06d,8.0987,29.0538,1.3924,251.7717,5.5523,-3.6771,-7.4581,1.4893,0,131522.04462843016,2276988.683269503,-225.4616579,92354.48706346468,39167.55756496395,2279031.816993853,-229.3089445,0.026345991,0.4561176276198309,-7933500.758,-0.173895237,0.007847479,17.31260101454747,0.008176897,0.6299837247884984
geo-19cffc35-3d16-4a0e-9b22-dca8c8d24137,9.9593,32.9978,1.1043,245.0796,7.8474,-6.7721,-3.4575,3.8753,0,264224.3741558734,3087143.2653890294,213.43962190252603,227486.0026,36738.37154951287,3095632.8337584664,207.4105724,0.057235371,0.668726313,-6790196.832,-0.208505188,0.007958097,11.683794408640871,0.014292827014756898,1.1870599870297762
geo-19ebc0c3-9c79-4849-8338-2d6d6c3c81cf,10.5825,25.9382,1.2352,248.224,5.6073,-6.6533,-3.2421,2.2296,0,117027.27338307312,1810912.4070586096,266.30017590314475,77942.97434698183,39084.29903609055,1812609.9793893471,270.2341969778072,0.024448607,0.3783245085390838,-5002510.732,-0.143352002,0.008165205,15.474276676778038,0.004305175,0.506478112
geo-19f410f8-df06-48cc-a7a3-ee2a3a404ad2,8.0887,32.4874,1.2705,253.3318,3.8373,-3.7174,-5.5707,1.4571,0,75792.22172787701,1462893.4866448017,196.22276854001043,35224.40428527311,40567.81744,1463664.0174103486,195.9328864885463,0.015683641,0.302715706,-5361925.908,-0.130796493,0.008394631,19.301366991155625,0.003606129,0.9287886390717802
geo-1a08e35a-1b79-4155-a935-be95d848f31c,10.1816,27.8344,1.2659,251.5959,4.4332,-4.1971,-1.9833,0.4018,0,79237.95248871793,1479675.4326553647,-15.24168254,38433.56493107737,40804.38755763982,1480123.455298253,-13.01482055,0.016416984,0.306567836,-6322462.551,-0.173635259,0.008454048,18.673822154428624,0.00293824,1.572052235026272
geo-1a3afa4b-6e53-47cc-ae4c-4448d016926e,10.6028,26.445,1.1506,253.4202,6.8993,-6.402,-6.9896,3.7538,0,230790.2297049127,2635444.9656865043,36.06602578336309,192559.41847392637,38230.81123098733,2642430.7985442206,35.04532307294049,0.0493494,0.5635317727028886,-4392306.646,-0.134342145,0.008174773,11.419222421400443,0.009533807,1.6675237058242494
geo-1a4596ee-2c1f-42ab-adad-d9c2d7eef18b,9.5195,26.0868,1.3473,240.701,5.3378,-3.5181,-2.5862,0.7891,0,153363.0986731159,2351956.124426802,-481.5527866,114879.93128495476,38483.167388160415,2353511.547419426,-480.5931646,0.031086367,0.4767364004348621,-8591794.051,-0.211165878,0.007802029,15.33586726387073,0.007599633,0.9171130687231738
geo-1a91ba7d-5ad1-411b-8c9e-691862576b92,7.6646,31.2992,1.1157,247.0718,6.5529,-3.9634,-7.4827,2.9036,0,216100.3022416357,2847139.791313538,-2.631156342,178766.72486141918,37333.57738021635,2852876.5853811577,-1.330551711,0.04666107,0.614763557,-6830412.966,-0.182406413,0.008061143,13.17508472584168,0.015695561675967275,1.2435968784093474
geo-1a91ea37-6973-4772-834c-3dfd805fa74b,8.753,34.4005,1.3793,243.3085,5.1013,-5.6823,-3.1076,3.0669,0,119960.56067097955,2624847.187361524,927.9144830801912,80349.22393659077,39611.33673,2626221.117866679,934.1654307395436,0.024117328,0.5277092772606978,-9600961.599,-0.224533263,0.007963572,21.88091796737086,0.010127043077302405,1.294404490807275
geo-1aad0867-a271-4338-b17f-b2fd4ef5f7e6,8.6334,34.808,1.1254,250.1138,6.5164,-5.4538,-2.4554,2.3722,0,151410.73526837002,2831048.678381539,132.13290299471458,112358.79061979565,39051.944648574055,2833873.777063826,132.70557489439807,0.032597542,0.6095025340708508,-9187044.529,-0.25431483,0.008409274,18.697806819071417,0.013696805715879393,1.388174231572238
geo-1ae87cff-e7db-4ec2-8629-d10d6b8b85a9,10.386,28.1154,1.327,254.8068,6.8159,-5.1421,-5.668,3.3389,0,278148.2925629264,3016901.202743025,106.49450011084905,240193.67816172185,37954.61440120511,3026066.558642036,110.74008299933328,0.056683403,0.6148095496432604,-8274837.279,-0.215686123,0.007736273,10.846376855110497,0.011584652696206005,0.9327560054091603
geo-1b0b4ed0-cb24-439a-9e04-143a94a12f37,7.6281,31.2755,1.1343,244.7145,7.8762,-6.8166,-1.7784,0.4439,0,98898.229,2000759.1897980575,-89.67792977,59511.52369,39386.70531042237,2001760.1485322225,-89.87811707,0.021243483,0.4297659727521613,-7475200.433,-0.196348673,0.008460277,20.230485519866964,0.007707221,1.0610103733761131
geo-1b3880ee-7170-4008-b684-e88b4b7170f0,9.3602,35.4854,1.342,246.2672,6.8473,-6.4287,-7.1208,3.8258,0,172076.2416144849,2811099.716015032,117.71558545620002,133771.79128160354,38304.45033,2814197.0004801904,116.34739167234116,0.034928283,0.5706010649210046,-9055155.812,-0.221561579,0.007776662,16.336361659461172,0.011072104,0.8889824771533132
geo-1b4d06e7-b480-44d8-9a2d-07395c96865d,9.5399,27.3883,1.1221,254.9419,4.555,-3.6945,-2.5128,2.1872,0,167650.21770042073,2514856.9884703737,558.9478029256262,128526.78419322442,39123.43350719517,2518062.110851384,560.6865444025509,0.036134642,0.5420419803398748,-6627170.413,-0.196485904,0.00843246,15.000618686724675,0.009803297,0.6106359386133943
geo-1b54424d-68f4-446f-84ae-9174c5147152,10.1244,29.6302,1.3371,256.1601,3.6534,-3.8308,-3.6741,3.6778,0,188426.8184154739,2739960.2600128814,103.49257860364116,149133.41464071863,39293.40377475509,2744158.442810092,101.92338561002168,0.038304621,0.556996821,-8371114.019,-0.217296591,0.007987775,14.54124356104864,0.009754079,0.6671824728184581
geo-1b8427ee-b50c-46ab-84ca-448c5805b6f6,9.2915,34.7454,1.0858,245.4388,6.8626,-6.6264,-4.3504,1.6658,0,86522.27612,1967472.0069034123,-38.71067895,46667.25226245756,39855.02385517561,1968599.1072980345,-39.16002514,0.018840332,0.4284194453893988,-4947280.847,-0.14881682,0.008678435,22.73948508044914,0.006287857,1.1843520690831868
geo-1bc9d9af-99c8-4897-b4b3-cc7d4ba8f91b,10.6729,31.5497,1.2071,241.1308,3.1597,-3.3053,-3.7068,1.8557,0,79549.89856,1811226.8070735675,179.20085956081522,39297.55316,40252.345405641616,1811893.801326749,183.12982672710643,0.016746905,0.3813008481931659,-5899511.253,-0.173430327,0.00847391,22.768436412788322,0.004336139,1.0461018814416208
geo-1be5d8d4-2d03-4ee3-a1b3-4a86b3815ae7,9.9574,35.228,1.264,256.4287,8.863,-4.8206,-4.2479,2.7504,0,361493.36797447706,3367821.782557364,37.14062397,324749.99773146445,36743.37024301347,3379924.8329096227,36.03247699875661,0.074934674,0.6981224248071254,-9891154,-0.269021225,0.007616566,9.316413746199485,0.015579996316302292,2.117592226771539
geo-1becc73c-7f22-4594-b7e3-601fbe27785d,9.7721,35.5096,1.0504,243.6101,3.3187,-5.491,-6.6433,0.995,0,65500.58629,-121544.8965,6.844089548661074,25991.699967931472,39508.88631893839,-121317.9714,7.216832163489727,0.014404258,-0.026728983,1545239.534524073,0.048185278,0.008690168,-1.855630665,2.327164508721376e-05,2.836928578307689
geo-1bf4d7da-661c-4356-a9e2-1c8896f6951d,10.8897,30.4688,1.1474,251.1688,6.4719,-4.4174,-3.5405,0.3268,0,107029.75816855446,2233971.4215843403,-263.6802975,66732.94080630476,40296.81736225072,2234530.3523175186,-265.6497408,0.022901589,0.4780118707878448,-7800553.941,-0.238487249,0.008624213,20.872432674903223,0.006679002,1.5893242156238654
geo-1bf863b5-75d7-4abf-8bad-75d72a4214d5,10.8815,35.6643,1.3207,249.6136,7.6125,-4.746,-1.827,2.7949,0,315352.1239888984,3262611.508322046,10.04336950972207,278836.46087841707,36515.66311048095,3272673.473766189,20.66692205043246,0.064372601,0.6659945316500925,-10912438.16,-0.292521592,0.007455421,10.345931611473508,0.012974860209227898,2.2180186591402102
geo-1c0ca2a5-2752-4afd-8916-e24f252e5464,7.9429,26.4652,1.3292,244.9983,6.8951,-5.3706,-7.2935,2.8588,0,208775.79503134516,2541376.117652571,-76.70824805,172094.53989236543,36681.25513898004,2547246.614167331,-74.21621685,0.042521297,0.5176012278955839,-7219012.725,-0.164281734,0.007472367,12.172752676003608,0.010736473,0.5702542341122647
geo-1c254845-d21c-44da-8743-d7fbf8fcbc70,9.6288,33.5683,1.1263,240.1159,4.7403,-5.7793,-2.5344,0.2986,0,56902.64057138737,555120.7783027848,59.06523904955617,17040.517182207233,39862.123389180415,555207.618,55.62455977,0.012247605,0.119483031,-2895911.809,-0.084601622,0.008581572,9.755624215828023,0.000471944,1.9849363072220805
geo-1c4d5ad3-69bf-44a8-8518-867b2a837112,7.7898,27.572,1.0008,248.3877,8.7927,-5.5638,-1.6822,3.495,0,432482.45149601967,3349966.232,-102.8410715,397226.4543662288,35255.99712979049,3368298.6000584434,-103.499128,0.096476006,0.7472935880095577,-4722745.176,-0.13654916,0.007866318,7.745900950152821,0.022819510892830748,3.542714674021519
geo-1c550f74-72b7-4b89-be36-9c54ef9f608a,9.2608,34.6049,1.3549,255.5504,4.5849,-5.3787,-6.1632,2.607,0,85436.26693704969,1818438.091137517,-39.66062864,44212.59264691395,41223.67429,1819154.4861200675,-36.72993949,0.017286699,0.3679326438241862,-5457420.272,-0.133693544,0.008340925,21.28414731038491,0.004653056,0.9488313171148839
geo-1c67099e-a38a-463d-9d5e-442e7558959d,10.7048,28.9568,1.2307,257.5948,8.4325,-3.7983,-2.2953,1.4871,0,375344.1456006629,3314890.469766682,263.7469146193312,338129.20293149946,37214.942669164455,3322796.407,264.1529758952811,0.078494267,0.6932301980965923,-9700848.283,-0.276035535,0.007784188,8.831602966557151,0.014289812011319035,2.4916511594455604
geo-1cb1b29a-b0a6-416a-86de-c10d22121ab4,10.4647,31.5425,1.0193,252.4835,3.7172,-5.5067,-2.9493,3.4281,0,94105.49565974396,2125394.0272120708,0.2896643028771137,53887.828038019405,40217.66762172453,2125363.4666335974,-1.044144237,0.020880506,0.4715909810463795,-3263188.655,-0.107825181,0.00892546,22.58522748657357,0.00676479,2.3855864813482563
geo-1cbb3b51-53e5-4396-8184-7deba239e577,9.7922,25.3231,1.3213,244.0061,5.3701,-6.9202,-1.7441,2.2909,0,118055.7250854554,2113228.6382285845,-31.36204908,78339.29806306868,39716.42702,2115259.005828236,-35.02762285,0.024099784,0.4313924913121097,-6169529.806,-0.159376149,0.008107631,17.900263936364958,0.006049438,0.6926931951028582
geo-1ce27f64-b111-4bb6-81e1-d7dd27e18eec,9.9811,32.7807,1.0227,252.3198,3.7059,-4.5002,-4.1828,1.6025,0,65324.14687103225,1160552.301049963,82.65720861937069,24691.700151764413,40632.44671926821,1160983.1015970074,83.06275638056181,0.014483177,0.2573089027655666,-2474709.276,-0.080954019,0.009008672,17.766053697436334,0.002111453,1.1824282603944778
geo-1d0a4622-acbf-462e-8416-1602c51280fd,7.7919,37.0582,1.3832,253.7782,8.3639,-5.4195,-6.2565,2.4471,0,218091.4868558297,3231735.745529082,-644.992944,179889.4954,38201.99149596668,3237228.279807804,-644.0416221,0.043792213,0.6489242771660294,-12699379.13,-0.274912472,0.007672411,14.818257200774882,0.017202628,1.3918791714346042
geo-1d17187b-2d0d-435c-8485-38c1645e94cb,9.6919,33.8917,1.0718,246.1219,6.5696,-4.5587,-2.8549,2.3872,0,203165.61164656543,3068335.003144949,563.7821644547778,165191.90537940606,37973.70626715974,3072897.204347297,564.1142363599054,0.044415627,0.6707927682423621,-7672056.332,-0.238227912,0.008301686,15.102629713156098,0.014778077730705963,1.2216886146283208
geo-1d1b3d71-1cce-4070-9e2a-5e327ba03c70,10.0505,30.1165,1.1817,250.8895,3.2915,-6.6714,-3.4727,3.693,0,76007.03086320637,1530684.422,3.1902896365400792,35320.03123799159,40686.99962521561,1530266.3951466586,1.6332602254896784,0.016113094,0.3244971128270465,-2688136.024,-0.078178261,0.008625386,20.138721435346636,0.00333491,1.6159410642420686
geo-1d2a993e-8d73-4e47-83a5-8a66364c8df3,7.9392,25.1808,1.1979,245.6951,3.4883,-6.934,-2.5897,3.9262,0,99218.26808073424,1809759.1637107115,69.34945957766108,59922.25490108633,39296.01317964883,1810250.565691535,66.17786183150915,0.020935905,0.3818746916479117,-3913709.227,-0.098319793,0.00829347,18.24018095375457,0.005846758,1.5044637468146267
geo-1dac73f3-fc3c-467f-9dfa-40e3c9160550,10.1319,28.2284,1.0262,250.231,6.2865,-5.0239,-3.501,2.7949,0,215224.32639168043,2725695.6030879742,-5.701397931,177257.01559539972,37967.31079628091,2731078.3347094506,-2.279601609,0.047659939,0.6035864501953853,-4792251.818,-0.15499488,0.008409296,12.664440162435719,0.011445590303009503,1.6816484257452862
geo-1dc6b58e-aef7-4a81-b6fe-8097a18c8125,10.2996,35.3675,1.2476,255.1775,7.6778,-6.0469,-2.625,0.8229,0,105903.25050382076,2421822.841580692,-180.9194087,65103.73606537133,40799.51444,2423069.7705142107,-181.885379,0.022045801,0.5041490634528494,-10088611.3,-0.278006177,0.00849492,22.86825786799927,0.007855027,2.2853655413757243
geo-1df17299-59df-42fa-bc91-4d2a34f49c00,7.6261,28.6109,1.032,249.1206,3.4225,-6.0344,-2.5479,1.1102,0,60994.62381896805,189218.3936411396,137.03843765650834,21760.959363459497,39233.664455508464,189504.8160633239,138.45261399418837,0.013487107,0.041839896,-1477873.359,-0.041960137,0.008675286,3.102214290274873,7.30682681610314e-05,2.3949252465182873
geo-1e1f541a-12f2-434e-b0ef-b66a7aa9e3d5,10.5606,32.1501,1.3874,256.3284,6.708,-4.1216,-4.5502,3.0478,0,302496.5947919501,3292863.1023652297,17.75608684349298,264568.08156201814,37928.51322993156,3302658.486670574,22.40022768429573,0.060686563,0.6606108909677185,-10959454.6,-0.27983361,0.00760914,10.885620397247756,0.013153853255348376,1.819362559791797
geo-1e5f9315-2928-415f-93c3-fd3da2f232af,9.7126,35.1253,1.1885,254.2681,6.162,-4.6562,-4.5722,1.3549,0,100808.69983206612,2294937.852,-206.2754256,60248.51636130453,40560.18347076248,2296277.9054151587,-209.9479247,0.021326515,0.4855040022648182,-8098287.112,-0.226633412,0.008582414,22.76527576820653,0.007725031,1.402250197177045
geo-1e70b848-6ea6-4987-bb5a-f00635af8bef,10.9891,25.5504,1.2424,249.719,7.0472,-4.4843,-2.7246,1.8507,0,275676.2998,2902447.626895335,-52.46706777,237787.52732140603,37888.77247390623,2908740.474550774,-54.22123811,0.057468238,0.6050521977455714,-8159382.618,-0.233162705,0.007899992,10.528462653664445,0.010604096894051137,1.225622731
geo-1e770cb5-9467-404f-9c4a-f2b0307c1791,10.0217,30.0465,1.0566,254.8358,6.8863,-3.1442,-3.2656,3.8236,0,453001.2088182709,3436301.767635623,228.5002264695623,417273.8842025381,35727.32461573264,3456699.5464492766,228.75130753846904,0.099443321,0.7543407241428836,-5120612.904,-0.16094044,0.007844485,7.5856348741315385,0.018073565527686134,3.3556731904387376
geo-1ea50826-582a-44ce-b8e1-a6389af33aee,7.5475,27.9463,1.0656,242.8202,5.3778,-3.5094,-2.0879,1.2685,0,160311.75709834418,2509869.1246651798,217.17417511524764,122099.99428482786,38211.76281351573,2512324.479015492,218.43203571406656,0.035108889,0.5496709548219327,-6988723.43,-0.192410184,0.008368478,15.65617625365733,0.012742439598243425,0.7983208976641729
geo-1ea5b3eb-1e80-42cf-8e72-9fca9e8512a4,9.7852,28.0592,1.0978,248.2303,4.2352,-3.6887,-7.429,1.8186,0,97805.55571,1903494.9980199623,319.76259134711387,57982.421785109145,39823.13393,1904710.6236900173,319.79650469513393,0.021225162,0.4130848137852136,-3735478.787,-0.114262093,0.008642127,19.462033462053455,0.005550842,1.4872964083184543
geo-1ecdf69e-4d01-46f5-b0c3-433223bf5867,9.153,36.7718,1.3313,244.5223,8.6758,-6.2043,-4.6408,0.9155,0,124253.16278053194,2643180.677314498,-609.1738524,84554.43415678237,39698.72862374972,2644827.508852879,-612.887155,0.025297771,0.5381479066092496,-10886366.46,-0.269859486,0.008082563,21.27254243003169,0.010071403024837005,1.898247017
geo-1ef0241b-8f96-4653-be0f-66532c26997e,10.4542,36.6644,1.1104,245.2305,6.5877,-3.2735,-5.0474,2.9983,0,275452.2201262176,3193944.2927012234,-314.5447867,238403.3373041612,37048.88282205685,3202467.6692832755,-312.2928743,0.059552826,0.6905314074382026,-7015928.899,-0.216170961,0.008011593,11.595275185067266,0.014518648657350974,1.2726882197765514
geo-1f0288f5-d768-4e14-bc8b-347a5819aa3c,8.2017,25.4877,1.3967,257.8794,4.2836,-5.9426,-7.3703,0.7214,0,110495.02887785938,-102419.9128,-142.5263561,70847.50063185109,39647.52824600791,-101470.8234,-145.6832808,0.022113752,-0.020497651,379412.3027382907,0.008478602,0.007934755,-0.926918738,1.630626312073644e-05,3.0652550893552752
geo-1f59a4d9-18e6-44fa-8671-c6287e6f338c,8.8555,30.4087,1.0919,249.7577,5.1444,-4.5072,-4.5605,2.123,0,116752.28510274008,2313878.5800227234,-336.7229171,77343.48958147505,39408.79552126528,2315501.3194685807,-338.535272,0.025379119,0.5029811580013079,-5823373.626,-0.170217726,0.008566472,19.818700576066284,0.009093697,1.2264314749785994
geo-1f697b37-3b4f-4a22-a3ac-2d9e49c84013,10.3941,33.3126,1.2833,243.9757,6.2021,-3.0946,-2.6751,2.2281,0,275802.5302464798,3260745.438168053,-526.2678887,238530.7705263172,37271.75972016236,3267900.270016038,-526.344151,0.056863989,0.6722889431558527,-10896117.27,-0.293612303,0.007686111,11.822753892990008,0.013841245567376391,1.8591508843212352
geo-1f73caab-703b-4c41-9fa1-b4fed7a8b3e7,8.769,34.7708,1.1387,245.8207,8.6085,-3.582,-3.7387,0.8022,0,267936.6865555278,3237450.9747697758,281.8349669555543,230568.2851136321,37368.40144189539,3240803.8633286026,275.84891295426814,0.057470638,0.6944117063236356,-10045821.04,-0.277439167,0.008016892,12.08289546455535,0.017503872,1.439268716997152
geo-1f74f8d4-a62e-4ff3-9d13-e84b7057fd5e,8.0111,34.184,1.2351,248.5843,3.3343,-6.0012,-5.9289,2.0371,0,60865.33455870103,424450.7209793344,16.913395406470173,20840.043168900786,40025.291389800615,424953.5042154331,16.423805780877956,0.012713317,0.088657634,-654959.5565,-0.016068675,0.008362017,6.9736036786256355,0.000312313,1.9483940519560146
geo-1f82ea76-8d73-4080-8752-28c2c779a91c,10.9345,33.5607,1.0473,256.9273,6.0118,-5.3032,-5.9749,0.0996,0,65232.60262,986901.4010183284,-156.4010471,23992.63256294968,41239.97005370143,987059.6596643906,-157.8343366,0.014358056,0.2172224466033895,-2406855.003,-0.079579271,0.009078978,15.128959468595838,0.001373601,1.2008622329675922
geo-1f91671f-9199-417b-82e8-7b4e36baf636,7.7647,28.4284,1.3906,256.0178,3.3791,-6.1716,-3.3467,1.1824,0,70161.99175207714,124820.59449970166,-36.81650854,30032.971264726748,40129.020487350776,125388.54540681794,-36.54691562,0.014061175,0.025015313,-1241961.205,-0.026691153,0.008043887,1.7790343657968877,2.5652951015855636e-05,2.466287698648204
geo-1fa8c9d5-45a1-4f75-b936-b8e7732c1eef,10.9101,37.4938,1.0879,253.0049,7.7702,-4.828,-1.7337,1.6801,0,206892.09110844388,3152294.581353606,-219.7506523,168519.07041635195,38373.02069209192,3156284.571716858,-220.3158064,0.045024235,0.6860081122591694,-9623933.799,-0.313194749,0.008350763,15.236418968288664,0.013730295965642897,1.9786554432846937
geo-201a6a83-d5c4-45e7-b03d-73d303ff9743,9.4707,32.541,1.1443,244.357,5.353,-4.3847,-5.1329,1.4258,0,90843.41657121464,2060884.749493704,140.79459368628648,50952.68183667065,39890.73473454472,2062012.824180005,140.22955269632277,0.019458947,0.4414480208126473,-6023922.813,-0.174969228,0.008544676,22.686121100235173,0.006549787,1.0277493746834967
geo-20d679d5-95d9-4ea6-983e-a7a649b6ea19,10.9601,27.5851,1.0738,252.5489,3.4327,-4.649,-4.5552,1.8234,0,70786.78460835884,1233240.6091669844,-4.598174466,30125.07925656373,40661.70535,1233756.9997178551,-4.861093761,0.01546646,0.2694551993545479,-2308876.166,-0.076124121,0.008884276,17.421904611010827,0.002108671,1.267367659
geo-20f4e56d-a6b6-47e0-8e1c-b485b7b304a0,9.4966,34.1283,1.3534,242.4846,3.35,-3.3738,-7.382,0.3397,0,62737.81758869536,464097.7002273704,36.51348736761456,22358.11015906276,40379.70742963226,464115.2671226325,32.25104225610543,0.012696402,0.093920561,-1656895.21,-0.040488348,0.008173388,7.397415435614384,0.000295667,1.8845412578306933
geo-2105b404-059b-44f5-8d9f-728a00b9da18,8.5233,37.4691,1.1148,240.8492,6.171,-4.5573,-5.3318,0.9186,0,80908.14151385614,1786852.787404711,84.18965609,41280.49849844916,39627.64301540749,1787795.9607609618,83.33188779312306,0.017470741,0.3858405651780299,-6110313.743,-0.169425386,0.008558645,22.08495652,0.005559787,0.966196969
geo-21cd7ab4-ee84-43bd-aa17-6fe64a3ac724,10.0155,33.9344,1.3728,241.1141,7.2558,-6.5854,-6.6481,0.2801,0,73240.78499337313,1310055.5880001883,-2.215384083,32446.940730452487,40793.84426292116,1310556.2706920167,-0.575884384,0.01474967,0.26382687,-4368267.536,-0.109809065,0.008215266,17.886968143756853,0.002212155,1.0119210244345098
geo-21cd81d1-8b82-4373-a017-10eb7a18aa70,8.7565,33.2998,1.2968,244.2113,6.7686,-4.2465,-6.4272,0.5513,0,103400.01826762134,2194748.142,26.514702439835148,63593.24974398348,39806.76852363788,2195723.731932237,29.24252581924169,0.021241754,0.4508732205609099,-8396127.717,-0.205559671,0.008179266,21.225800332152467,0.007389728,1.1495980062309965
geo-21de3c24-30c2-4623-aaec-0f356c4d432c,7.9034,33.7427,1.1781,244.1263,8.5308,-5.0859,-4.2186,3.915,0,409788.4728387626,3448302.7366836527,248.79526778796208,375018.3757586422,34770.097080120315,3466396.584762085,249.4241161260824,0.086941302,0.73159679,-8707220.593,-0.221554338,0.007378363,8.414835861038092,0.021556574378330754,2.3491720124953637
geo-21f186e9-28bd-4bf6-b663-aac38b8d87cc,9.0052,31.4439,1.141,243.6251,3.6277,-6.4982,-4.5275,0.058,0,109850.01461478345,-837941.3838,-75.49453225,71630.41822751967,38219.596387263824,-838210.4646,-75.5332061,0.023551868,-0.179654821,2192715.053,0.062260248,0.008194247,-7.628049816,0.001140866,4.404279420043913
geo-220cb2c0-9126-48c7-9fff-205b6d5ba5bd,8.6358,29.3151,1.0343,257.2512,7.1446,-3.7192,-5.6549,1.7036,0,223235.9293,2814642.658304107,-312.0191273,185027.90642075444,38208.02291846526,2819039.130093496,-309.4289568,0.049319,0.6218325182529961,-5899650.832,-0.175077376,0.008442915,12.608376557642313,0.01425261,1.4039090501449185
geo-223b547c-64c9-4c48-9559-e125888cddd3,8.368,36.6975,1.1556,251.7427,8.098,-6.8765,-5.753,2.8852,0,152329.90106491357,2838405.3483944265,538.9081279321855,113447.79058183722,38882.110483075885,2841158.036305869,541.0957358526568,0.032520432,0.6059622318578326,-8297947.009,-0.221005926,0.008302496,18.633277698938993,0.013967529,1.3353893134898234
geo-223ec238-365a-4b23-a5c3-aa8384df2304,9.331,27.3997,1.1456,249.987,5.6282,-6.566,-6.7889,1.6523,0,75968.86346496372,1242595.5404179893,-140.8248353,35883.00372,40085.85974532913,1243452.405,-141.9255953,0.016263511,0.2660164317235894,-2332196.47,-0.066093058,0.008583365,16.356642494606675,0.002414009,1.3968233722812333
geo-226eea29-5e6e-4259-9b76-b60e61520661,8.2638,27.9044,1.1496,252.0235,6.5706,-5.6143,-6.5699,2.9695,0,180693.0275563142,2468500.781700417,-37.2120222,142723.63140354512,37969.39615276909,2472815.045741911,-35.52680662,0.038639958,0.5278718775018444,-5839052.172,-0.155251941,0.008121133,13.661295153910087,0.010733154486845675,1.0306805274036261
geo-22b0c170-56bf-44fb-98ea-7689457197ad,9.7735,34.3539,1.2346,253.2512,8.8203,-4.3513,-1.8979,0.9354,0,290563.24502301385,3291076.0443808413,241.13779593800987,252936.7834277376,37626.461595276174,3295191.7836468946,248.31432597355405,0.060699978,0.6875206916156966,-11362551.51,-0.308024131,0.007861925,11.326539404941535,0.015394711567336758,2.1945262713916724
geo-23184ca8-c440-484b-a867-ffe9865bde73,8.7886,31.7344,1.188,243.8795,3.6565,-6.7245,-6.2926,2.0123,0,66626.99207865835,210312.2961586478,52.48320091883667,27085.20401874412,39541.788059915256,211144.8907006881,52.99103736104521,0.014097167,0.044498595,653588.3282676962,0.017405721,0.008368076,3.1565629724114608,7.171715139391707e-05,2.3492710497783094
geo-231a57f2-7769-4377-8744-0c0488cf6db4,10.6136,26.8189,1.2543,257.4484,8.5832,-6.0065,-3.3191,0.1413,0,164176.64782827086,2385757.1104496885,1089.198221932946,124810.2196949933,39366.428133277805,2386116.5891235853,1090.094251274718,0.034121716,0.4958447318502325,-8405202.529,-0.237754095,0.008181693,14.531647113085105,0.007373587,1.4241037258459222
geo-2331a99c-4d92-494d-a3ba-46efc697d7c0,8.4448,34.5776,1.2895,252.1352,5.5076,-6.4144,-4.9753,1.2949,0,67050.56613341793,1087315.897204738,292.6446829052448,26320.91013081152,40729.65600260643,1087937.4363574395,296.2115443854133,0.013804162,0.2238532222860857,-3937375.353,-0.096742422,0.008385251,16.216356697737396,0.001888806,1.1784397083439888
geo-2341ddff-2c29-4f73-a3d6-22e05e641a4c,8.143,29.0675,1.3841,250.9766,8.9181,-6.5235,-3.3938,1.1849,0,199582.6294421259,2706028.324281461,-128.4797463,161812.2831095209,37770.34633260459,2709279.3565776707,-129.6829901,0.040074566,0.543348438,-10316374.86,-0.231874721,0.007583938,13.558436081563624,0.011540444552421307,0.9795944915644895
geo-23422961-8652-4787-97ad-ab5b2a663add,10.0017,29.8832,1.0246,252.0644,7.8646,-5.6074,-4.8417,3.3404,0,293642.1532499159,3059055.3373471675,-135.2790239,256486.9248199332,37155.22843,3068843.922833742,-132.6513522,0.065055003,0.677718958,-4527607.661,-0.145669049,0.008233224,10.417630110291526,0.014617583116670163,2.4251281014606407
geo-23b12490-240d-4340-8f7b-f0f4b38644bf,9.0922,27.7082,1.0092,252.7033,7.4191,-6.9232,-1.6284,0.3752,0,91042.20372802304,1812731.213829317,27.544763316434118,51121.271851836136,39920.93187618712,1813441.2318263457,27.12214209023045,0.020259861,0.4033918461328456,-5018356.63,-0.155758066,0.008885504,19.910889011920357,0.005696858,0.8014280670269408
geo-23cff774-0098-414c-b7f0-003b4ee54ee5,7.7888,25.3904,1.2812,242.3033,6.8708,-4.3218,-3.4451,0.5191,0,165023.06426246415,2328804.559760623,-547.421084,127339.9829664777,37683.081295984986,2330188.8815118065,-547.0954891,0.034043041,0.4804152042238739,-8289461.647,-0.193668072,0.007775311,14.111994406168183,0.009432201,0.48578508909009077
geo-23d87872-423f-4f97-97b3-38b35220e95b,7.8715,32.8227,1.0158,255.085,5.2295,-3.9028,-5.3249,0.2595,0,70319.05736,1250244.8999933363,136.66583900382068,30132.47678950657,40186.58057296609,1250593.442153376,136.3436162801261,0.015621686,0.2777473781774953,-3971547.29,-0.115983353,0.008927578,17.77960266942592,0.003119554,0.9583901254660102
geo-23ed0c9f-60e1-4d4e-8403-791f69784d1f,8.5947,25.0833,1.1523,246.0492,8.7796,-4.4777,-6.4113,3.4149,0,443992.2449,3410356.5776046584,-438.3035841,408462.5876,35529.65723961405,3429071.889045008,-440.5161554,0.094893094,0.7288850008631543,-6575982.295,-0.180852147,0.007593604,7.681117445475648,0.019676027995736305,2.9376499137579253
geo-23f99e21-ee1e-4956-af56-7f1a62505073,10.9076,34.1777,1.3374,251.5959,4.1993,-3.7951,-2.1328,3.3722,0,191389.58161412156,3124295.6042734305,375.93091512911246,152078.72810866166,39310.85350545892,3128282.9900332275,377.9736695789852,0.038903825,0.63507663,-11437711.15,-0.308099617,0.007990688,16.324272083799315,0.011769911,2.109082222702851
geo-242e9156-bd7e-4ead-9141-616fb53e13cb,10.03,25.4374,1.1792,246.8564,4.9731,-4.5219,-1.567,0.6321,0,104032.21836218468,1892001.3847358527,138.31907203401687,64155.19036940528,39877.02799277794,1892908.803975888,137.66291234852147,0.022064925,0.4012878902160374,-6575872.003,-0.188336531,0.008459507,18.18668692,0.005110475,1.0370308266607469
geo-243a0920-584b-45dc-8fc4-12d3daa44364,9.0186,33.2164,1.0073,242.1465,6.0524,-6.1174,-4.1119,2.6935,0,107228.8546386756,2299247.164157826,136.45790455196178,68361.35117885827,38867.503459817286,2300363.147038993,138.5894186806813,0.023879995,0.5120451031409672,-3744632.077,-0.117813871,0.008655794,21.442429576493105,0.009253956,2.5052006503909734
geo-243d2a3f-0576-4e03-896b-57c858a9ec55,9.2697,25.0929,1.2553,257.6521,5.9539,-4.5768,-2.9262,0.1895,0,116030.85696985543,1984832.787,336.6128223009189,75466.77202834153,40564.08494151423,1985481.8693512585,339.36052029817654,0.024108802,0.4124070197378322,-7295086.874,-0.192700845,0.00842833,17.106077110865797,0.005840319,1.0226337195122799
geo-243d5416-d2c5-4339-807d-8c53221cdf55,8.1365,36.9898,1.3285,256.7805,6.7667,-4.2881,-2.7187,3.7242,0,343125.49192264763,3477432.770842123,-346.9182796,306287.4880138024,36838.00391,3490825.651203365,-347.6852631,0.069911697,0.7085256879177696,-11080686.56,-0.259519762,0.007505691,10.13458006677645,0.019639196,1.6416263302500058
geo-244bafb8-bcfa-4d80-ae01-369c29228cec,9.4276,31.0725,1.0211,249.7557,4.1167,-6.948,-2.2406,2.8453,0,68482.15263412871,1310412.4743753916,56.558945854060894,28276.25822869753,40205.89440543174,1310586.9382749817,57.541146652291765,0.015190353,0.2906688486724152,-2068245.631,-0.065835018,0.008918214,19.13509467753413,0.002852633,1.6196821157544004
geo-245d9c83-9195-42b6-adc4-13ed7f64d18c,10.0927,31.9911,1.2246,240.4985,5.486,-5.2415,-5.4131,2.6683,0,122070.17129176157,2350852.8591361023,283.3169559860499,83168.43796532137,38901.73332644071,2352416.218006984,286.74307410689823,0.025570486,0.4924417683495273,-6799785.706,-0.188743126,0.008150534,19.258208899513168,0.007648082,0.9145762402011892
geo-248005bd-ff25-4fe4-b247-aad9a6a8e93d,9.3866,32.3971,1.3032,256.1725,3.0285,-5.9118,-3.0484,1.7692,0,60924.11364827176,456679.4903977618,27.441234747759424,19767.145062313768,41156.96858595762,457096.7080923959,27.44362639766429,0.012494445,0.093656788,-1625863.449,-0.041014806,0.008442262,7.495874179,0.000297454,1.8829827059079651
geo-2485afea-5910-448e-90df-b56e81b66583,9.2051,28.4302,1.2055,257.0383,7.2988,-3.9099,-2.1516,1.9808,0,320071.5140987107,3167223.826324219,250.93607352874253,282539.89968028804,37531.614418421865,3175442.023554111,254.95819751323003,0.067411225,0.6670585404567245,-9096873.438,-0.248657329,0.007904605,9.895363026112493,0.015386842707784155,1.5995713014649304
geo-24a7087c-841b-4853-bec4-c05cc207821e,10.7714,35.6465,1.1195,248.9986,3.2227,-4.6724,-4.7642,3.977,0,97802.96398470378,2261974.9145108284,123.4814038992843,57481.67986761668,40321.284117087314,2261159.647,126.37691416876018,0.021095423,0.4878923356555064,-4492277.69,-0.141805799,0.008696976,23.127876930852494,0.007034382,1.8514253897048114
geo-24c65c1a-1b72-4401-b987-99f1ec863afe,10.5496,37.163,1.0618,247.0929,4.0792,-6.1452,-2.8964,0.7594,0,55314.48511748503,226567.6839,-13.84087321,14858.965987397129,40455.51913008853,226639.10214259409,-15.97750829,0.012124696,0.049662655,-924173.7709,-0.029684042,0.008869465,4.095991916820221,7.441731584532913e-05,2.187699489166411
geo-2505bb96-cce6-4af8-8812-efe53206a42a,10.9028,34.3902,1.3264,246.7845,4.7186,-5.3916,-5.8178,2.5644,0,88377.70570510201,1985926.3503586135,141.20728268380827,47513.64132802574,40864.06437707584,1986611.698522088,143.48802514448548,0.01801695,0.4048570379459337,-5524829.543,-0.15002269,0.00833063,22.470897320929026,0.004785369,1.0124708408109477
geo-251c7913-c328-4fae-9fbe-d6a128203a33,9.3303,35.1281,1.2129,245.5573,6.8708,-4.0536,-3.8128,0.6473,0,121149.49189062312,2578006.887325342,63.65712697310912,81426.37519670225,39723.11669392131,2579258.921518618,62.504758514510655,0.025464054,0.5418636499447514,-10269297.55,-0.28102589,0.008349241,21.279551792531063,0.010016928075218017,2.103370284703062
geo-25211f7d-fe7d-416e-9d9b-324511918575,9.361,29.1475,1.1171,250.2359,8.0129,-4.1377,-6.0524,3.5791,0,410900.16826955945,3391237.4688499626,289.4727864548529,374827.3033342449,36072.86493531458,3408295.781623884,282.0705465811921,0.08866965,0.731807538,-6567844.159,-0.190517218,0.007785867,8.253190752,0.01821049,2.5633612271815776
geo-2529ed46-46bc-4cee-849d-77ebec3a89a6,9.7823,29.4275,1.1125,256.4958,8.9755,-5.6586,-7.2304,3.0909,0,326814.37604524184,3152715.319980962,219.37330883488815,289503.8589410209,37310.51710422056,3163867.559963383,216.1686207160947,0.070615637,0.6812154413618335,-6241324.838,-0.185724523,0.008063409,9.646807334890704,0.015100041,1.7760638050224893
geo-2566b894-ce79-4c5a-9645-bf55f8ba1003,8.4375,33.2582,1.0235,251.2724,8.8737,-5.4964,-7.1973,3.62,0,319711.5981,3172225.299254278,-61.61905143,283297.0151877858,36414.58293929374,3183995.260780545,-56.2592346,0.07085302,0.70301404,-4583908.95,-0.135571464,0.008071663,9.922146453,0.018645083770466944,2.864778278857316
geo-256af9ed-d361-40d1-805d-20b05975cfb7,9.2238,26.7377,1.1774,246.4583,6.5542,-5.6629,-5.7227,1.4469,0,122819.72001805104,1952909.966745907,0.064244975,84256.70687431493,38563.01314,1954487.4760370397,2.183697809,0.02606264,0.4144121891848219,-5462154.447,-0.150225485,0.008184816,15.90062220023696,0.005926596,0.5069987013566859
geo-258cf32a-8256-4822-a55a-ab2b4f6b6e3d,7.921,28.0567,1.3951,256.3253,3.3182,-5.6324,-3.7798,2.9638,0,86206.96658,1570892.9285687858,35.72951523302375,45620.47072804462,40586.49585062657,1571684.5979323946,39.30045008955189,0.017260085,0.3145191915813634,-4807681.55,-0.105706931,0.008126056,18.222343169159206,0.00397525,0.9709978295235381
geo-2590b6b4-efc5-4908-b0b9-a203ac2b6f9c,10.6315,26.8254,1.0827,250.6224,5.2468,-6.0664,-5.1312,0.7065,0,67091.24814682518,779979.0072053637,-161.8989225,26746.91071971558,40344.33742711048,780357.3146784217,-162.7540227,0.014622036,0.1699905966441168,-1684150.341,-0.054318364,0.008792701,11.625644607153852,0.000865178,1.4648715844698468
geo-25a85537-b2c1-4f00-af07-9de7bc9069c1,9.0183,26.755,1.3554,245.0756,4.7081,-6.251,-1.5723,0.6116,0,68103.53230597079,780952.8343317321,-78.86140778,28081.116382269956,40022.41592,781355.9637713754,-80.93424344,0.013775023,0.1579601401456782,-3941908.307,-0.093728205,0.008096805,11.467141393241125,0.000880685,1.728616876614064
geo-25c08c75-c032-406e-b958-8bdd10982751,9.0944,27.6983,1.1691,240.0281,6.9408,-3.0639,-2.2797,0.7283,0,249645.79942376376,2908298.982549312,359.1773918617434,212461.1166617309,37184.68276203282,2910972.6701052245,356.6822730564881,0.053097068,0.6185649814779255,-8965404.743,-0.246388889,0.007910393,11.649701253785564,0.013392039916369228,1.1447270285078293
geo-25f2821c-ce83-4f5b-a419-e1eace29389f,10.0542,25.4163,1.3634,248.5203,6.6409,-6.3574,-5.0642,3.0168,0,205387.93209224776,2495108.804,241.72576402200988,167553.57164896085,37834.36044328669,2500735.175139448,245.18964052464244,0.041464323,0.5037199394388235,-6664102.396,-0.169026763,0.007638072,12.148273652851138,0.008033058,0.34302095215779577
geo-26174114-17d4-40bf-a93d-b76a362c2c90,10.3287,34.9195,1.3071,242.8696,6.8343,-6.8304,-3.722,1.4143,0,83782.05547469531,1946947.162198729,28.674324677574923,43223.76550919694,40558.28996549851,1948014.9294261767,28.639598273733235,0.017164345,0.3988690916525511,-7053141.97,-0.18609484,0.008310813,23.238235815147537,0.004903038,1.1474791103206567
geo-26c88100-1b12-47b1-8d76-790e3cbeb4c4,8.336,33.0674,1.2579,240.3301,4.0639,-6.4897,-7.1735,0.6953,0,91924.28999280432,-378624.4541,60.549979314890535,53353.37953158043,38570.91046122358,-378164.5512,61.24478774786381,0.01908655,-0.078615072,2053382.8511190843,0.051335293,0.008008566,-4.11887276,0.000235996,3.322565452235714
geo-26ce851a-349f-4efa-a242-aa06bb59832d,10.3823,36.737,1.318,245.6731,3.821,-5.2394,-2.1151,2.861,0,81563.73734822747,1937003.467283526,42.71484929109386,40654.05966688172,40909.67768134603,1937219.3656470892,41.86620855964175,0.016664942,0.3957647302708689,-7411803.425,-0.197641335,0.008358541,23.748341239118503,0.004802095,1.355899149329258
geo-2715a896-22c5-4432-aad6-b711b7494e94,10.8324,33.6642,1.2911,243.2372,7.6586,-5.6144,-3.2854,3.099,0,278581.0518175869,3212925.891501975,-291.7166413,241695.98876007463,36885.06305751152,3221549.571,-292.226447,0.057316972,0.661047049,-10537336.56,-0.288171072,0.007590491,11.53318170973731,0.012840743769303685,1.846478183493912
geo-272fa2e4-4069-4831-aed6-7f752bb661a0,10.5005,25.7303,1.2929,247.7671,8.2396,-3.4346,-2.3763,1.0353,0,368603.23178741336,3254738.315,-122.0009359,331533.6037042382,37069.628083175616,3260509.5802282626,-118.6606378,0.07581788,0.669466074,-9736353.909,-0.266075494,0.0076248,8.829923437,0.013586177847748042,2.3670087197444447
geo-27740b4c-6008-4417-8ad3-0c8a4107e086,8.3185,34.1806,1.2703,251.0022,8.0673,-3.0062,-4.1621,1.0746,0,296551.3172854324,3360972.044547554,822.6892773120719,258820.37263112157,37730.94465431098,3365839.2978336387,825.0168180054638,0.061368496,0.6955214368202747,-11786931.68,-0.29162502,0.007808022,11.333525931744882,0.018510840828172642,1.8187986281935944
geo-277495d0-6150-4b96-8939-ebb02471d221,9.7853,37.2621,1.0798,243.0056,3.4069,-6.6624,-3.5523,0.9732,0,59129.77306245318,-267493.112,25.381192215056444,19469.37868948149,39660.39437297109,-267395.1895,24.89439989553155,0.012897492,-0.058346076,1150647.3755045547,0.035682705,0.008650751,-4.523831197,0.000110739,2.93057918
geo-278d8f43-6977-40c1-83d5-0b6cfdb3ef85,8.4266,32.5765,1.222,249.644,6.3668,-3.4699,-4.4885,0.8891,0,145771.73347886404,2680450.0978182075,260.66768856625225,106358.73090204343,39413.00257682069,2682235.584728466,258.07236985343195,0.030563315,0.5619981265460097,-10013866.47,-0.258636962,0.008263507,18.387996313474925,0.011930743,1.4998184477182415
geo-27b4b5f8-dc1d-449d-9be6-69ffa7b846d6,8.3111,29.1791,1.3648,254.7736,4.0062,-5.362,-6.6453,2.3502,0,78517.44235616406,1353878.2877549012,120.0023596,37861.48277278161,40655.959583382566,1354724.994609797,118.14499593638274,0.01584551,0.2732245349960919,-3686088.723,-0.084914338,0.008204687,17.243025844035483,0.002859111,1.1368199220139699
geo-27c05620-308a-4aba-bf56-7128cdfe91fe,9.8617,27.4098,1.2499,245.2919,4.1519,-5.3515,-5.5618,0.7077,0,68363.84674578728,419205.379,-86.21533552,28363.62747,40000.21927515178,419539.5601047727,-86.47026914,0.014225341,0.087229434,-1258900.048,-0.034439737,0.008323314,6.131974705,0.000245598,1.9614337354993547
geo-27c3194d-9767-4a66-a843-4f5140a871b7,9.9852,30.9744,1.1131,243.0714,8.3512,-5.9962,-1.8465,3.117,0,334690.3383840719,3207556.3834885643,567.3661866452807,298805.0127698473,35885.32561422317,3219225.351444966,570.1504225765927,0.072305225,0.6929482537136802,-7311540.854,-0.219715538,0.007754094,9.583653950021588,0.015307172223376735,1.6151004897444152
geo-27e867ce-a022-4423-bc61-fb70734eb9ec,8.3841,34.3217,1.2553,253.047,3.3556,-5.1954,-4.598,0.4715,0,60939.892782038456,-39899.08455,-12.06096966,20698.764350802918,40241.12843123566,-39963.29764,-11.32924233,0.012659421,-0.008288484,-537457.1126,-0.013284872,0.008361226,-0.654728499,2.608217773711472e-06,2.646179032613621
geo-27f1859b-052d-47f4-99fe-7505cc44587f,9.7658,34.6416,1.1378,249.8163,3.4838,-4.3974,-3.6561,3.725,0,110582.48353022404,2475039.3959496794,-703.8728069,70630.28447225086,39952.19905797309,2475018.4176965067,-707.9031886,0.023725164,0.5310128137403017,-6574964.371,-0.191757401,0.008573364,22.381839482500123,0.009190779,1.4039828002395698
geo-27f609f3-d6f7-4266-ac85-232aa569ae35,10.3679,35.6189,1.19,250.3842,6.0278,-6.954,-4.2063,2.292,0,81393.68261454774,1840630.5437331332,78.82635683,40634.86779617668,40758.81481837053,1841368.3384128185,77.84123266653725,0.017212081,0.3892326889198388,-5091833.453,-0.147057771,0.008620886,22.613923889520212,0.004651338,0.9793699894595803
geo-2850cfcd-ee08-4b74-a482-9417ac659955,7.6237,32.5268,1.1206,248.5692,6.4786,-4.9659,-2.4231,3.3694,0,255781.6991634549,3063025.870997993,206.26039961013785,218879.36029809053,36902.33886536328,3071091.4827213064,204.94850643542784,0.055141902,0.6603329089333743,-8203810.714,-0.214185987,0.007957082,11.975156475290298,0.018205818661491735,1.055020003
geo-28574f23-6ebd-4229-8d82-7be1c005702b,8.976,34.4799,1.2947,256.6348,4.8908,-3.3141,-5.3464,0.5602,0,80061.76176717387,1671311.025508175,-133.4035033,38856.22220328863,41205.53956388566,1671986.0893371943,-136.4968067,0.016456544,0.3435348290780406,-7236151.994,-0.17965079,0.008471431,20.87527164801202,0.004185129,1.3574707558690973
geo-2859e43f-c16f-4fc0-b0f6-efce5a264b94,7.8619,28.1494,1.0707,249.8634,6.8017,-5.8077,-4.2764,2.5624,0,175694.69063002913,2487246.734757942,-114.1614207,137854.61927748818,37840.07135254108,2491168.777632819,-115.5483152,0.038414049,0.5438139233672022,-5784834.399,-0.159316293,0.008275059,14.156641420630585,0.011973558964678362,1.1580228992202168
geo-2872ccdb-9009-40b9-873e-5ccdec2a13cf,8.6481,34.896,1.2393,246.1824,3.8888,-3.3006,-2.8125,1.7642,0,92481.37682108772,2073732.528141736,178.33279617538955,52411.59423816177,40069.78258292509,2074905.1728459268,174.73545407543048,0.019295139,0.4326596176950777,-8423718.829,-0.214044163,0.008361771,22.42324454309921,0.006890046,1.4111481240183774
geo-288f03e1-14d1-4ae5-9bb5-9330ee03f703,10.6445,32.0528,1.1773,252.0466,6.1145,-5.6638,-7.0589,0.4024,0,69633.90068919948,1065245.5596217911,-75.48440178,28580.55062122967,41053.35006796997,1065610.3531018305,-75.81867401,0.01477995,0.2261007414666983,-2543744.902,-0.076388662,0.008713619,15.297801057797308,0.001528723,1.1947817598194836
geo-28cb4ffa-eb9c-4871-a6cb-2a322e758c74,8.2463,28.7651,1.1016,251.9948,7.0907,-6.9227,-5.7707,0.1117,0,66864.51826821873,911582.8905,103.7507917218683,26810.58347,40053.93479390419,911856.6417234188,101.95615462579312,0.014491982,0.1975732918280058,-3166080.94,-0.087222823,0.008682903,13.633282855363662,0.001506772,1.3138119895178957
geo-28e2e884-c79c-4266-93b5-4a5b05d28ef6,7.6145,28.0058,1.0059,247.3988,8.8913,-4.4441,-3.3,1.0553,0,282431.1754844953,2954145.143279025,-109.4412238,245663.5033259685,36767.672158527166,2958414.368099516,-105.5438549,0.062910238,0.6580221671395823,-6188144.037,-0.176208416,0.008191483,10.459699210653183,0.018100467192853905,1.6304281478825675
geo-28e64fb7-cd82-4729-93ac-dfae1c3314f7,8.0488,32.9395,1.2807,248.1014,4.7657,-5.1574,-4.9472,2.236,0,87695.10442894918,1870151.2875352676,102.0087177917559,47612.49009491761,40082.61433403093,1871177.4045908567,101.6617554,0.018097029,0.3859301203292861,-6207448.956,-0.1498904,0.008271527,21.32560648297631,0.005890285,0.8807664141364032
geo-28eae3ec-72ef-4034-8911-c354d6e0f2c0,8.5693,31.8157,1.2286,256.1444,8.9408,-4.9434,-2.6149,1.5422,0,306612.41533048934,3231694.914432708,-656.1988185,269384.2742251311,37228.14110535899,3238216.066163505,-662.4809449,0.064157311,0.6762180699456728,-10681116.95,-0.272361623,0.007791399,10.54000018541111,0.016985499535536592,1.7227278888540545
geo-292096ef-643d-44de-b508-0d886036a631,9.4536,36.2968,1.3985,257.9029,6.4027,-5.9884,-4.6505,2.6055,0,122835.21694273713,2628311.1651813234,101.39717678297296,82220.63170173482,40614.58524100217,2630014.3156047445,100.19003947002786,0.024571926,0.5257667161720585,-9991731.908,-0.239397152,0.008124489,21.397049075971218,0.009307629,1.4276029945150837
geo-29b0482b-4be1-4b33-b2eb-5b5c0278ca10,8.3558,36.4167,1.0359,255.012,8.1967,-5.5317,-3.7285,2.5466,0,226967.81188585013,3173959.709383892,-117.8324116,189074.08462001683,37893.72726583365,3179771.8885023133,-117.5975718,0.050130818,0.701038592,-6827274.364,-0.202301646,0.008369616,13.984184290326532,0.018721729,1.8238376520044322
geo-29bb4cb1-04e2-4671-a503-5e577c727865,8.3826,28.4002,1.2795,244.9266,7.5417,-3.098,-4.953,3.9188,0,503919.8096824235,3676615.633633427,-234.9516276,469226.0745,34693.735190082974,3700793.750265487,-238.7466782,0.1040239243840571,0.7589620001312407,-9080019.03,-0.223956711,0.007161773,7.296033145,0.021873155903683914,3.322795181677542
geo-29bf90c2-5c17-4f60-8e31-1f665bf4f102,8.0692,26.6875,1.2164,245.2339,4.8529,-3.5477,-1.6365,3.9535,0,334606.10065411014,3151077.155,233.97272557563485,298260.1645065871,36345.93614752308,3164704.461384146,233.9914806720459,0.070262655,0.6616826388225175,-7894073.117,-0.200365039,0.007632104,9.417273470207522,0.017271065,1.5747434363465531
geo-2a068648-05b8-4508-a633-5a46c638882e,10.8544,27.1949,1.1573,245.4638,4.1074,-4.9276,-3.7116,2.9787,0,131103.63898937887,2125975.358932614,-78.85969741,92026.64844452472,39076.990544853325,2127879.2296086666,-76.60228548,0.027975699,0.4536536600208302,-5176714.055,-0.156825968,0.008340172,16.215990458547555,0.006035221,0.65454138
geo-2a465536-2c23-44e4-968c-dacc7d41519b,10.0317,33.6972,1.3423,241.4825,6.0291,-3.5985,-5.6219,2.8822,0,237345.3746204685,3127005.268257735,63.48667083820443,199829.65858258825,37515.71603788028,3133424.378871823,60.16325833849538,0.048182871,0.6348052565296232,-10532099.82,-0.271078856,0.007615928,13.174915556109037,0.012786645,1.3964169137163958
geo-2a5e9b2e-dc49-4756-8f95-4f6eb03c2e2a,10.6244,30.4969,1.0088,243.9513,6.8856,-5.2555,-3.2931,0.2633,0,90457.09978342468,1967718.0691287408,359.5554393584989,50755.55509583913,39701.544687586655,1968161.893898744,357.4065007650205,0.020136158,0.4380229107178427,-4774057.96,-0.162840238,0.008837696,21.75305281553242,0.005748299,1.0182842940595374
geo-2a94061f-252c-4cc8-97f0-0c172dd4c9fb,10.2498,30.5193,1.384,246.1153,4.716,-5.5898,-2.7585,2.3224,0,102183.45366939882,2243577.812234274,140.35777857103662,61711.00730305375,40472.446366344906,2244826.676250971,139.8458286126538,0.020518141,0.4505039058873505,-7764005.317,-0.195798765,0.008126707,21.956370935485214,0.006302776,1.0677843724452638
geo-2b1f4e8d-4efe-4d66-a831-d2982a12a46b,10.3484,26.2454,1.0608,249.4535,7.8535,-5.8918,-4.4091,3.5365,0,329460.3071206102,3076161.6231933534,-16.21728443,292501.24860727205,36959.058513338656,3088420.7436935217,-16.7746085,0.072236866,0.6744735849379984,-4696980.816,-0.149533265,0.008105212,9.336971880097279,0.01399287,2.3491064481765873
geo-2b34f890-ad92-498c-a9e9-da16d827bd5e,10.862,28.9735,1.0752,244.2126,7.2209,-6.4923,-3.8562,2.0209,0,147537.1226434802,2371411.029336204,-21.52952551,109035.97907301574,38501.14357046381,2373736.7618974173,-22.13737641,0.032216428,0.5178248753730197,-5601585.079,-0.18070987,0.008408865,16.07331759523784,0.007857894,0.7557686209726171
geo-2b408d6c-07a8-4ee4-8d3d-9cbdbc726997,9.2144,26.7496,1.1584,255.0956,3.9258,-3.9402,-3.3371,1.1104,0,84884.09295,1579541.2398786617,49.869636583657766,44482.884064721904,40401.20889011839,1580359.144392269,54.03610924573864,0.01810756,0.3369493329705921,-5265154.247,-0.146839254,0.008620167,18.60821250359598,0.003922042,0.849944882
geo-2b47c3f0-ad8a-46fe-87af-c20ca9ef3e08,9.9244,36.4584,1.2209,246.683,4.6966,-5.5429,-3.7664,1.636,0,67554.44314478284,1314230.7153742814,33.75137784584392,26782.79692345295,40771.646221330375,1314786.8899384572,33.203324586752686,0.014168091,0.2756316072741473,-4578818.322,-0.128448826,0.00855093,19.454393437269857,0.00243671,1.0794681224971092
geo-2b6ebf04-5199-488e-912a-9915061362ae,9.0318,25.1572,1.0009,242.36,4.795,-6.1006,-3.9296,1.7233,0,74814.19138598038,1322388.612155301,-37.92264599,35697.75042713282,39116.44095884787,1323153.336637975,-39.02667983,0.016692146,0.2950443456909805,-2267706.359,-0.071747582,0.008727407,17.675638640974636,0.003067965,1.4669076319710501
geo-2b9dbfef-26fb-40f4-8a51-dc6732f81a76,9.8605,33.4264,1.2978,247.2439,8.1045,-3.4112,-3.753,1.5301,0,320358.6532006991,3330778.639320609,1243.6211680724457,283503.3456781213,36855.30752257704,3337528.6097213523,1236.4830850439848,0.065794591,0.684068355,-11396963.79,-0.295873021,0.007570794,10.397030347215033,0.015106024720606586,2.1960521231293386
geo-2ba7ac00-984c-4094-b41e-cd36e66c2dde,7.829,25.8274,1.2603,254.0719,3.016,-3.7189,-2.7298,3.8119,0,189237.1948705436,2488392.878818599,39.75283686511098,150883.22011509407,38353.97475544872,2493337.7354998714,45.23659587383288,0.039266513,0.5163388255106448,-6653730.415,-0.160915656,0.007958366,13.149597152509603,0.010839603570907535,0.7179412011745331
geo-2bac8e43-e793-43c1-9b49-4f334ad6963e,7.9626,26.6153,1.2359,251.478,7.9597,-6.2498,-5.2151,1.3759,0,159441.32781082037,2273377.0137456334,-120.5234726,121442.7882459019,37998.53956,2275936.929649217,-123.5140233,0.033296255,0.4747510692630158,-7256571.408,-0.177384412,0.007936866,14.258392381447356,0.009010049,0.2615934707381583
geo-2bd1b9fd-b6a6-4959-bbf1-fa11cefa31d1,9.3317,27.6461,1.349,253.7765,6.0186,-3.1708,-2.1688,3.688,0,429535.3547194226,3491267.3066348084,38.53546342927113,393279.6889254273,36255.66579399479,3509991.506519641,37.94934015475015,0.087044912,0.7075018427385054,-9621983.542,-0.237662331,0.007347136,8.128009180793388,0.017074363,2.5111503756990516
geo-2be0ea6d-d292-4fd3-b08b-381bd6e3cfe4,9.0079,33.9726,1.2814,245.0031,8.8887,-4.323,-2.5681,2.2747,0,398196.1105559308,3433964.7712917062,-811.6343086,362844.9958878134,35351.11466811749,3446147.503064872,-800.6188509,0.082157531,0.7085103540886314,-10553344.39,-0.269443584,0.007293755,8.623802895757725,0.017738585,2.5063248763473895
geo-2bef38d1-1425-4523-ba0c-471e93402a5c,7.5713,33.2456,1.081,240.7329,8.8614,-3.9598,-7.4128,2.655,0,336295.5258273146,3259955.3434852078,18.085150861777574,300658.8414976897,35636.68432962408,3270739.747883769,17.98878420630932,0.073328424,0.7108253627851803,-7026977.81,-0.191507186,0.007770452,9.693722019,0.021242493954284687,1.922126775401263
geo-2c07df44-5c1f-474e-bd05-e4a23bf7949e,10.5909,29.106,1.3057,255.6357,5.0494,-4.2348,-2.1585,3.8554,0,293808.9293560613,3127418.790338843,-10.29392963,255804.87299354636,38004.05636251558,3137874.649253444,-4.208228951,0.060214799,0.640950211,-9017628.607,-0.241181922,0.007790331,10.64439667369264,0.012347125116491036,1.2569902336018661
geo-2c382f3c-1857-491a-aca4-3e0490b46f55,10.0869,34.2382,1.0842,246.5552,4.9775,-4.3041,-6.6966,3.5976,0,152155.58863317175,2755731.7443470825,-60.44659367,113257.82911679993,38897.75951637196,2757711.2490484496,-61.30624941,0.033140217,0.600211591,-5485428.225,-0.169366086,0.008473829,18.111275235448627,0.011368447694911011,2.0043988301148747
geo-2c54378c-9324-4b92-97ee-c22f1af77d7a,9.9519,36.5053,1.3024,241.9483,6.8465,-5.6117,-1.8154,1.8047,0,133657.55490798582,2794953.6920661866,-229.0136419,94319.44372248383,39338.11118550089,2797163.137295313,-229.1403435,0.027416622,0.5733173046078517,-12008877.03,-0.31211827,0.008070894,20.911303472447482,0.010513183,2.578404151560015
geo-2c80aeb3-dd4c-49f7-9e74-064496a6fe59,10.083,29.8065,1.0467,245.3318,4.0661,-6.8933,-6.4585,3.1908,0,72491.46581247442,1156363.5605337047,-36.630613,32584.526555885383,39906.93925658767,1156721.299485363,-35.86850863,0.015961819,0.2546184696874256,86626.14893235711,0.002796585,0.00878702,15.951719937972602,0.002046634,2.843080477109844
geo-2c93d7d0-3962-47ed-9e7d-1205d3a95be5,10.1268,32.2551,1.2974,251.8945,6.9153,-4.395,-6.9576,1.7866,0,171421.94403885785,2770465.3631124464,-1698.908585,132353.00415319487,39068.93988566291,2773460.988052389,-1699.422145,0.035217338,0.5691710850691418,-9085769.61,-0.243013459,0.008026375,16.161672758094685,0.010182714150581163,1.1116279885657352
geo-2c9706a1-0922-4450-a3c1-6bcd30ade428,10.5156,26.3571,1.2158,243.811,7.7539,-4.9682,-5.7225,3.8147,0,396625.0896950574,3336506.569491981,-50.92545631,360443.95260854845,36181.13708650913,3353382.920023396,-46.53237604,0.083282178,0.7005899049052784,-6962519.902,-0.198587337,0.007598743,8.412242836319878,0.014857434343886738,2.239156110852449
geo-2caee220-b2a6-4db7-8f5f-4781d6417b13,10.7142,36.978,1.3027,248.1113,6.6328,-5.7928,-5.7832,1.2613,0,84391.71223944305,1924016.1808856437,-19.53440223,43345.598853839474,41046.11338560331,1925044.439,-23.24196805,0.017309538,0.3946339053677761,-6730522.569,-0.181465655,0.008420646,22.798638987518952,0.004626783,1.0910320031844098
geo-2cb4015f-f718-4b67-8e97-2771a6d71924,8.3614,35.9597,1.0287,244.5425,8.6234,-4.2019,-5.0857,2.4424,0,304640.18792609585,3188114.4888560483,864.5103089726617,268703.0053353366,35937.18259075789,3197026.023767148,863.5824439537595,0.067425893,0.7056241232531244,-5245980.915,-0.156353072,0.007953921,10.465180285502843,0.018954745887057915,2.4575168370102514
geo-2ce84f66-c7f2-41bf-a912-22325e0ad9f6,8.045,27.2564,1.1277,247.645,5.2129,-3.6739,-1.8448,2.2015,0,211542.8482298221,2721765.067,1237.9363003972678,173736.82901978018,37806.01921004243,2726736.729906253,1241.503327464358,0.045523631,0.5857188230843727,-7354604.12,-0.199389201,0.008135743,12.866258962760536,0.013573831101337185,0.6510693810557305
geo-2d338b15-8c0c-426a-a2e0-a11ef9ec91e4,9.6169,27.0147,1.127,248.816,5.328,-6.6727,-6.8868,2.5737,0,93379.96007874038,1693706.2680496976,90.49972229264534,53571.12114210726,39808.83893663337,1694857.8145734854,87.98055579952381,0.020094969,0.3644783599282007,-2605811.751,-0.076039,0.008568422,18.137791734131333,0.004397021,1.878454952915481
geo-2d5c8a50-6a14-4e7a-bdec-a4f5e3a8494c,8.9454,28.979,1.3938,252.8324,8.3736,-5.8308,-5.0068,0.8263,0,169037.12564391285,2533977.7796242908,223.0313100119975,130386.34631073696,38650.77933317599,2535926.961769219,225.50061061936665,0.033855535,0.5075167502124561,-9597257.046,-0.224463005,0.007741115,14.990658235411937,0.009165394,1.0069543550372015
geo-2d5e2fd4-3472-4c07-b2e9-25bcd70e6906,8.2373,30.8652,1.218,249.7894,5.171,-3.1895,-6.9128,1.1061,0,106567.06259335567,2169171.600695749,-483.4250312,66699.99685249435,39867.06574086263,2170582.6924048224,-487.8687996,0.022367838,0.4552971385555062,-7140322.845,-0.182889699,0.008367833,20.35499100667684,0.008010416,0.8999117823015567
geo-2db7a89a-3ea0-4e3d-8d5a-ee218c98157c,9.4573,32.4623,1.1223,248.2212,6.174,-5.2969,-1.9067,1.6335,0,122199.34798157022,2504026.3438072894,-4.161128593,82713.96036568584,39485.38761588423,2505814.857934648,-2.723163567,0.026331416,0.5395655486112971,-8291807.493,-0.240803632,0.008509997,20.491323277641026,0.009798766,1.376916969119721
geo-2df194e4-d1ef-4c4c-b56e-42215c15ef89,8.1283,31.6499,1.0929,242.994,5.372,-6.9872,-5.0147,1.9491,0,66749.20641791968,1118859.2937280908,-61.9458162,27266.99897182692,39482.207446092536,1119481.210112913,-61.16495983,0.014502556,0.2430938190490066,-2536729.688,-0.069844414,0.008580005,16.762136267551547,0.002314186,1.2877776034783242
geo-2e203025-8f2e-4c84-9f47-f5bafe2e51c5,9.5093,36.15,1.2236,242.7616,5.005,-6.8291,-7.0985,2.7795,0,73684.19951374251,1316573.8593029657,99.70343557,33420.17541109935,40264.02410264318,1317082.4308423053,98.97459823,0.015442304,0.2759198632050985,-1993389.679,-0.054626412,0.008438255,17.867790760995103,0.002548399,1.726327867199255
geo-2e21efb1-cf7c-46cd-887f-3690c7ca6d11,8.676,26.1489,1.33,242.2841,3.1362,-3.5404,-6.0158,2.4909,0,110596.40211319493,2018452.2182003576,-55.23102071,71088.06594577753,39508.33616741701,2020141.1740419688,-54.91732908,0.022525026,0.4110955475980929,-5579430.76,-0.134786384,0.008046569,18.250613759880686,0.006200349,0.9583717549985635
geo-2e399d4d-70b0-4f73-ac3b-afda306b2563,9.0253,30.9481,1.2932,253.4143,5.4435,-5.6414,-1.8475,1.8371,0,108726.40380927845,2280796.711507679,67.26746834,68312.79253,40413.611274827206,2282446.6610922776,66.18316844721836,0.022362105,0.4690987001798621,-8463953.974,-0.214392491,0.008311952,20.977394925234027,0.007760987,1.2052986599754945
geo-2e7154d0-7b12-4cea-a084-b8b9caaf23e9,10.6371,28.3379,1.3681,245.4904,4.6893,-5.2999,-6.8683,0.7475,0,70885.66543392916,729542.8135693397,-103.4790096,30236.687142057024,40648.97829187296,729996.1369763365,-104.262388,0.014292973,0.1471007652035342,-1689750.725,-0.043928883,0.00819618,10.29182429,0.000647525,1.597593745747419
geo-2e76db7d-1672-4f4d-ae74-5d1ecdd43fb6,10.521,28.3837,1.3801,250.8187,7.7646,-5.4927,-2.0942,1.4803,0,236945.12642151996,2893279.0997037487,150.89513494324595,198820.73227939632,38124.39414212237,2897713.138310649,146.7573142312995,0.04762639,0.5815542274491141,-10342693.52,-0.265027353,0.00766303,12.210755896944217,0.010232306505590535,1.6492106258573636
geo-2ec018fc-fd2c-4f94-9b5c-a6a71ee2482e,10.3185,28.7689,1.3945,247.1818,8.8514,-6.4738,-2.1092,1.1414,0,225692.7919937187,2855545.458031716,-50.50728585,187806.6709200077,37886.12107371049,2858994.640352621,-49.91368336,0.045194554,0.5718175630327414,-10628340.93,-0.266836581,0.007586584,12.652355588348577,0.010086686883816379,1.7042013471450397
geo-2ed266fe-b52d-45d4-8df4-cd121ae1f088,8.3933,25.9714,1.0171,240.8169,3.0596,-4.8944,-3.7843,1.1678,0,62994.57543016714,437905.64140652696,148.2594144970126,24169.905470898248,38824.66995926812,438273.3452915733,148.28015818953313,0.01398637,0.097225993,-1559918.876,-0.046239233,0.008621787,6.951481749281314,0.000358494,1.912824496532104
geo-2eeb0ee7-03e2-4003-8177-161e1d73c004,9.4773,30.3474,1.1955,254.1172,4.07,-3.7034,-3.7563,1.8475,0,103437.31319179572,2195150.098313988,68.34126979471675,63010.27540419407,40427.03778760116,2196509.9717537616,67.87338416128213,0.02184507,0.4635967917225999,-7053693.889,-0.197128319,0.008537797,21.222033235179897,0.00721849,1.0289891696926918
geo-2ef1d64a-e530-4db5-bb80-7d8bc272e1f5,10.2507,33.6906,1.364,249.9729,5.8698,-3.711,-3.8853,1.5666,0,158423.22947406958,2919922.147467592,197.0208832,118642.35293630626,39780.87653776366,2922496.122197679,194.66682822304304,0.031977913,0.5893896784005137,-11793635.35,-0.301904736,0.008029774,18.43114899980963,0.010787024,2.239345550267374
geo-2f011a0e-9c71-4541-88ff-a8a65eac61ad,10.9834,35.8489,1.0642,250.8983,7.8495,-3.1998,-3.3082,3.286,0,430968.79151727137,3321650.4902798096,79.14184763606987,395669.3494080874,35299.442109184485,3339124.286239845,74.56282380975765,0.094401903,0.7275935811618324,-5516958.889,-0.180478385,0.007733756,7.707403774147045,0.015342320296920044,2.914985674289171
geo-2f07d5b9-232d-4907-b0e7-ac8301f17ef1,9.6571,25.5648,1.1675,254.1701,8.1565,-5.1977,-4.5045,2.0294,0,283450.6990256264,2901964.821247282,-104.1070234,245761.59437524164,37689.104650385656,2909024.135770599,-107.4496976,0.060326209,0.6176190016542122,-6982184.336,-0.201206538,0.00802125,10.237987880160128,0.012573167,1.085607612062969
geo-2f795adc-bbc8-43c2-b196-1b1d5d610732,10.6064,30.3549,1.0418,246.2846,5.4512,-3.8157,-1.6559,2.9582,0,253439.68985065157,2969900.6347552813,-158.6275506,216209.3258333358,37230.36401731682,2977148.868585907,-155.4337195,0.055871443,0.6547223653380947,-5911599.383,-0.193312403,0.008209188,11.718372274308754,0.012864605681677976,1.294449006887033
geo-2f97e760-a52f-4c51-805f-a12d7ca8d3ef,9.5023,31.2813,1.1534,244.5787,6.15,-4.9637,-4.5704,2.7761,0,180418.3337608304,2752611.986554079,172.48649558983067,142367.30882166533,38051.02493916467,2756461.328082091,173.40630992646868,0.03854847,0.5881274839692758,-7542533.52,-0.217929402,0.00813,15.256830773102328,0.011586822121535527,0.824989814
geo-2fb0f7c1-3ad8-4955-991b-9a3ad53a53cd,10.6814,33.2722,1.3367,256.3419,7.006,-6.0612,-5.478,2.6177,0,161071.10940050794,2747864.344102452,205.4079250257549,121537.85026282269,39533.25913768707,2750820.2022459125,205.52769792218743,0.032747038,0.5586626841560796,-9353386.668,-0.249458405,0.008037384,17.05994547581965,0.009300821,1.2972524324162844
geo-2fd1adc2-5cb2-4c05-8392-14434ad72d9e,8.5851,36.7624,1.0976,253.735,5.7609,-4.234,-4.6031,0.8457,0,80872.19314271172,1746598.5010192443,49.90981787,40386.00857563163,40486.18456707946,1747473.1922917718,48.69118556645846,0.017547742,0.378978973,-6259886.969,-0.176498659,0.008786513,21.597021586110586,0.005325189,1.0625922575142355
geo-2ffab4c9-dfe7-4515-8cec-8c3c8c675cc4,10.2088,26.1289,1.1628,252.5915,4.4477,-5.8744,-4.8316,1.2472,0,68751.61214640814,822502.4877323793,16.522573356779183,28232.155021089944,40519.45712531766,823068.5894612503,18.38346807597076,0.014651316,0.1752794409461812,-1947414.548,-0.0579062,0.008634856,11.963392014442496,0.000957938,1.4294601489402217
geo-300ab204-459d-441d-8e6a-786639d6f7c0,10.333,34.7799,1.0628,246.1416,3.4006,-3.6053,-5.9287,3.592,0,109890.89505126823,2373435.2259216723,-70.58105513,70145.45864583863,39745.43641,2373588.886182693,-70.34768336,0.024085732,0.5202062047357818,-4051730.674,-0.13080043,0.008711303,21.598106238140762,0.008336327,2.309420188992147
geo-3023ce81-9767-416c-96ec-b24ea86eeb66,10.0676,28.237,1.1029,248.7641,4.4316,-5.4194,-2.304,0.3228,0,62961.90822177717,636123.5064047702,-63.84693814,22676.965397837743,40284.94282393812,636253.6911,-64.62795602,0.013643971,0.137849237,-2987788.079,-0.092341332,0.008729782,10.10330729119743,0.000600804,1.927782334454154
geo-30433d3a-fb91-4bfb-a13f-18d8d0869ab4,10.7706,34.1742,1.0092,254.5667,4.2881,-3.7177,-2.065,0.5747,0,69419.72624233254,1359083.1217875718,-5.880985304,28482.770096775537,40936.956145557015,1359489.6163437262,-4.888551041,0.015448154,0.3024403427068154,-4821163.481,-0.162864482,0.009111648,19.577765504911937,0.002703272,1.387199653735124
geo-3044ee97-856a-4860-a98b-a6dcd7d960b9,9.0604,32.1085,1.1445,245.2491,4.2242,-5.0228,-1.6706,2.0413,0,83869.94834194117,1846635.3489121464,120.95014590424594,43934.986347080376,39934.96199486126,1847506.526,121.43886837061342,0.017960486,0.3954511575018649,-6215396.654,-0.173713145,0.008553673,22.017842927282253,0.005493998,0.9751417684188164
geo-3072f920-59c2-4dfa-b6a1-ac333e69d40b,9.3374,25.2792,1.2635,252.2788,6.4649,-6.6142,-5.0796,0.8561,0,87051.75223362754,1487702.3645953604,17.20315106325757,46710.41172032661,40341.34051330067,1488629.127665523,16.11495547636207,0.018047562,0.3084303275098414,-4532080.059,-0.119410102,0.008363519,17.089861219596074,0.003242936,0.8182202918403675
geo-307bbdb7-08c6-4fac-9e01-1013816c23ad,8.5193,27.57,1.0067,243.5205,5.655,-4.1775,-2.9438,2.0075,0,174643.56830211403,2519022.8699205485,-2.908821042,136873.51352552755,37770.05477658638,2522387.557,-6.93807464,0.038900091,0.5610869048559858,-4895360.651,-0.149762375,0.008412854,14.423794099092861,0.011762685386688456,1.592116290951287
geo-309d1942-6803-495c-9298-5cf9afc38d06,9.6805,28.5863,1.2502,240.4673,7.9077,-6.7525,-5.5291,0.2515,0,91270.15782640972,1843011.1133784915,480.0594859,51344.14709348909,39926.01073292033,1843680.963477219,481.4498253522932,0.01899021,0.3834678080897653,-5805744.947,-0.157326207,0.008307199,20.192921292891857,0.004835152,0.8107128497286009
geo-309d2caa-fde4-4ecb-8a87-6131a8f4f969,8.9815,35.0491,1.1562,246.0119,8.5487,-4.5896,-5.6781,3.0012,0,333465.7869483188,3285884.5775633277,-58.60069713,297366.7106296272,36099.076318690735,3297285.472906892,-65.03195147,0.071193451,0.701521633,-8104058.631,-0.227162288,0.00770695,9.853738242935792,0.017441482182566234,1.5530645862828218
geo-30c09417-ffe1-4c53-a194-00e80da705e5,9.8912,25.7577,1.1918,249.8403,5.1765,-6.2061,-7.3731,3.2462,0,130520.26072176055,1796289.8067047268,-2.675347872,91705.68659850449,38814.57412,1798622.000890253,-2.253075762,0.027592791,0.3797467875278221,-3083759.865,-0.088290692,0.008205598,13.762536151640116,0.004640763,1.4185465143142229
geo-30e0a4c9-717a-41e9-8147-8f089b1ad493,8.6849,33.1453,1.1471,250.4095,4.607,-6.3762,-2.6927,1.0837,0,59085.57386072127,681370.6684474391,69.95860199849625,18741.644243163413,40343.92961755798,681701.6229,70.37865537805965,0.012646454,0.1458380106124088,-2828820.64,-0.078515199,0.008635017,11.53192943600054,0.000779519,1.6574433246789666
geo-30e92fa1-6a59-4bb9-a580-11450e230f5e,10.9279,37.0382,1.1046,243.1475,8.8045,-5.1631,-5.5002,0.7989,0,149591.3448370663,2866157.7368962327,212.55695580972213,110480.47742201516,39110.867415049644,2867793.8332807603,214.59812514003812,0.032401223,0.6208047328430172,-8449034.76,-0.271704177,0.008471301,19.159916905741177,0.011225959046597542,1.605613563079607
geo-30f0c7bc-0eaf-4e87-b4d6-20e9f9a4f07b,9.8718,37.3196,1.0843,244.6111,7.7469,-4.9779,-4.4055,1.0785,0,122637.2771769694,2627911.744920464,21.486503549105866,83195.79844681638,39441.47873015277,2629532.523340588,22.385145775114268,0.026715764,0.5724741506383888,-7951329.619,-0.246818066,0.008592034,21.42832754781658,0.010567336621821641,1.481750011540349
geo-30f58bfd-9a27-4ea2-be61-2a931e087b94,9.5251,25.1465,1.3618,241.7823,3.9822,-6.513,-2.0137,0.2026,0,93489.46301,-273496.7186,-13.86910174,54323.87681628255,39165.58619,-273390.6567,-15.84996204,0.01888186,-0.055237527,-179025.1039,-0.004424945,0.007910145,-2.925428276,0.000101965,3.344618522884541
geo-31067392-fb8c-4eb4-8c3d-958f8c417ba6,8.1553,25.9039,1.2938,255.9386,7.1129,-6.5439,-6.3239,0.589,0,89095.52093,1488930.7023029556,-21.52551159,48692.41939584627,40403.10153787528,1489832.0680152003,-21.76996135,0.018321619,0.3061839727766624,-5064994.92,-0.121901278,0.008308457,16.711622387960222,0.003659107,0.8152988750817523
geo-3132af87-ac2d-4da9-b042-42419b4922a1,8.9313,30.3141,1.0115,247.575,3.1044,-5.6269,-5.4632,1.9453,0,60534.74719967297,397187.3218408119,91.86230042719322,20838.12820324983,39696.61899642332,397666.2082267941,93.91557787177004,0.013461995,0.088328342,-111096.7066,-0.003411557,0.008829699,6.561311316469099,0.000278058,2.0465494773301907
geo-3133dd6d-246d-493b-9058-1a8ef68c1800,9.6509,35.7008,1.0744,256.1585,7.3089,-3.6288,-5.6175,1.1251,0,163329.20715931855,2929444.5643116464,31.28672018192792,123701.37650307851,39627.83065624044,2931712.411598916,32.19203259549224,0.035680307,0.6399558431094227,-8431234.994,-0.260729939,0.008656907,17.935827983626655,0.013507728695330937,1.4195846427342167
geo-314d809a-c9bd-4bf3-9692-11ab00afc4ca,9.7353,27.3473,1.2459,251.4463,8.6864,-4.876,-6.8869,0.8777,0,219881.25436526476,2687073.308706617,-65.02708857,181728.88568285503,38152.36868240824,2689663.5850946424,-63.52781588,0.045803082,0.5597395745839768,-7957352.694,-0.216944879,0.007947412,12.220565670609085,0.010244077,0.6899211648964131
geo-3177cf4a-cc26-434d-bfeb-8e4d11c65fbb,8.6289,25.9713,1.3672,241.4554,4.0462,-5.8738,-5.205,2.8371,0,94332.70046620682,1728749.0233271306,62.55136551186877,54798.51723895338,39534.18322725384,1729892.3683841184,64.66829814812814,0.019021245,0.3485849391697875,-4461042.914,-0.10284586,0.007973282,18.326084324771582,0.004482414,1.1726167304376711
geo-31a67ec0-0f2b-4b01-a144-ac6b466b7153,10.4359,32.3321,1.2978,257.5005,3.3588,-5.7834,-6.7049,3.6104,0,83204.11385073002,1611779.242108414,135.44949539439895,41718.05564546138,41486.05820526991,1611700.536,137.9690755,0.017091827,0.3310924342471505,-2572073.668,-0.06981522,0.00852204,19.371388835412443,0.003343634,1.8189117809858018
geo-31a7c295-9820-44a3-b6c6-ec067c13bff5,10.6922,28.4342,1.0973,244.6064,6.7411,-5.2366,-1.6502,2.5962,0,251167.37754973836,2891853.6057507605,79.75066802483336,213812.02904349347,37355.348506244096,2898608.159444122,77.06020230591261,0.054503204,0.6275308843547296,-6890307.292,-0.216857097,0.00810773,11.513651310780176,0.011723391357583076,0.8561619116797342
geo-31b0bcf1-05c8-43c1-84c9-4acd0fb8f51c,9.0441,36.6149,1.1015,254.9413,7.0066,-5.9785,-4.5311,2.9962,0,153707.1451091586,2896720.420733332,366.2344618236637,114366.64423490196,39340.50087425512,2899343.317288669,367.44274883643857,0.033321791,0.6279728424750302,-7655146.574,-0.224482675,0.008528485,18.845710904826007,0.013879266,1.4915161477168613
geo-3230a535-b7bc-4b70-9909-83d5b7e68652,10.5588,31.6539,1.1009,245.1848,8.3123,-4.4129,-6.0294,2.4334,0,306520.1026455086,3170009.7247632886,-42.7975879,269726.93696960434,36793.16567590331,3178660.065937328,-39.00920833,0.066460974,0.6873348060146973,-6793317.231,-0.215344786,0.007977606,10.341930912209778,0.014242041176059324,1.3841634471419444
geo-32316741-ddd6-4175-a521-fa8a3f24239b,8.5649,25.6882,1.3776,249.8184,6.2292,-6.5382,-3.7573,3.0411,0,182246.24250514543,2381930.3302484164,61.3878776,144680.14618869935,37566.096316445735,2386675.968771524,60.49417216394792,0.036648176,0.4789860230189107,-7141063.092,-0.162752227,0.007555749,13.06984604,0.008526553,0.2912704897430647
geo-32474608-adcf-49ee-ada5-d1bb8590c3d6,9.7459,25.3293,1.1316,251.7949,8.1079,-6.8999,-7.124,0.2492,0,98800.53434376029,1404204.4400966195,1100.896149933628,59648.33762050596,39152.19672325389,1404439.8949136983,1103.4069254788649,0.021234115,0.3017902612489942,-3676247.207,-0.107614391,0.008416251,14.212518681436766,0.002974669,0.8032165436748752
geo-328cd80e-c5e3-449b-b7b6-1642b840e8cd,10.3979,29.0253,1.2358,256.4376,3.5756,-6.4085,-5.5188,0.5287,0,122361.80272325412,-682634.2656,-516.2106115,82803.73569342535,39558.06702982741,-682043.67,-521.5226599,0.025558898,-0.142588446,2754532.9461685624,0.078206919,0.008262834,-5.578818311,0.000622405,4.110360648543867
geo-32c60077-02c6-4b4d-941f-07ab024a0da6,9.9107,27.7195,1.2523,249.1347,3.8413,-4.5305,-5.6186,1.478,0,72543.05409951802,1244032.1665353149,53.17028977811669,31999.826888668467,40543.22721084907,1244671.3569806966,51.43968331782854,0.015085167,0.2586937213790241,-3408887.266,-0.093318913,0.008430829,17.148880509341375,0.002149402,1.0485592720021657
geo-33076b47-ae3b-4d7e-82bf-d609a4795ebd,8.3621,28.5693,1.0127,257.6462,7.5842,-3.6776,-6.4672,1.6273,0,238166.6690623218,2815975.867641244,-45.50841889,200142.96868937192,38023.70037295035,2820641.46,-48.50183055,0.052957191,0.6261420785503651,-5093096.605,-0.153663911,0.008454658,11.823551459689718,0.014923838879309247,1.8483295945134728
geo-331ffa39-6292-4499-ac70-c60d92cdb2f4,9.0395,33.0301,1.3042,252.6602,5.4511,-5.5285,-3.3265,1.89,0,94162.18703986636,2123064.3725291057,49.393383476491465,53499.28596,40662.90107823678,2124307.1112355297,49.72823374091416,0.019309829,0.4353765777950115,-7791262.08,-0.195880343,0.008338693,22.54688892931384,0.006674763,1.123615938868878
geo-332df99f-0bf6-4e50-a23f-aefe4c345530,9.1893,32.7474,1.3716,247.6699,7.9463,-5.6964,-4.6808,1.4746,0,168166.02098859157,2809294.955578298,874.471098,129591.16079220994,38574.86019638138,2812100.2985890424,877.7021548718035,0.03387693,0.5659305461700223,-10928434.02,-0.263378687,0.007770838,16.70548508588951,0.011094148341884475,1.5276018131567357
geo-333d07e4-b5c0-4230-81d7-827155e46877,10.2882,31.167,1.0469,256.8221,5.7099,-3.4761,-2.3372,1.1953,0,158383.5349,2716400.650414076,-244.4658411,118677.55908828552,39705.97580443041,2718509.581277325,-239.5034222,0.034865083,0.5979632513097936,-7613962.458,-0.244266182,0.00874227,17.150776766373323,0.011062663905536849,1.1649517943102905
geo-334481c0-eeff-4dc4-b08f-24841c650da7,8.5024,36.6626,1.0091,241.0806,6.7296,-5.7302,-4.6795,2.7698,0,126749.73333184206,2609929.345577825,-1.995561052,88240.00575004183,38509.727581800056,2611754.2420994104,-0.874523066,0.028212612,0.580931588,-4679461.441,-0.142754318,0.008571649,20.591201866632687,0.012634515060038083,2.6089898047657196
geo-3371b634-d3cd-45fb-b8c6-58f829a7064d,9.2209,30.9293,1.114,242.2109,8.2612,-4.132,-7.479,3.2471,0,364104.4459634788,3309799.186,117.22909705509332,328226.74131744105,35877.704646038015,3323278.868161841,117.44172096963138,0.07863985,0.7148556274495151,-6771690.647,-0.19541574,0.007750488,9.090246556,0.017640606,2.0612201937435755
geo-337eded9-9a51-446f-ab05-d9d9b4ec80ab,9.7339,35.781,1.1038,257.614,7.3439,-5.8526,-6.7302,0.9932,0,87806.33635631837,1908838.457726352,-258.5572602,46929.58316709917,40876.75318922003,1909881.8524726264,-262.3602222,0.019019044,0.4134585751183675,-5024156.158,-0.150126425,0.008855782,21.739188046524024,0.005590199,1.009834441568557
geo-33b8cb31-f50e-4763-ac60-fa0d35d4c66a,9.9445,31.8742,1.3026,250.0523,4.1784,-5.9743,-1.7624,0.0365,0,62950.73418804898,84588.39702534239,-71.15551718,22262.284328582904,40688.44985946605,84466.12465101307,-72.12219124,0.01291481,0.017353937,-1858362.613,-0.049063143,0.008347493,1.3437237566229754,9.639693523632e-06,2.7167213386104105
geo-33d02be9-434e-4bf0-a636-2ca1ff2cd69c,9.1203,27.789,1.3392,244.6843,7.4612,-3.6532,-6.0034,3.7085,0,436537.12419248215,3534853.8994923355,277.30083833662354,401005.72414971335,35531.400042768786,3554005.3697162294,277.7355746471227,0.088692852,0.718189262,-9139742.659,-0.224822767,0.007219007,8.097487484,0.01800192,2.502891703
geo-33e6104f-6ca8-4b6a-933c-2d16be06e91a,9.2912,26.1712,1.2884,243.9878,5.2486,-5.0519,-2.3688,3.5246,0,242041.32786064385,2787401.4412719617,42.10233348914747,204747.3110188297,37294.01684181459,2795072.3247919586,42.10077736169417,0.049835071,0.5739116910457138,-7673793.272,-0.194753947,0.007680198,11.51622107641389,0.011284139907297392,0.6284782930708964
geo-33f34fa8-b992-4638-8186-8d5df2416fd4,10.9388,28.1653,1.0679,240.139,7.3202,-5.1841,-2.0241,2.6388,0,291144.4696507117,3015610.411,-359.9208881,254500.27886927716,36644.19078,3024136.538224511,-364.9077254,0.063720019,0.6599979472084472,-5950627.197,-0.196886023,0.008019923,10.357780158543658,0.012675515038534799,1.353598288238728
geo-340126ef-5928-49f5-84bd-5b26f1df02e2,7.7283,36.1986,1.168,249.9239,3.5755,-6.4001,-6.8675,0.0363,0,122863.97182553384,-924916.3572,170.26529270144593,84597.75292,38266.21890345295,-925386.9939,170.19903758753668,0.026139844,-0.196779978,3364545.277981467,0.085309169,0.008142948,-7.527970515,0.00159488,4.596893014412278
geo-344892c8-ea0d-4ee1-a72b-0eee7c0229d1,8.9317,32.1608,1.2082,249.7022,7.5659,-6.0575,-6.6295,1.1577,0,104903.26190009716,2137330.033638689,146.89790453509323,65121.74096240315,39781.52093769398,2138624.666700194,150.22238105226268,0.022077667,0.4498168991756655,-6462777.796,-0.173656809,0.008372271,20.374295278579144,0.007210868,0.8983793543320369
geo-3479543e-06dc-4fa3-b957-c006f43b4d5a,8.933,25.9972,1.1906,256.5931,8.3644,-3.513,-3.3598,1.6483,0,386932.2954938034,3293166.130811555,-4.007531895,349870.3192036075,37061.97629019653,3302278.568,0.022430255,0.081826876,0.6964254431381118,-8672862.93,-0.236192818,0.007837675,8.510962173909034,0.017282320375893084,2.2164327346002355
geo-3495afe3-9e79-4c87-bd5c-6a2d1462a500,9.0238,28.6742,1.0267,242.6216,8.5697,-6.1059,-1.5443,2.0471,0,270020.6243320898,2931566.878133018,-14.74607784,233405.45245073817,36615.171881350994,2938150.7021875456,-17.24835519,0.059797978,0.6492162297659443,-5756180.107,-0.178497019,0.008108646,10.856825790194359,0.014867549822788166,1.4976180427594936
geo-349e1ba9-53c5-48fa-80d5-48eb779cdc93,10.0216,37.2728,1.0021,242.9061,8.2083,-5.5546,-3.4254,3.7585,0,302465.9074105085,3040040.3406098126,366.551149,267209.57944539114,35256.32796511757,3051177.613195661,362.56536892799073,0.067461106,0.6780416478025837,-2689177.529,-0.08954157,0.007863426,10.050852893261304,0.014602452566349665,3.6981325747140237
geo-34b76f89-adb0-421b-99f2-493f9606e7e4,7.7565,28.5741,1.0152,252.422,7.8287,-3.7696,-6.5288,2.5792,0,310870.86918689974,3056139.667368209,-304.2287152,274048.2441064591,36822.62508044056,3065616.665555983,-302.6293083,0.069058989,0.6789118434814999,-5111993.286,-0.145879333,0.008181682,9.830897553578213,0.018915207084090575,2.42712161
geo-34e1dba0-42a5-469a-a441-1b91c9584ffe,8.5967,37.1145,1.2686,252.0685,8.0275,-5.759,-5.0883,3.9327,0,296594.5556127285,3295984.720023067,164.9685709,259983.60490902467,36610.9507,3306608.636254323,164.14035737572243,0.061405533,0.6823850817239647,-9936247.475,-0.250234331,0.007579718,11.112762043841192,0.017241593569505984,1.2490390931073838
geo-350af913-5224-4d21-b97f-54a1e611c2ef,9.2218,29.8841,1.3355,240.5499,7.515,-5.818,-4.7512,1.3958,0,152419.27805509543,2479181.1600635517,631.2535591564912,114351.48723768936,38067.79081740628,2481486.4341329765,624.6066000866352,0.030997886,0.5041972063978941,-8849565.851,-0.219500523,0.0077419,16.26553538173432,0.008774761,0.944623312
geo-350d5e0b-ebea-4d97-b1bc-4e9b7f0d7d3d,7.9576,26.822,1.3517,253.0258,7.2793,-5.2822,-2.0161,2.7575,0,301864.2344082861,3058339.0597680765,-175.0584319,265271.6266534667,36592.60775482031,3068229.7776430785,-172.8225884,0.061116333,0.6192004419547172,-9712534.077,-0.217533782,0.007410144,10.131505197238859,0.015336651,1.167091538127439
geo-3570b2b2-5574-47eb-94ca-6deed99f487d,9.9085,30.5086,1.1274,256.2694,7.791,-3.3879,-4.6807,0.2998,0,210045.1594631696,2939859.895091344,-700.8503469,170888.4656068461,39156.69385632285,2940934.2811054043,-703.854146,0.045195762,0.6325744837268528,-9039851.861,-0.267675585,0.008427111,13.996322993612441,0.012854806775739254,1.3065625733120823
geo-357e9330-45b2-4bcb-94a9-78566c42d33d,9.376,26.734,1.3555,257.4768,3.405,-5.4453,-3.4026,0.0861,0,94956.04907547144,-356944.1321,48.14792712503931,54774.98292040779,40181.06615506412,-357032.6935,49.29480529048509,0.019209846,-0.07221069,179798.15236840968,0.004429941,0.008128687,-3.759045743,0.000177025,3.4687800751912508
geo-358732f0-dc58-4b3e-96cb-407f9078e17e,10.581,25.3972,1.2971,255.6597,6.6652,-4.909,-6.567,0.9614,0,143841.52983320478,2033758.3933886387,99.55275801,104483.38690012891,39358.14293307607,2035209.2049325532,101.09554519375996,0.029553519,0.417853716,-6066863.78,-0.165904488,0.008086437,14.138881835773958,0.005252571,0.3889120640753519
geo-35b6eb95-3993-47d1-bcd4-8fb635113d37,9.8334,26.2835,1.0464,252.9388,8.5657,-4.9216,-7.4864,1.0216,0,208413.85309427115,2514834.040194227,154.29935634863665,170192.7476442292,38221.10545004143,2517361.5390625256,154.75636905474022,0.045894368,0.5537862153589107,-4706691.53,-0.150089748,0.008416543,12.066539737436308,0.00992729,1.2450740976496992
geo-35cabbdf-a562-49f2-89a8-5fceace16834,10.2813,29.4203,1.3392,254.0248,3.9087,-4.761,-5.0223,0.3818,0,66033.11513958439,420988.9245536869,-15.10551943,24910.459320827384,41122.65581875636,421108.7545246771,-16.48369629,0.013416191,0.085533867,-1868062.148,-0.048788455,0.008354997,6.375421236205181,0.000226505,2.013590992879315
geo-35d082c0-53c8-402a-bdde-864fade51d78,10.1589,25.2829,1.1551,249.7806,5.5265,-6.347,-3.2279,3.077,0,160950.10663414176,2205603.5099913348,67.67001946895402,122355.82936140885,38594.27727273206,2209034.9264429905,67.95538337437927,0.034365503,0.4709327363688205,-4987838.542,-0.146427723,0.008242179,13.70364739804079,0.006948982,0.6983401239999718
geo-35df3c7e-20b8-4f0b-b21c-b56830846c5d,9.8064,33.7674,1.3842,245.9839,8.9468,-5.5129,-5.9553,0.7319,0,169801.12398642895,2862548.1849957686,-567.9368539,131009.7734509255,38791.350535502905,2864326.469966052,-567.9864114,0.034093792,0.5747613443316424,-11481464.11,-0.283174266,0.007788743,16.85824049801085,0.010722983237672838,1.906144458608008
geo-35e9f42c-8df5-4358-bb94-dd63eda60091,8.2154,26.0359,1.0571,252.7645,5.9254,-4.2714,-6.83,2.6275,0,188603.3070297081,2416656.429316909,-51.36159872,150595.1415530647,38008.16547664272,2421123.5944882086,-49.43212949,0.041396495,0.5304313431955899,-4504798.664,-0.128143569,0.008344088,12.813436134162055,0.010901337135683982,1.6323944133618593
geo-35ebea04-63a5-4d10-8801-3cb664f7f6fc,10.2568,37.022,1.05,252.8992,6.2295,-6.5035,-3.8143,3.0969,0,109377.0364007715,2426031.7678662846,69.55237102365302,69367.28172,40009.75468,2426814.5653651534,68.94282111949352,0.024055896,0.5335705777968227,-4957750.081,-0.158433697,0.008801343,22.180448910473388,0.008835314,1.9173223948697784
geo-35f5a3b2-6a22-43ba-b850-57f3c1d08386,9.1112,36.0247,1.3455,255.7142,7.1974,-4.628,-5.888,1.6198,0,150459.1973,2885477.839935574,268.79851800024096,110426.6803635474,40032.51695131424,2888042.8863000646,272.3570387,0.030512232,0.5851577678676089,-11584344.96,-0.278918413,0.008119996,19.177809608389918,0.011962459943412796,1.8065431450649752
geo-35fd5752-16e2-4ac2-9225-8c850f795ab4,9.3122,36.0961,1.3021,242.9848,5.9228,-6.7668,-6.9969,1.734,0,72298.63681,1245603.539694626,-0.115958573,31866.09347041448,40432.54334292023,1246378.6902071333,-1.276605871,0.014834581,0.2555788998635268,-3033392.91,-0.077526752,0.008296099,17.22858956401347,0.00223279,1.2109648077261932
geo-362a548f-f92c-4695-9ae4-a750c4ae8489,9.3764,37.0708,1.0093,240.3108,7.4618,-4.7051,-2.8112,1.9436,0,186868.92721274644,3068773.6216051043,-141.9954432,149253.40632385196,37615.52088889486,3072533.3091451754,-141.1459229,0.04158323,0.6828825035164321,-7245281.855,-0.228346769,0.008372129,16.42206474547467,0.015830913,1.5883476408376176
geo-367e3aa4-5145-4678-9347-a582bcaecba5,10.91,29.5718,1.3652,255.5372,8.5365,-6.2959,-7.4107,3.7007,0,331224.9575637704,3251518.651,-30.00573699,293733.9168941322,37491.04067,3264037.4956365493,-27.36928712,0.066823247,0.6559802574784253,-8622906.124,-0.22386557,0.007565187,9.816647498,0.012554716625320152,1.3960057623100652
geo-3684c761-6011-4ec5-88e0-bdf594b603f1,7.5382,32.4605,1.3355,242.9149,4.1384,-5.6377,-3.8502,2.2667,0,74793.43474617363,1446113.1491811157,-108.9127015,35061.1013,39732.333447313664,1446832.890875067,-108.5593158,0.015207775,0.2940386894374932,-5291228.699,-0.116751129,0.00808042,19.334760518604348,0.003650828,0.9295853448175225
geo-36a2df22-3d20-4f8a-b12e-e034a3570cf6,7.7899,28.4601,1.2907,253.0042,5.9209,-4.6161,-4.4817,1.8969,0,155371.4154030523,2483544.7813276383,-1654.830211,116711.24906654596,38660.166336505936,2486502.1224962138,-1658.335292,0.031970488,0.5110344114237031,-8329678.158,-0.193233364,0.007956637,15.984566883715631,0.010671329624309086,0.6063467468141199
geo-36fc1414-5956-472c-a440-ec67f09f2293,10.4316,34.074,1.3433,250.6018,6.452,-4.4331,-2.387,1.85,0,191482.13240596603,3102422.531076248,-407.928271,152360.36118400696,39121.771221958894,3106153.9469706863,-406.754247,0.038853984,0.6295181430608224,-12495925.56,-0.322460951,0.007939872,16.202151564192576,0.012092489086129928,2.4616375361392935
geo-3701092a-21b7-4b1c-b6fc-7115d59b2d1e,8.9464,29.1598,1.0823,254.3681,8.8727,-4.2118,-3.1641,3.9125,0,550228.6447356693,3609907.287540708,88.99519269195041,515593.0822841455,34635.56245152374,3637068.161337353,94.90279300191064,0.1199069743986191,0.7866785287350407,-5849874.235,-0.17034784,0.007549378,6.560740379619657,0.022018940057992282,4.317906920642963
geo-371434ff-8435-40df-995e-ab27437f01f3,10.2867,35.379,1.3783,241.9283,5.3717,-3.2502,-1.7884,2.5135,0,233678.3585178876,3243046.756537418,331.6046865737807,195888.50734887837,37789.85117,3248987.656929298,326.7268135366368,0.046991872,0.6521649641714836,-12397936.13,-0.314556529,0.007599362,13.878250331380967,0.013161002770766959,2.2206362528509467
geo-37192334-b8ba-48c9-86b9-49d81b0990f7,8.719,36.2853,1.1972,257.1213,8.9828,-3.4231,-7.4222,3.5073,0,461558.5624995729,3531637.0677909604,293.898856,425736.5768052048,35821.985694368734,3551626.526130245,291.10360310154914,0.097411525,0.745348869,-8910627.073,-0.23471259,0.007561725,7.651547072738425,0.020281620081996004,2.9850917976702385
geo-372865c7-9c49-4c86-8b7e-ed9b31b0316e,7.8216,33.9299,1.1825,254.8928,7.5313,-5.556,-4.1506,2.8211,0,221687.04584758732,3092478.536915611,-1789.782401,183718.09542979405,37968.95041779343,3098353.583603952,-1786.643949,0.046986136,0.6554447745570798,-9360261.727,-0.240000866,0.008047402,13.94974850736979,0.017483433904966445,1.002647399167289
geo-3766ddc5-eedc-49f5-a974-79a2484d545f,9.0717,29.4186,1.2738,243.3381,3.6097,-4.0237,-2.8157,2.4823,0,117222.21389332433,2354922.366225411,-68.38225626,77663.34773192715,39558.86616139704,2356648.5387609955,-71.65396139,0.024230186,0.4867695637299652,-7777897.549,-0.197208793,0.008178588,20.08938654211457,0.008313967,0.969090938
geo-37765dee-44af-42d5-8d78-357678f1e79e,8.0371,34.4421,1.1281,254.1478,5.8129,-4.078,-2.2931,1.8519,0,152410.55064413545,2760157.627800794,-128.1540154,113034.94737162956,39375.603272506174,2762974.047,-128.2089051,0.032794799,0.593914354,-9579696.889,-0.259506625,0.008472564,18.110016768100973,0.013970064114345924,1.413183089036225
geo-378b73a6-6476-4dc5-9286-420560177c88,9.7332,27.7175,1.0488,245.6595,7.0217,-6.0883,-4.8404,3.1347,0,213309.63533867156,2661553.372049474,-478.9539015,175741.64567280083,37567.98967,2667191.687532565,-477.5326987,0.0469402,0.5856924670482401,-4424158.985,-0.140103081,0.008267042,12.477417477291777,0.011218473244952391,1.8396080320833774
geo-378e5be2-ea32-4e01-b74b-9356d59bfa63,9.8085,35.2373,1.2581,247.6936,3.8663,-5.6872,-3.3075,1.4228,0,59744.30103052402,753366.7646983765,85.89737570343846,18924.689327269465,40819.61170325522,753709.5431,84.79584454633095,0.012401671,0.156383235,-2882143.211,-0.076892409,0.008475011,12.609851512255027,0.000793648,1.5471053259939644
geo-37a7f505-c7e0-4044-ab14-20db18751066,10.2935,28.88,1.2422,249.6685,6.4967,-5.8216,-2.801,2.3876,0,181869.64869603017,2628600.2651994014,37.168447371230215,143323.95976335416,38545.68893267595,2632438.2132295747,37.39080714046493,0.037922957,0.548108475,-8134167.168,-0.22867359,0.008037398,14.453210219769804,0.009290094,0.8696544071671838
geo-37cc3163-91a0-4832-8234-2ddb0135235e,10.4501,27.5875,1.0331,257.7987,7.6696,-5.765,-5.7913,3.3743,0,282132.9096961876,2925652.6286829147,13.152174658643276,244224.79973751816,37908.10996,2934925.974,10.337893812215109,0.062365391,0.646714598,-3732463.553,-0.123948229,0.008379532,10.369767326446892,0.012739577021583475,2.6230285106030395
geo-37cf6927-9d7f-4a5b-8a18-6e7dc6b43e7a,7.9189,27.92,1.0064,246.9594,3.0125,-4.2881,-7.2633,0.9796,0,71195.61087003683,129796.07594648488,-109.0112094,32310.808589376906,38884.80228066008,130209.46642570276,-107.6172931,0.015859481,0.028913277,-337810.6944,-0.009966004,0.008661904,1.823090979350043,3.3603144060470885e-05,2.420837372384308
geo-37d7d007-daaf-42d9-b071-fa493343a4e1,8.7048,32.373,1.0037,244.7563,7.0756,-6.1147,-5.6168,0.7702,0,78151.18143873777,1622073.0607093482,6.090799382497664,38574.79345715363,39576.387981584005,1622882.6347718332,5.433170343664017,0.017418916,0.3615396957505644,-3370763.428,-0.102797011,0.00882286,20.75557951712957,0.004779729,1.3914911508200902
geo-37dcbf24-d5f4-47ad-aa82-6f3a3f6ea980,9.6349,35.8088,1.0314,244.5932,5.8359,-3.5767,-3.592,1.165,0,106798.62317796797,2396220.388848672,27.72275514277013,67329.49956460994,39469.12361335691,2397584.5397593137,26.319589917242567,0.023619344,0.529942718,-6554177.644,-0.209261241,0.008728857,22.43680974103625,0.009278137,1.2974867377156563
geo-37e92868-175b-462c-9bf1-42cad274ec95,8.5796,35.9694,1.2943,256.2118,6.8988,-4.4834,-6.2451,0.848,0,104432.4265181768,2263187.706438777,2791.139025,63745.74515607965,40686.68136,2264525.0562506383,2793.0924970853152,0.021468184,0.4652437144334778,-9122547.755,-0.22149324,0.008365654,21.671312080877982,0.008030528,1.3589348893758015
geo-38615f8d-d293-4121-972c-e081bbc29add,10.0353,27.7298,1.0552,252.1813,3.5049,-4.8179,-7.3258,0.6196,0,87842.24257883512,-94146.46912,-91.33933284,48278.61273152569,39563.62984730911,-93764.29856,-90.89466597,0.019290936,-0.0206754,829702.2331946562,0.02612302,0.008690279,-1.071767596,1.355899841041444e-05,2.900174751
geo-38662791-62f6-442e-b84a-c54a23d0084f,7.5868,29.0564,1.223,245.3601,6.8057,-4.7288,-6.8252,0.8407,0,113539.69856109549,2084892.6930054908,-153.481718,74664.59461485216,38875.10394624317,2086190.7836098943,-157.1540197,0.023798879,0.4370110945273558,-6887323.71,-0.168660523,0.008148507,18.362675957639755,0.008012655,0.7040669338038532
geo-386bb172-1503-402a-89ff-315010a61d1a,10.6714,35.6677,1.0686,245.0328,5.0595,-4.608,-5.5608,3.3193,0,129132.91575184675,2641446.354530813,242.5136340804517,89828.51105602384,39304.40469582222,2642620.593038371,243.6852030899202,0.02825061,0.5778733537311196,-5349540.322,-0.17192055,0.008600422,20.455252165194345,0.009960796,1.9640015769203247
geo-389fdab6-f8e4-4fe6-860d-81d78571360d,10.2956,35.4063,1.1374,255.8077,4.5331,-3.3619,-2.9618,3.287,0,194044.43047938385,3115596.5484749693,173.12592431287555,154924.02999094545,39120.400488438434,3119806.985161858,167.70712838927844,0.041644966,0.6686556892347324,-9150436.653,-0.278573409,0.008395805,16.056098805711375,0.013823039669710857,1.4707553484358058
geo-38fd1e48-63f4-4619-9b4a-4b80cd896d79,9.6143,29.8349,1.1071,255.606,5.1969,-5.5531,-2.3692,2.0558,0,106637.27152535302,2236000.562114418,148.1916465950581,66420.92125079408,40216.35027455948,2237476.8251458565,147.12053093229804,0.023076413,0.4838727717651334,-6291699.71,-0.186374058,0.008704616,20.96828369790754,0.007751662,1.0363288034791869
geo-39088715-efef-455b-ae26-bc0dc9c4c9fb,10.2558,33.206,1.12,257.082,5.0117,-4.2498,-2.1263,3.9005,0,242800.5857424786,3053116.9759280765,-56.31313579,204802.18991800945,37998.395824468986,3060225.8172447425,-57.89720377,0.052352217,0.6583074772585178,-7544828.126,-0.228573089,0.008194799,12.574586534014013,0.013450492,0.9513728813468402
geo-390fa7c9-0fee-4140-95d5-23d612ad1eaf,8.8684,36.0743,1.3491,241.2776,7.2027,-3.6452,-3.0623,1.8862,0,262932.3375172625,3310531.700908236,607.1325111486303,225792.41773462825,37139.91978263461,3316742.3244271283,609.2943689,0.053281572,0.6708582746200109,-12316874,-0.296555494,0.00752613,12.590812268159631,0.016153491809533526,1.8228604218904676
geo-394ad8e4-3df9-42af-a1c1-c4bf8182fc96,10.3095,37.3599,1.2104,255.2571,4.1271,-4.2148,-2.6061,3.3348,0,123136.67937417205,2705516.636681673,95.87473760679158,82735.87420279195,40400.80517138128,2706458.293112704,92.92306821248214,0.025899431,0.5690533676732813,-9533225.073,-0.274751207,0.008497487,21.971654996968727,0.009998124,1.8813258169814064
geo-39505b7d-26e7-4614-bf2c-f4b06681d7de,9.7514,30.0022,1.0638,252.7468,3.2063,-4.4638,-4.0708,1.0048,0,60873.01086985496,575079.5131443043,10.49810217691394,20399.495214494043,40473.51565536152,575316.9718799829,11.757876673520698,0.013335497,0.1259831070697354,-1930625.456,-0.059527951,0.008868354,9.447200079749585,0.000518093,1.7175684805767633
geo-395f4a8f-62d9-4fb1-8a50-1560a41b1872,7.9837,27.2351,1.1964,255.6088,5.9058,-4.2668,-2.6275,0.2781,0,115695.11859105082,2054999.7578218176,144.11332809255217,75625.53920682885,40069.579384221935,2055825.1008287708,141.8329661889094,0.024427775,0.4338910093113206,-7821637.784,-0.200490242,0.008460214,17.762199329132073,0.007505977,1.034812779207769
geo-397fff80-c0ab-405d-bed7-0547d7e313ea,9.0214,33.1997,1.3669,256.0785,8.6955,-6.0217,-2.2626,3.0744,0,351296.11910654017,3395535.479570968,-354.0825228,314856.1891741288,36439.92993241173,3408130.633213977,-355.4513341,0.07084092,0.6847296178513238,-11604251.76,-0.273605035,0.007349809,9.665735813441126,0.016543005535624433,2.04721539
geo-39a9adac-851c-485c-82c7-d4703966b08f,9.8518,30.5517,1.0016,251.2522,6.2117,-5.6059,-4.7155,0.4855,0,71427.35806,1379081.7823252245,134.65186586292606,31115.534533118844,40311.82353088855,1379563.6363765693,135.18113791163597,0.015933258,0.3076309500638805,-3012217.363,-0.099482349,0.008992287,19.30747293060178,0.003057698,1.0854814262526093
geo-39f9f46d-2e84-47ed-bbbf-49e9ba8c5e08,10.3759,27.9746,1.1596,250.4189,5.4185,-6.8372,-6.2227,1.6736,0,72785.01093496005,1084657.7776190017,203.06021790364403,32353.04574589173,40431.96518906838,1085414.082101732,203.52161935293225,0.015521405,0.2313032850109437,-1648861.193,-0.048752644,0.008623858,14.902213569607548,0.0016413,1.5549624765418106
geo-3a475fea-685f-476c-aa1f-9bcb83f727aa,9.0754,25.692,1.1131,256.061,6.5056,-3.3239,-1.5862,3.4821,0,442593.4917209348,3412839.686769386,75.32785597447935,406129.2562520233,36464.23546891204,3431618.3648953107,77.36952165262218,0.095636021,0.7374496308812447,-6555435.695,-0.190872325,0.007879185,7.711002874215916,0.019074321,2.9142957359888833
geo-3a5d088e-22e3-4cfc-8739-c6639a4c325c,10.9457,36.3002,1.0924,246.0657,5.4663,-4.5911,-3.6713,3.9587,0,207219.55855631264,3105609.7671720763,142.50016077271425,169395.12639612923,37824.43216018345,3110269.8471181374,140.6303169889932,0.045028819,0.6748491293470417,-7348323.426,-0.234873046,0.00822091,14.98704943108989,0.013244024342923969,1.2575747375868607
geo-3a5dad4e-2b43-4ac0-b149-0a6b9155c161,9.1836,32.3193,1.2422,240.9272,3.9025,-5.3365,-2.996,2.0559,0,70695.42192,1429289.2556770183,-20.12132266,30640.006114686545,40055.41580347664,1429832.3474786084,-23.87787581,0.014738161,0.297969718,-4908629.28,-0.128248738,0.008352201,20.21756454514924,0.003077382,0.9577524749647329
geo-3a7e5a1b-4c35-4725-8e8b-8822c13242a4,10.9062,36.0223,1.3861,240.0231,5.5359,-4.8393,-2.5795,0.8937,0,79401.08493751963,1888751.8837543607,-56.73155245,38520.37411583388,40880.71082168577,1889605.564,-56.10740674,0.01593477,0.3790480541768268,-8784881.129,-0.228170599,0.008204186,23.787482063256892,0.00419339,2.1134354758177567
geo-3aa4825c-f73e-4003-9283-55f821a90629,7.7866,36.4358,1.0617,240.7904,5.5326,-5.2071,-4.6684,0.8367,0,66014.26191205141,1195986.868220172,13.78453823592453,26636.45976101421,39377.802151036834,1196540.8154644568,13.923001187334336,0.014473451,0.2622169307490825,-3929853.136,-0.110222371,0.008633433,18.117098238764683,0.00281076,1.0242879773452203
geo-3aa6640f-69cf-4378-a797-f448db18c0b6,8.843,31.6557,1.0023,255.389,3.582,-6.8282,-2.9543,1.0844,0,64601.23389,-201091.5523,16.780659733556547,24729.625308369792,39871.608579848784,-200778.9991,14.75664189087594,0.014407633,-0.044848266,-3656.0568,-0.000114336,0.008892284,-3.112812871,7.240054307767982e-05,2.990524405
geo-3ab1dc25-3ee2-457a-8ea8-d263859c0f22,10.8475,34.8572,1.2977,257.7604,6.5668,-3.7202,-3.4984,0.987,0,154972.72610194708,2931885.8479353404,29.151556771221564,114499.21250969992,40473.51359224738,2933838.9067909126,29.482254322313125,0.031828825,0.6021606718858189,-12644511.28,-0.344323243,0.008314266,18.918721517531072,0.010640088584769697,3.1195022097490193
geo-3abd9848-4871-4b52-9b7b-b8ae49470d2f,9.1604,35.4579,1.2839,255.3549,5.8978,-4.7141,-6.8883,2.1646,0,112496.75155435193,2372849.683,294.40595614069224,72066.22206340001,40430.52949095313,2374423.274073744,297.1945575399036,0.023190451,0.4891470429601097,-7877047.853,-0.199174327,0.008336165,21.09260623287113,0.008314087,1.0546556675231633
geo-3ac9b7a9-1435-41f4-b5a4-c4fffeaf288d,8.129,30.2529,1.341,247.8817,3.4233,-5.053,-7.4232,0.5134,0,93062.71062862016,-244455.8871,304.9617102360329,53916.977621167774,39145.73300745291,-244135.9648,306.5971269882185,0.018898906,-0.049643394,901935.7267580724,0.020917528,0.00794956,-2.626786663,9.65019142938855e-05,3.129579312828501
geo-3b144c8b-5b7e-46ff-a4aa-1bdb3b85c3cd,9.6024,30.0829,1.2546,254.5947,3.1632,-3.2254,-5.4874,0.515,0,64457.03430114761,752100.5496,-25.37528929,23442.085072925245,41014.94923,752268.1843955121,-25.78119438,0.013395366,0.1563004302145622,-3142748.475,-0.084537525,0.008523622,11.668246263153597,0.000809824,1.6313404224573238
geo-3b3893fe-fb0a-48f7-ad11-4ce642cef6f9,9.4389,32.6266,1.2391,242.7316,4.2226,-4.5636,-5.4344,3.7462,0,139753.2372965236,2595548.6562641007,254.32606670733983,100971.65394159606,38781.58335492813,2596952.3280475694,266.92047153942667,0.029159433,0.5415597345900715,-7347498.378,-0.195076564,0.008093389,18.57236874418118,0.009890574,1.087456567497287
geo-3b445b45-fe36-48c0-9fdd-e0923d687ce6,7.7786,26.495,1.1736,243.4692,4.1178,-4.5711,-2.7192,1.2435,0,83854.59603134007,1492889.5262855291,234.6822674347257,44633.07779819008,39221.51823315077,1493824.0355883488,234.93516376807423,0.017812828,0.3171273342518677,-5285178.866,-0.133871827,0.008333321,17.803311886775592,0.004115438,0.8360433400262772
geo-3b8ed1ee-71f4-4b30-acc1-eb1fe69845b5,9.2557,34.3238,1.0237,248.2871,4.226,-3.5005,-7.3169,1.953,0,81437.28821672486,1735873.2609791222,99.63245042246312,41491.647653829925,39945.640562894005,1736676.6972872757,99.99144378,0.018046718,0.3846741060497178,-2877578.514,-0.089123265,0.008853847,21.31546001826017,0.005088933,1.909440607330292
geo-3b91493a-f773-4beb-8616-46d2e87e6c11,10.7384,31.6635,1.3707,250.2422,5.778,-5.7246,-7.1342,1.3112,0,81819.28100496974,1576168.4141309154,-26.52260455,40596.73858483602,41222.54242013368,1577079.1586294072,-26.31668624,0.016486325,0.3175929217114442,-4225362.382,-0.110155677,0.008306167,19.264021814554557,0.002989869,0.9672148276599807
geo-3b9c38f7-8970-454d-9f01-b2b6497f6bb2,10.8408,32.4887,1.143,247.1745,6.9865,-4.9351,-5.1171,1.8362,0,160912.24375989492,2783378.6295032995,1308.691060590888,122003.78019407646,38908.46356581972,2786019.2829947923,1310.183428,0.034480396,0.596424451,-7844543.295,-0.244016549,0.008337291,17.29749436380061,0.010444789074975465,1.1736775901737841
geo-3ba38ecd-1482-43a9-96a4-13325997593e,7.5371,29.5715,1.1519,242.3034,6.4077,-3.4303,-2.4347,2.5693,0,305575.3324297526,3126546.679,853.1079286559903,269372.4981456186,36202.83428413488,3135953.799421927,859.4142872580607,0.065316935,0.6683014793075395,-8484428.77,-0.218577057,0.00773834,10.231672348161265,0.018862128309199314,1.294135026416453
geo-3bda82bc-a1a7-465b-9316-67dc27ddadae,7.6306,31.2533,1.109,257.6081,5.1974,-6.3114,-4.3603,1.1676,0,63917.99847,894011.4864050513,-248.7828136,23605.884892597824,40312.11357731188,894505.9877558657,-250.3793853,0.013827391,0.1934016457090835,-3114412.682,-0.083410448,0.00872068,13.986850461625862,0.001560313,1.3199785538344997
geo-3c1d26e2-8726-49bc-a4ef-61210fed4b80,10.8771,37.2232,1.0417,251.064,6.9758,-5.8295,-3.5176,1.6191,0,98663.0147,2294019.016462495,525.3305262118555,58414.15700714185,40248.85768896386,2295267.092021093,527.0550527293799,0.02175565,0.5058417743263149,-5508384.972,-0.185404234,0.008875012,23.251053330656784,0.00748801,1.3471115290351012
geo-3c324e91-175b-4ed9-8608-39ad1bd71ef3,8.7517,33.5629,1.1884,253.6235,4.1553,-3.152,-5.3255,2.346,0,114035.3856309368,2418024.899964738,-267.4105591,73962.34258747961,40073.04304345784,2419535.023886529,-270.0875438,0.024125342,0.5115576735390341,-7749765.186,-0.205887876,0.00847957,21.204162958596104,0.009518027,1.1353322259504215
geo-3c45ce9c-c451-4282-a4e0-6b8daf0dab43,7.7523,29.787,1.1224,251.2055,7.244,-5.3563,-3.1635,3.0497,0,266711.19462142274,2992160.217814752,116.35305685973256,229662.31686200103,37048.87775942213,3000549.770596838,115.92374218418148,0.0574691,0.6447301680748222,-7692341.348,-0.202241834,0.00798465,11.218727515588192,0.017067721,1.0830372789519938
geo-3c60c13b-1be1-44f9-a1fa-9b009d7b3aa9,10.394,32.6683,1.1075,251.1561,7.1816,-5.1177,-5.0945,3.2362,0,250421.88438887088,3043244.6324686785,-45.20462839,212769.1666833652,37652.71770550616,3050513.8963305308,-45.1678939,0.054196674,0.6586234959609113,-6822380.056,-0.213495421,0.008148814,12.152470779043131,0.013284397262793292,1.0521236495234654
geo-3c90666c-dc87-4310-9fe9-bbbb7bdeff06,10.9537,33.1899,1.3572,252.8033,8.7912,-6.5398,-6.4398,0.7524,0,127333.48671835486,2410030.607167545,1906.129387450272,87216.34553965527,40117.14118,2411213.357183581,1909.022760617598,0.025748368,0.4873372795597684,-8694996.558,-0.231260732,0.008112127,18.926919141845325,0.00690158,1.3476575759498253
geo-3cca22ac-7c2c-4214-aa33-ba4dab11c3f5,8.6286,29.0314,1.1131,256.1598,4.5031,-3.6954,-2.884,0.488,0,81915.98063977149,1561197.143207923,-100.2593854,41516.90903085007,40399.071608922575,1561740.171160937,-102.8652306,0.017696816,0.3372750794522623,-5934367.171,-0.165774639,0.008729424,19.05851741,0.004196414,1.132091187167436
geo-3ceb4885-fba1-41fa-8d79-309d4a1ff806,9.0581,29.8587,1.3948,255.4851,8.4656,-3.6128,-7.4636,3.7005,0,483050.9437,3690016.4056705264,-202.4299846,447454.1674697705,35596.77624817007,3711943.745946197,-209.1541465,0.09672248,0.7388610695068888,-10223839.09,-0.240440292,0.007127593,7.638979808773901,0.019183974,3.003328290682627
geo-3cfbdc07-f92d-4b89-9469-47fde595fc72,8.8787,27.3281,1.319,249.5626,5.7555,-5.0095,-6.7581,1.8196,0,125366.45635576433,1990931.7272758456,41.37767713938183,86599.76308999548,38766.69326577013,1992875.9682641344,37.77957615998438,0.025602519,0.4065909630737485,-6124694.04,-0.14849271,0.007918589,15.88089657432747,0.005926744,0.5036355236521252
geo-3d077401-3afb-4bd8-aac6-2a3772a43520,10.1975,35.7697,1.1562,257.8835,5.5521,-6.5992,-7.1692,1.7039,0,69689.28118776562,1033512.8231761848,-40.3567873,28354.027653922505,41335.25353384503,1034157.1853721248,-41.61168209,0.014878349,0.220650356,-1276392.387,-0.038123284,0.008824845,14.830298226086772,0.001519727,1.7138866952708482
geo-3d2458f5-535d-43c3-ab1d-4a4b799b97a2,8.888,27.1228,1.2154,254.2238,7.1892,-3.1199,-7.4343,2.6824,0,336661.7027072509,3158187.3087311136,-28.80485995,299492.6322676024,37169.07043964941,3169102.465591928,-27.30922038,0.070698964,0.6632193954982732,-7811961.104,-0.204909394,0.007807082,9.380892698322029,0.015752900078098712,1.578274196316169
geo-3d602d52-d52d-4a00-9a5f-9417dc0ff7f9,7.6033,35.3586,1.2466,251.491,5.9495,-3.56,-6.9141,3.5559,0,241932.83579983248,3226602.002,-636.1470957,204182.06364243157,37750.77215740188,3233740.0521393684,-635.9479796,0.050387055,0.6720004425363839,-9671049.438,-0.23289003,0.007862266,13.336767584745688,0.018905454,1.0610039879906619
geo-3d9828b1-94ef-457f-9064-64d25ce3dd95,8.2905,26.8416,1.0709,245.0483,5.2572,-3.2499,-3.707,0.277,0,109514.85275499382,2022544.6884968155,-86.2531279,70351.43559064176,39163.41716435159,2023227.031437929,-85.1594513,0.023943067,0.4421858906933101,-6335558.872,-0.179149093,0.008563968,18.46822268958942,0.00750722,0.7333637032057553
geo-3de8afe4-db8b-436b-98bb-c0835f4ec9fe,9.1066,33.3864,1.2607,246.3781,7.4224,-4.5312,-7.4949,3.277,0,274692.2021705684,3165380.8037048094,-163.0969107,237622.50284980357,37069.69932076608,3174146.356,-164.8643082,0.056992183,0.6567422069767705,-9027379.163,-0.235390322,0.007691052,11.523373356405967,0.015075916468731033,1.0146609223063243
geo-3e112be4-7ab2-4560-8469-98da6d9f0967,10.9411,29.4604,1.1837,241.6513,5.8416,-6.83,-4.0845,1.1869,0,69826.72774469561,1279170.371502016,-30.42008098,29617.594279484656,40209.13346521062,1279810.9659427183,-30.83337751,0.014791681,0.2709718818026872,-3314518.812,-0.098809152,0.008519385,18.31920831,0.002136179,1.0211794461571315
geo-3e3ea471-9b7a-45f2-84a6-d40bcbd12a1a,7.7198,26.5458,1.0099,242.6363,6.5795,-5.5934,-1.6392,0.9141,0,123654.78141557588,2140953.168785269,-40.08678556,85267.13574066079,38387.645674915206,2142402.2981778183,-41.44953104,0.02751735,0.4764341260940485,-5368265.863,-0.155953511,0.008542498,17.313953769324986,0.009359439,0.9815241810775679
geo-3e6d34a9-4117-4c80-a7ba-800dcdf9acfe,10.1152,30.2665,1.0324,254.7221,7.3614,-6.6904,-4.1484,1.5695,0,111704.37119666256,2150746.3303088862,-1282.239646,72120.35822,39584.01297756328,2152051.4118081406,-1282.808491,0.02469207,0.4754189805119905,-4553340.412,-0.146453064,0.008751748,19.253913766027722,0.007112605,1.350764586409999
geo-3e85aa7f-db48-4d3e-a911-c387f5028123,7.658,26.4987,1.2948,240.9209,7.2291,-4.191,-4.9227,2.8396,0,316466.35033362336,3078103.7641963013,61.453951276492106,280804.3182660053,35662.03206761814,3088852.197950061,58.98414854213641,0.065060799,0.6328125899890619,-8801553.118,-0.2051159,0.007331548,9.726480432915952,0.016645045523573706,1.3098896020135566
geo-3e8caad9-d1ec-4659-8000-328c3d6026bf,8.8267,26.5088,1.0463,255.9991,8.7126,-6.019,-5.1046,1.5643,0,213743.94724135625,2585641.1065461016,154.16876022893064,175716.3525762869,38027.59466506979,2589536.6223244704,153.49244961465337,0.047059694,0.5692768476393206,-5421209.027,-0.161167278,0.008374171,12.096909128502407,0.011686885905156975,1.1407961890522358
geo-3ecfe1e0-9292-4f42-989e-190849528876,9.3965,27.328,1.2629,245.9118,6.2889,-4.2255,-6.7866,0.2517,0,104114.6916911868,1911462.345062508,12676.293786449269,64318.52627317566,39796.165418010525,1912012.134349072,12713.835972794908,0.021588541,0.3963483193656916,-6272205.221,-0.165855781,0.008251829,18.35919901,0.005321549,0.7292740487423298
geo-3eed85df-25a5-42c8-8995-6e2976347f21,8.1819,37.3211,1.0448,251.0334,6.0063,-5.952,-4.9792,1.6393,0,74312.61748540604,1515678.797458455,162.57328971504478,34229.35578535381,40083.26170005175,1516516.806576171,161.22359,0.016368332,0.3338481947758909,-3880049.328,-0.111183996,0.008830648,20.39598185000173,0.004336047,1.0564955064224524
geo-3f2d3e5b-8662-4c29-89f1-5e77c798538c,9.711,30.1064,1.0857,249.9598,8.0009,-5.5006,-6.9732,0.125,0,101198.32007666536,1977677.1789270367,-249.7224199,61335.46602280185,39862.85405386396,1977995.7809741371,-248.2545893,0.022036682,0.4306538278784055,-5046157.951,-0.155191672,0.008680385,19.54258902152517,0.006079149,0.8837645266847712
geo-3f348dff-d430-4949-80c6-522f19ac2112,10.9273,37.1019,1.1784,242.4448,7.6013,-6.3415,-3.981,2.3421,0,141167.40799347495,2840271.6035614093,262.24880043117344,102084.50958523678,39082.898408237736,2842549.8577677133,262.4884247512172,0.029954003,0.6026710019459354,-8925739.109,-0.271350324,0.008292871,20.119882088454183,0.010580296827157951,1.6735185922246048
geo-3f55023d-eef9-4e6d-94ce-64dba564f986,8.411,32.4513,1.3207,255.4227,5.8073,-3.5268,-5.5494,1.6811,0,155153.36626311205,2751899.992433772,222.00306883538624,115551.20287056456,39602.163392547234,2754610.185047293,221.62886672327988,0.031671345,0.5617433586358549,-10297237.75,-0.242681287,0.008085593,17.736643804215348,0.011942036,1.2093791715083708
geo-3f664571-3e2a-492e-8829-4a8795b324c5,7.7429,33.5349,1.2717,245.5688,3.5207,-3.4818,-2.4246,3.4014,0,160567.07741613706,2821271.6542751794,90.37806704205246,121815.38934785093,38751.68806828634,2824201.1763735465,89.57207678784007,0.033215328,0.5836156744767206,-9959259.383,-0.237477041,0.008016234,17.57067326425434,0.014002332037086944,1.1293694393726876
geo-3fad75e9-55b1-4ebe-a085-6d52833d654b,7.763,32.7363,1.263,242.8031,4.998,-3.1189,-6.5818,0.206,0,76492.74844818993,1472782.2777260367,-397.3891788,36686.85769153864,39805.89075665091,1473230.6588789443,-399.1898166,0.015857323,0.3053150025975343,-6181032.811,-0.146162291,0.008253623,19.25388102276913,0.00382223,1.0737355011720902
geo-3fb8eac3-1d5b-4daf-9c45-8f94b06b8b99,8.2508,31.9688,1.2381,252.332,3.445,-3.9165,-2.1947,1.3346,0,74588.95149,1437237.989238653,60.50522907,34123.06313376293,40465.88835839943,1437925.6579662994,59.73412465378104,0.015567166,0.2999602797795854,-6174532.714,-0.153385969,0.008447181,19.26877855884143,0.003471215,1.2341108315763587
geo-3fc10166-bb73-4fe2-8f0c-835c0e10922a,9.471,34.2001,1.1812,241.5326,7.1212,-6.2154,-3.1377,0.7158,0,83474.12572558256,1911071.8470990832,-25.52639685,43474.265182516654,39999.86054,1912006.0848630276,-22.69361198,0.017694853,0.4051091790636537,-7079503.11,-0.196730439,0.008480886,22.89418224494665,0.005515672,1.269929231
geo-3fec4f79-22a6-49e0-8a23-57c90527fa25,9.1112,32.6074,1.0552,252.4185,4.1665,-4.2656,-1.7565,3.6415,0,178805.44477912615,2895722.3555091484,-242.269078,140027.58122014804,38777.86355897816,2899212.1209884686,-240.4696263,0.039267262,0.635926325,-6723335.826,-0.201701226,0.008517682,16.194822026175803,0.014128243,1.5105982236385782
geo-3ff13bc5-dba7-41dd-977e-8b77312b6341,10.7008,35.4075,1.3108,253.5461,8.57,-6.7039,-4.1822,3.0224,0,245066.49254097667,3170890.796159389,136.7524472740161,207138.76493932624,37927.727601651386,3177719.5078038825,135.03032457435768,0.050157076,0.6489773777790002,-11138376.75,-0.298298518,0.00776413,12.938899819726219,0.012528324592141026,1.9381158970451053
geo-40132c50-e139-4f1e-8912-14ec33acd73c,7.6873,33.3919,1.0109,248.0521,7.527,-6.0245,-3.7661,2.7749,0,185740.10301995484,2890931.1,-504.4594801,147972.13627082788,37767.96674912646,2895182.219767469,-505.5350413,0.041321466,0.6431433512161444,-5713242.727,-0.165499657,0.008402168,15.564388373125016,0.017127416777605584,2.222310911001814
geo-403385b8-d1de-49de-b915-cfac9bc456fa,8.2995,36.1204,1.0689,249.3357,5.1549,-3.9517,-1.9748,3.367,0,209681.0338389796,3110091.931625566,149.9590387985093,171808.39393720048,37872.63990177908,3115437.257781001,150.09853949735964,0.045868333,0.6803416067889706,-8338187.992,-0.236264766,0.008286422,14.832490448391756,0.017752203215767093,1.2667584368719667
geo-4074b35e-a26c-4267-b23b-566d671f1e3f,8.4558,25.8588,1.0856,245.81,8.4608,-3.618,-5.1417,0.4035,0,251304.7894509237,2773461.2665615035,-13.68643877,214037.3182314848,37267.47121943948,2775041.526981956,-11.18703442,0.05471369,0.6038336942877275,-7098561.397,-0.20045708,0.008115454,11.036245161189536,0.013725561229555703,0.8407038476044306
geo-407eafae-b05e-474f-a84d-762d17d98900,9.6897,36.8732,1.3377,243.7881,4.5416,-6.7854,-3.617,3.4708,0,82485.24026034027,1877676.8266672748,77.17864140568224,41901.73912252163,40583.50113781844,1877451.909053488,79.34876102787578,0.016765473,0.381645745,-5762014.042,-0.14625788,0.008248725,22.76379168856072,0.004784765,0.9673356737127423
geo-4080db35-67ea-433c-9867-c35f3e3c4bd9,9.6697,26.175,1.2468,244.2195,3.7977,-6.9546,-4.0908,2.9943,0,74573.36626,1240398.5796103354,-25.46929748,34617.28084,39956.085420184856,1240908.8243559354,-25.92430561,0.015530462,0.2583222996950517,-2268227.579,-0.061589075,0.00832111,16.633265222867777,0.00219665,1.460350782160153
geo-4091bd52-ccd4-410f-9b8f-973258264746,7.654,27.0257,1.2955,257.5669,8.5505,-5.6314,-4.8557,3.0605,0,334484.3703964392,3168059.302095124,76.28700005744933,298086.4091877262,36397.96120871338,3180168.7850032016,78.15142369577262,0.068752172,0.6511842613149221,-8996973.916,-0.209504918,0.007481443,9.471471860823456,0.017634756211646122,1.4809415843939697
geo-40b1cd79-e7b4-46ea-9d1c-90cbebaae488,8.4709,31.3474,1.1256,242.4237,4.6773,-3.995,-4.2784,0.3497,0,67562.20870670285,1209137.7773708156,-105.1127154,27857.974989644543,39704.23371705881,1209471.4550152489,-104.6230752,0.014547812,0.2603572150317836,-4680406.507,-0.130413379,0.008549257,17.896658509491093,0.002547181,1.2172585085063348
geo-40b4ecb0-5214-413a-8045-7cb362fb50d2,9.7879,28.3308,1.1757,246.3735,6.5913,-6.6534,-1.5339,0.9493,0,95687.64165,1981529.9797549103,153.1483533112981,55749.03393853909,39938.60770899976,1982651.727,153.33462565085475,0.020314679,0.4206827998109103,-6736024.626,-0.191088324,0.008480759,20.708316618919252,0.005755328,1.0407174670681623
geo-40b56c19-30f7-4265-a2b3-8599fa342390,8.9049,25.1269,1.2147,255.4373,5.5887,-6.6271,-5.521,3.6845,0,164666.25043829426,2156481.262504605,18.37071232724864,126221.5277924147,38444.72264587974,2160365.893718518,15.24032604352024,0.034593694,0.4530415464876476,-4556937.034,-0.121661376,0.008076567,13.096073158675038,0.007336639,1.1075612884432096
geo-40b85c4a-600c-4ed6-95f4-842b7a60a5e1,8.5264,36.3409,1.2155,250.3529,3.8765,-6.3732,-3.402,0.4797,0,58983.28090318856,-158305.3071,-30.45163739,18888.84242611941,40094.43847707042,-158393.0338,-29.54680877,0.012388718,-0.033250097,-79062.13119,-0.002064207,0.008421303,-2.683901347,4.127340103335581e-05,2.8056623669126304
geo-40d5dee0-61d8-44ae-9ea1-5985ddb9e8f3,10.8357,34.3689,1.1103,254.4472,5.0588,-3.0763,-6.1574,3.2753,0,209187.3058014424,3047070.521964256,-66.04286107,170251.02833285325,38936.27746858932,3052133.079793147,-66.61468936,0.04523698,0.6589322835397109,-6625585.046,-0.211245559,0.008419968,14.566230538178514,0.012754831518984783,1.3418955398877224
geo-4122ceac-5444-4080-9c6c-bc6860826c15,8.3482,32.1364,1.3333,249.1911,6.2152,-5.7125,-2.464,0.6271,0,84383.59507396136,1741431.1643905174,183.9838474446649,43978.586047034296,40405.00902692721,1742293.0251473289,184.25643712722984,0.017171291,0.3543653300999583,-7750836.178,-0.183217454,0.008222007,20.637081921719304,0.004788062,1.336615979444819
geo-412bb3b9-748c-4103-953a-c599c8039514,10.3999,35.5776,1.1838,242.2733,8.3073,-3.3134,-6.2511,1.257,0,261952.10762307813,3215231.0962038506,747.1423893934054,224369.4608,37582.64684793355,3219731.188235151,751.3663662,0.055500352,0.6812178716300884,-9282630.658,-0.274178785,0.007962674,12.274118064475514,0.014203423290700172,1.3876857969257574
geo-4165d63f-eb50-41d3-800e-33c1c5369560,10.751,29.5172,1.2817,249.2624,7.2716,-6.197,-5.9925,1.6445,0,135765.5281980803,2249915.672572684,-248.574243,96570.30350124212,39195.224696839054,2251830.9755044724,-247.7989802,0.02800367,0.4640787522956934,-6925046.981,-0.190011519,0.008086234,16.57206878973052,0.006376533,0.6397055803973309
geo-417a6845-09b7-4f97-92ed-c236dff77a20,10.1141,29.9097,1.1916,250.2065,6.1877,-5.4076,-1.8499,2.2628,0,177412.5033633475,2682517.852235094,-507.1318476,138811.3033395772,38601.20002376991,2686084.244707005,-506.4566493,0.037500394,0.5670145886598997,-8597388.065,-0.244946341,0.008160938,15.120229980303034,0.010118388491267102,1.1203830695443002
geo-417caa4f-f4ab-4cb9-b6b0-c2400f878b5c,8.6466,29.7178,1.2771,248.2178,5.7514,-4.0459,-2.1647,0.1892,0,107157.86000679267,2102800.843001936,17.867138151293773,67131.55553594118,40026.30447085086,2103471.614231307,16.53446094770902,0.02213022,0.4342700180772523,-9026329.141,-0.222880827,0.008267894,19.623393401740643,0.006942637,1.5342319688845736
geo-41828575-95d9-4831-8a06-3c066f7c6cb6,9.5844,32.2882,1.3492,244.1246,4.3561,-4.0957,-6.5712,2.2439,0,98345.18082675064,2163092.466874119,-143.8564909,58064.18307972398,40280.99774702648,2164272.661726661,-144.3079709,0.019928503,0.4383254337897808,-6683908.497,-0.167287423,0.008162431,21.99490049934152,0.00638085,1.003418224547512
geo-4185cb9a-b15c-4307-8398-edeeb215e249,10.4999,30.7858,1.0781,240.3848,4.5536,-6.8856,-7.0177,0.9806,0,84396.4403,-127278.6801,5.784095830011935,45408.95345499968,38987.48684341897,-126572.0261,6.401942273509391,0.018413768,-0.027769893,2049644.9974237904,0.064867529,0.008508078,-1.50810484,2.3378323546791862e-05,3.070102599494758
geo-41d4e5fb-b20c-478c-9a83-42e5e091a2ae,10.8921,36.0697,1.2939,257.9034,4.1901,-5.6219,-5.3935,3.3113,0,88412.30102967423,1998528.6010638752,168.00407331025508,46812.283960582776,41600.01706909259,1998509.0358093511,166.5899909762349,0.018180635,0.4109667856213814,-5222192.716,-0.145239689,0.008554361,22.604644125177753,0.004935736,1.107519923011762
geo-41eb9dbd-09de-4f41-8c7a-2d265978a093,8.7498,25.4993,1.0528,248.7205,8.1581,-3.2332,-4.6559,2.3259,0,413528.8526824614,3309688.164469762,-149.4956447,377330.11699656345,36198.73568589817,3322528.560143694,-148.8472983,0.090876901,0.7273354709986429,-5864620.35,-0.172730588,0.007956623,8.003524162825915,0.019245160484690486,2.813222644143974
geo-41ee54d4-ce2f-4f90-b0a4-17306c52f3bb,7.5682,31.62,1.0626,243.388,8.2801,-3.0749,-4.1682,0.0803,0,227949.1915584503,3003545.663600031,-275.5885169,190204.23822188663,37744.95334,3004257.0876740017,-277.5568295,0.049954083,0.6582140827081984,-8797451.52,-0.239188223,0.008273314,13.17638217124303,0.018221824806396864,0.9644740567770892
geo-421b1bcd-60b7-4a2e-ab29-aa51f9af0d66,9.7518,37.075,1.2733,248.8988,7.2885,-5.8083,-2.5134,2.3636,0,171960.01535318955,3102426.2902763784,440.4361608653805,132906.29179186717,39053.723561322906,3105890.4842375675,441.5202258184662,0.035556798,0.6414999726530142,-12189060.38,-0.325785043,0.008075238,18.04155625308757,0.013432554953067007,2.460201209893982
geo-4236cc45-79fa-46d5-99d4-e515a27d4055,8.6191,27.3261,1.209,252.9745,4.7709,-6.8878,-5.5841,3.5267,0,107808.7699415822,2019320.6314646904,89.28678891,67874.17327619558,39934.59666538704,2020334.6517146537,86.92031137605713,0.022684186,0.424887928,-4089265.204,-0.107874363,0.008402647,18.730578528619464,0.0066671,1.687315484782226
geo-423ea364-56d4-4cad-9816-b6fd95c5a30a,8.0086,37.2144,1.0808,246.806,6.7921,-4.2029,-2.1061,0.037,0,93529.72695381142,1996590.2510331264,142.48545504263515,53801.309098591046,39728.41785522028,1997190.7936613213,147.86226112494828,0.020390862,0.4352861707800923,-8417859.647,-0.232189422,0.008663131,21.347119424598866,0.007530837,1.7457738184901674
geo-42be7cc1-9cd0-4e06-b181-5213e65f6055,8.5061,31.5857,1.2211,243.6237,7.5261,-4.0414,-2.5067,3.7431,0,447696.76827439433,3516699.563065992,116.611065,412948.8246991296,34747.94357526531,3536710.9789856523,117.77625427051498,0.09388964,0.7375118181993838,-8950279.628,-0.232413109,0.007287197,7.855092581125346,0.020354367,2.7810401946630927
geo-42ec4b94-2a83-4b4f-bb77-3ae33446de79,9.886,28.8839,1.3743,250.7416,5.2213,-3.9912,-4.958,2.8052,0,205715.83275250084,2767052.6692260336,53.668862246487976,167284.9202841935,38430.91246830618,2772194.782,56.81955417257031,0.041403446,0.5569115197922337,-8877288.142,-0.217902546,0.007736369,13.450849320650569,0.009986238,0.6355466425411759
geo-42edf153-1793-4889-aace-d90ec18e5400,10.2198,25.4112,1.2434,247.5604,3.2417,-6.2036,-3.1039,1.9172,0,69809.21553031044,579410.7847582216,-108.9416099,29595.33661215192,40213.87891815719,580207.7699792504,-107.669705,0.014548676,0.1207528234199237,-1387257.273,-0.038200621,0.008382516,8.29991829,0.000454153,1.7470832501175366
geo-42ef51ca-75f3-4685-a4cf-b3ff8c930004,8.5263,33.8775,1.0869,244.202,8.45,-5.7565,-5.7934,3.5249,0,288892.3567039417,3149766.278267721,-105.111723,252664.35819709743,36227.99850684398,3159619.4697167715,-101.1461591,0.062874052,0.6855098963640509,-6761980.455,-0.19155683,0.007886193,10.902906238864665,0.017543529670171924,1.5939835543010041
geo-432e7681-deaa-4565-812c-27cc8564bb35,8.5913,26.5938,1.2042,253.1136,8.8488,-4.4088,-6.3106,2.916,0,410119.78979703627,3376996.6876413384,236.3671268025411,373823.4396646312,36296.35013240551,3392119.2189759854,235.45035921762693,0.086389428,0.711345363,-7936539.855,-0.206418568,0.007647166,8.234171507092032,0.018747883773056084,2.3738900610417475
geo-43473025-cb76-4ee8-844e-2c565f51e935,9.7434,37.458,1.0597,255.8963,6.0222,-4.14,-6.704,3.0062,0,157318.48103146482,2888780.8752033305,-82.01190409,117789.25281224148,39529.22822,2891486.419147042,-79.55302251,0.034511335,0.6337188375720847,-5953866.57,-0.187083659,0.008671577,18.362628829511564,0.013119969605726957,2.0276676028981657
geo-436b6657-b592-49d6-b03c-4223c2e31dcd,10.479,31.2061,1.0286,245.8426,5.9883,-3.4665,-5.8523,2.3045,0,193342.2493052322,2798329.425,27.175059563833585,155316.36960726578,38025.87969796712,2802319.4963156413,32.746031953045915,0.042784731,0.6192426778519414,-5179532.196,-0.170054744,0.008416451,14.473450239925464,0.011648018373348641,1.7271875426833652
geo-436bf59c-b1af-4402-8d7a-b2c3272aab39,7.8995,29.7655,1.2752,244.4852,7.1246,-5.0795,-3.5871,2.7669,0,258702.6404078108,2998795.3739882275,-2.865188065,222066.0935866368,36636.54682117425,3006533.762049596,-4.889146592,0.053454498,0.6196268490684611,-9566883.887,-0.226116067,0.007571564,11.591668988229175,0.015470736161675259,0.8636938291270851
geo-437a2ce4-8786-46ea-ba4a-f0bdadb75d41,10.5603,34.5163,1.0464,257.7409,4.8088,-5.3496,-5.8783,3.3327,0,105289.26756614327,2220266.480165971,108.82824437399756,64775.96884794057,40513.29871820317,2220662.379670856,111.58292869306354,0.023180721,0.4888188495228825,-3193034.261,-0.10382218,0.0089213,21.087301027820104,0.007202276,2.565584015099727
geo-43b921b4-5d24-43e9-bf42-7b50d184bd53,8.587,26.2343,1.0508,249.7778,8.8015,-6.8241,-4.8895,0.1263,0,115822.76289750858,1899183.4786481464,-1137.134408,77115.70740561247,38707.055491896914,1899465.3880535024,-1141.227999,0.025467713,0.417602359,-5199014.583,-0.151926658,0.008512828,16.397324939733412,0.006464494,0.5538472919718262
geo-43c2eaa1-6397-4267-b002-0a6098a60d7e,8.1669,31.8119,1.0674,249.6511,7.0588,-3.0647,-4.2755,1.9362,0,282246.7132450483,3203662.473470552,140.0466360432656,244902.51148253615,37344.20176251214,3210538.597558857,142.20687587779474,0.061781443,0.7012548981969483,-7333738.036,-0.209742701,0.00817429,11.350574951386994,0.019166583476948766,1.4455815691759994
geo-43d20591-3109-4220-8d38-46bc898c11a0,8.3666,33.4548,1.3029,248.0855,8.9276,-5.0385,-2.2254,1.1911,0,273028.57390204835,3236776.186,-1478.098888,235823.67709655056,37204.89681,3241515.467,-1476.74152,0.056009355,0.6639955123529578,-11975867.94,-0.289945875,0.00763221,11.855082196540389,0.016773798,1.8132569740310995
geo-4476e39a-a175-4e85-9bbf-524f36f511ec,7.5804,34.0808,1.0196,240.4146,7.6122,-6.0744,-6.7017,0.6872,0,80884.34526532273,1646122.3844303826,-39.78315839,41808.189144849166,39076.15612047352,1647024.0187754512,-41.26321131,0.01794539,0.3652166418434911,-3895590.029,-0.109530408,0.008671375,20.351557264025057,0.005600917,1.2619229402912355
geo-4478e19f-89f0-4d2a-8a59-9f69ba55cc7f,10.6297,26.6435,1.2132,253.1503,6.2749,-6.382,-1.5467,3.0843,0,215892.50532915888,2662132.409541829,-13.13146561,177470.23652452344,38422.26880463633,2667968.6660275506,-14.50884647,0.045374087,0.5594998699348865,-7044598.174,-0.205719625,0.008075158,12.330823645235036,0.00937409,0.5123697350854068
geo-44869a7b-5ff8-4613-8848-34ae93125528,7.8916,34.2944,1.1288,255.2259,7.5761,-6.6844,-1.8329,1.7969,0,130303.83512162496,2576481.358083184,-7.000506015,90737.10795070928,39566.72717091543,2578773.7081787544,-5.9961635,0.028032516,0.5542834240934702,-8792277.038,-0.235884505,0.008512022,19.77287434,0.012392212313234742,1.2665264401484524
geo-44947267-94c1-4eb4-9662-975183a0025b,10.4533,33.0078,1.2746,249.3325,4.6683,-3.8264,-2.2613,0.4179,0,75520.21501178347,1615698.9943805905,277.2254428929194,34433.713414622995,41086.50159716066,1616195.2138467373,279.37177332627124,0.015610133,0.3339672269671179,-7558940.116,-0.208968242,0.008492592,21.394258399932962,0.003396287,2.084593401302147
geo-44985891-e86b-4ca8-bc97-06ed1bc5b162,7.8338,25.9045,1.3642,241.325,6.831,-5.3634,-3.9544,2.092,0,200784.7438,2526400.319,-12.31664142,164096.26514196993,36688.47865061105,2531168.0899605867,-10.93658103,0.040526506,0.5099300717710556,-8271738.218,-0.185081752,0.007405184,12.582630887147591,0.010565715097321536,0.2409370015600242
geo-449871e6-cbfb-4e85-9438-9ac06108dfa9,10.4126,37.2335,1.2196,254.2373,5.3661,-6.6352,-3.795,2.1353,0,71961.81281473316,1495337.1051925102,-167.048482,30619.143322774395,41342.669491958266,1495892.1092969212,-168.9987325,0.015094667,0.313661014,-4667036.115,-0.132080328,0.008673765,20.77959193499304,0.003007544,0.923863446
geo-449f9d4e-87f4-49fb-abd2-dedd8dc69ea3,8.3651,35.1095,1.0368,242.0078,8.9281,-3.3865,-1.8126,0.2559,0,285204.7216526311,3196472.305365834,682.7912904966349,248582.47032958688,36622.25132304442,3197985.655847014,690.5296765874143,0.062964392,0.7056823426163329,-8280934.329,-0.241401614,0.008086694,11.207641608609196,0.018949489,1.2540084621511873
geo-455eb19b-7c32-44f6-be2f-44f2eb8af2a6,10.9775,26.5295,1.2656,256.8202,4.3233,-6.4134,-4.0051,2.5304,0,88275.44647378506,1628005.4761561328,79.38337855149388,47223.31512994875,41052.13134383519,1628903.9689042312,81.69903288884187,0.018290903,0.337326988,-3699889.306,-0.105531588,0.008506064,18.442336359517746,0.003299506,1.066925835
geo-45aa16ff-d4cc-4aa0-88f7-7de5586d8e6e,10.57,30.9962,1.3792,256.7332,8.7281,-5.1813,-1.7631,2.5429,0,399461.8116903894,3458393.8014406725,-70.85000045,362839.2848827384,36622.52680765051,3471547.152406946,-75.10800715,0.080294788,0.6951628167091388,-11266123.91,-0.28490292,0.007362886,8.657633095904492,0.014552855211525715,2.738347613738145
geo-46136d19-0f2f-43a2-9129-a1dd51c4efa2,8.3345,35.9131,1.2576,252.4893,8.8514,-4.5405,-5.3512,3.0465,0,373816.6435234509,3423128.6016449616,-85.08302304,337806.92397330765,36009.719550143054,3436816.81,-90.44837692,0.077623097,0.7108133023151935,-10063937.19,-0.251636347,0.007477386,9.157239681411419,0.019296639,1.9938164324327219
geo-4623c34e-9f59-40c9-8298-c8192bf5503d,8.5789,26.2172,1.1486,257.4527,4.2666,-6.8211,-1.8628,1.5457,0,67693.67816428974,748807.8684544286,116.3358092105118,27336.49033434397,40357.18782994551,749432.0579865174,115.17566123129212,0.014482854,0.1602051337230426,-2697294.379,-0.074321478,0.00863425,11.06171046928646,0.000952295,1.5384089629145583
geo-46316542-6b13-4408-a037-357ccef91d8b,9.4604,26.8314,1.26,251.1581,3.4406,-3.4447,-3.4481,0.0445,0,68004.1865,781266.6463580322,96.7605113,27500.3623,40503.82420206472,781272.7924261107,98.30646433,0.014111937,0.1621251054844701,-4047720.935,-0.107632562,0.008405136,11.488508083695294,0.000884385,1.8929717660084204
geo-4632ff61-211d-4233-b405-99cbdc13449e,10.1059,30.8693,1.2645,257.6349,6.7577,-4.613,-6.9965,1.1006,0,127897.1952729305,2387187.882798281,454.7238627228542,87595.78451,40301.41076403052,2388665.595184985,453.3120708377719,0.026502998,0.4946757163957405,-7711442.511,-0.207821643,0.008352989,18.66489626847607,0.007707549,0.9358003778230042
geo-4655feab-be38-471f-9399-fd95ee831f19,8.0325,34.069,1.3116,241.1087,7.0232,-3.1444,-6.4012,0.056,0,121449.68574069015,2440648.8997039595,350.7970845652794,82175.54866191855,39274.13707877219,2441236.943009652,349.8070392347492,0.024851476,0.4994144549341062,-10304406.73,-0.238950708,0.008038039,20.09596718854449,0.009883747,1.4649366846078788
geo-465b8916-4647-4ca3-bb55-f90d7458712c,8.1201,33.1133,1.0962,256.4521,6.2707,-4.3047,-4.169,3.4631,0,255378.8603860807,3102815.604200499,310.33976465999353,217730.16915856735,37648.69122751284,3110732.406007392,309.43416531826404,0.055445788,0.6736581737941101,-7142180.737,-0.199256302,0.008173936,12.149852965549615,0.017789671022571594,1.393226237748649
geo-46b1a26c-7687-4271-9baf-e4a6569237ad,7.5989,35.2779,1.1782,245.531,5.0708,-6.5371,-7.2995,3.7935,0,94558.79531541438,1949482.6973965345,-139.5958596,55084.7177,39474.07761116964,1949643.2273815395,-139.5581995,0.020061174,0.413593596,-4162515.286,-0.103846512,0.008376336,20.61661943655007,0.007165508,1.7975928843293525
geo-46c8f6d4-9966-4522-951f-69d542e0f353,7.5944,31.4938,1.0437,253.1855,3.8582,-5.343,-4.29,0.4912,0,58551.277310946505,157872.58949668767,-63.98348458,18903.92244915648,39647.35486,157871.42248792716,-66.94712195,0.012903427,0.034791683,-1521190.549,-0.042717647,0.008737368,2.696313329908669,5.0734984144411336e-05,2.4535858352500224
geo-46e12159-0032-4407-b58a-45d17188811d,7.7878,31.1333,1.0763,241.689,8.6556,-6.5492,-4.7042,2.7986,0,233867.31312079247,2881204.4650613787,-169.2453113,197283.2748270981,36584.03829369477,2887699.870971617,-165.4127535,0.051062246,0.6290779596692117,-6685159.438,-0.185441131,0.007987663,12.319825402762596,0.016175,1.2339856220205805
geo-47132b5c-1f54-4a0e-9e05-cee0f7844cbe,8.1028,32.1439,1.1488,254.3311,6.3653,-3.0287,-2.9709,1.4735,0,229515.72262181656,3065801.5434183963,-133.3946206,191001.8816128309,38513.84100898625,3070194.741980166,-133.4297878,0.049091278,0.655746431,-9843846.926,-0.259329267,0.008239416,13.357697278412827,0.016892226,1.130822742140693
geo-4718aada-0096-46b9-b091-e0390fb9f4f1,8.4569,34.9565,1.1029,250.332,6.4097,-6.0317,-5.4176,0.1458,0,62951.588838887095,910821.2563559517,72.89718865,22626.70277242349,40324.886066463296,911057.0657440744,71.75785085,0.013641735,0.1973767888270258,-3322925.237,-0.09412598,0.008738437,14.468598381004114,0.001466328,1.351200836188352
geo-472d4cda-4fe2-4bf0-bb9d-26d3a8c73a79,10.7889,33.4219,1.2373,243.971,4.2028,-5.893,-7.3222,0.5786,0,78424.57938794413,-107954.2668,-27.4691084,38488.06673701509,39936.51265092885,-107729.8376,-25.80714069,0.016374632,-0.022540272,2030691.485719068,0.058662958,0.008338486,-1.376536128,1.4989642735845949e-05,2.947144198934605
geo-4731c4f0-87c6-4e6e-a137-fc8bb1f36a89,10.5775,35.3099,1.3625,249.6954,5.5856,-6.6825,-4.4294,3.4791,0,115323.4954951341,2473010.5515295085,455.3960349172648,75143.34038939822,40180.15510573606,2473562.572131268,456.60204863454817,0.023282526,0.4992732211426652,-7913678.618,-0.202706164,0.008113563,21.444117184549253,0.007501423,1.1124829257503777
geo-474c569d-a763-4e3a-ae9c-9b379e91d468,10.802,35.9568,1.3841,247.3776,5.6774,-3.904,-1.9244,2.8307,0,234260.38783263543,3276531.5029576346,-352.0237418,196121.29090083105,38139.09693180505,3282717.366184138,-353.7650837,0.047027834,0.6577645507610707,-12695803.21,-0.32337864,0.00765798,13.986707412516138,0.012749315914451831,2.384624415284521
geo-475c5839-18b0-4c18-909c-baf42a4ea4b0,7.5229,27.2843,1.1644,255.3244,7.3938,-6.171,-4.8013,2.6867,0,200302.4604190633,2569424.668,-162.9199537,162669.55529001207,37632.905129051534,2574619.1472086604,-162.5820014,0.042657713,0.5472013636978371,-6895225.976,-0.172964553,0.008016166,12.827723945642424,0.012669491383211828,0.722444156
geo-47e74d8a-7073-4104-ad48-9a25e7cff226,7.5063,35.5594,1.3295,248.3888,5.4637,-5.7431,-5.4802,3.3971,0,121969.2387934694,2561370.062986557,296.9550545,82358.48414156587,39610.754651902185,2562740.877279598,299.3244037422552,0.02483946,0.521631936,-8675299.504,-0.191876447,0.008068497,21.00013157681303,0.011538585,1.2208184215698232
geo-47efa013-6def-42ea-bf14-1c0ef1311c1f,10.39,36.9698,1.0251,248.0948,4.8345,-6.7876,-7.2688,3.0564,0,72486.91682039537,1290789.9958446077,-145.7429403,32168.803599944767,40318.11322,1291058.189151453,-148.4138662,0.016056814,0.2859271054863169,401932.1028395769,0.013175182,0.0089328,17.807213390560925,0.00250464,3.400617332859348
geo-480aac00-21fe-427c-94f2-2634b51f604f,8.704,28.5806,1.2582,250.7244,6.0584,-4.9178,-7.2328,2.0266,0,135831.6630676633,2193179.2569856797,-236.9639711,97109.70690229602,38721.95617,2195456.6329551125,-241.9673835,0.02819506,0.4552460010716867,-6425685.073,-0.161477759,0.008039277,16.146303501365345,0.007579203,0.5847813210297395
geo-4819d329-56fe-4f3d-bbff-e38e83069aaf,9.4928,33.8147,1.1585,240.245,7.9594,-5.6969,-5.7089,2.0767,0,171610.92983463922,2823389.3640853213,-243.6463876,133770.5350410706,37840.39479356863,2826619.2841176623,-245.3420638,0.036614786,0.6023963418698065,-8342207.192,-0.239981439,0.008073557,16.45227006698166,0.012168034939697463,1.0740305251527809
geo-48264008-706b-4335-87e6-f7220aad2735,9.3398,27.367,1.2632,257.9155,8.2327,-3.6818,-5.7002,0.1427,0,219299.9364070469,2743070.5188863464,-87.23757132,180561.29659547893,38738.63981156788,2743720.474514351,-85.08510723,0.045459503,0.5686213344316706,-9339864.077,-0.242216224,0.008031899,12.508305126887393,0.011019423,1.1523982408056097
geo-482b2ffa-5e8a-419b-a9aa-a30a36a5828d,8.5152,35.7513,1.1389,248.8696,6.4614,-4.0975,-3.8562,0.4602,0,94346.12811137016,2101758.0722658266,-133.9699637,54256.92698331026,40089.20112805897,2102694.047991727,-136.5879933,0.020239681,0.4508813749884542,-8109701.977,-0.224273763,0.008600123,22.277099382232706,0.00759941,1.4964734944249096
geo-48781bbc-8f1d-43b6-aa29-a684333ff186,9.7903,27.9379,1.2462,257.9359,8.9191,-6.3323,-5.4483,0.4281,0,153243.5569655766,2329954.8765622126,-200.6197851,113950.0108370836,39293.54612849238,2330860.006562518,-201.8873087,0.031912694,0.4852088912705343,-7922196.238,-0.213066992,0.008184462,15.20425995518769,0.007654408,0.8993807568551353
geo-48ac11a8-4e76-406a-8a60-39773ccb2b81,10.0664,30.7782,1.0114,251.9771,5.4809,-6.422,-3.4178,0.9638,0,63582.60265496544,1016662.0607539584,108.24841005814493,23119.618593101008,40462.984061865005,1017099.135533183,107.65235768970844,0.0141402,0.2260965208815343,-2399564.005,-0.078234189,0.009000422,15.989626380519853,0.001616455,1.190961082456364
geo-48ae6b56-0623-42e0-b0ff-4502f20c623a,9.7697,30.6758,1.3749,251.3978,5.2918,-6.4354,-2.0701,1.7173,0,81723.42977,1754466.560002335,-145.6704175,40752.26607742576,40971.16369454659,1755397.5297075529,-144.3545555,0.01644891,0.35313083,-6608449.398,-0.163814573,0.008246441,21.468342247721427,0.004062938,1.027702496516881
geo-48c5dd7f-a3aa-433c-b0da-501b2aead90b,7.7932,35.4313,1.3708,245.8599,8.376,-4.1187,-5.4012,0.1629,0,156040.07045361315,2826462.7428821763,-112.3045899,116881.3758432981,39158.69461,2827438.1143753487,-115.772382,0.031434241,0.5693903625537905,-12834592.13,-0.280443735,0.007890104,18.11369819730004,0.013242028844338402,1.8885890754270303
geo-48dd7774-a261-4cdd-93b1-7d292f6defeb,7.6661,35.8501,1.0908,253.3386,7.71,-3.7077,-6.6698,0.7438,0,140804.3951,2671752.302147762,-158.9856678,101344.51636826564,39459.87876475774,2673430.502395405,-158.896157,0.030610643,0.5808345303124569,-8685835.73,-0.232622376,0.008580244,18.97492119918307,0.014008140896259059,1.2226502758416082
geo-49065d53-3269-4e3c-a0d8-8a72d5e54d62,9.0993,28.9361,1.0272,253.1721,7.2976,-3.5567,-5.5647,0.1956,0,156209.65713767865,2548991.273,98.34226468778644,116969.98876075508,39239.66837692383,2549535.555781183,98.32064582049392,0.034581589,0.5642939765584715,-6268386.143,-0.191982307,0.008688605,16.31775729833056,0.011139173605879127,1.0193637121201664
geo-490ef121-6c3e-454a-80a1-b6289d6dc544,9.5527,27.5595,1.3542,251.2953,4.6888,-6.7416,-6.4907,1.9547,0,73454.23736123869,854812.3833052817,229.7185049078456,32867.538375271986,40586.69898596826,855726.5480463773,231.0546467037813,0.01486198,0.1729540069694748,-1507258.534,-0.036918319,0.008213556,11.637346108454068,0.000996748,1.6062466390341432
geo-4932ef50-64ae-46bb-b4ff-fb0105dc07d2,9.0487,33.0307,1.3911,244.0645,4.4833,-3.5411,-5.5535,0.743,0,75822.74942936384,1538636.085543282,135.0774744644934,35240.99593649094,40581.753492873344,1539296.5276354682,135.14907352272743,0.015193668,0.3083180949603353,-6462888.357,-0.14988394,0.008133577,20.29253881088371,0.003343967,1.1151797037606366
geo-49524aa2-f6e1-418f-bfb7-7d749284de03,9.4944,30.1493,1.0155,248.299,7.514,-6.9633,-6.1993,0.3529,0,71833.92786551028,1262800.0735765086,178.55984799529145,31794.91590589559,40039.01195961537,1263275.901462064,176.9092277968777,0.015956299,0.280502763,-2386953.75,-0.075344078,0.008895566,17.579437893759145,0.002637891,1.3244490651767113
geo-495d63d2-d019-4fb5-b367-7ab4b46ba3c9,9.7403,29.2115,1.1234,251.3492,5.8082,-4.1709,-4.58,1.0052,0,115883.84140852306,2240395.8797745374,94.24889964,76076.83371155184,39807.00769697091,2241591.063359632,93.69390274,0.024968032,0.482709884,-6552002.736,-0.196092794,0.008576669,19.333117133013587,0.007614654,0.8989280389456696
geo-499725f5-fdba-4937-b1fb-a467c206c1a0,9.5339,34.7351,1.062,245.6951,5.0868,-3.3758,-4.6225,0.821,0,82051.78033,1847616.992710283,23.814592412146368,42050.301753459615,40001.47857940693,1848422.8460295163,22.73913987844733,0.017988096,0.4050504546167371,-5577686.726,-0.17306515,0.008769421,22.51769535304301,0.005477694,0.973368733
geo-49a4a977-3aa1-4202-9d11-7a81da497564,8.5992,25.5975,1.1929,251.9025,4.8076,-4.3797,-2.2884,0.4099,0,89745.62970976195,1551306.1728579868,-18.29576989,49705.13143301529,40040.49827674668,1551890.8488699978,-21.39826284,0.018967046,0.3278565910177368,-6007345.113,-0.160235531,0.008462206,17.28559014934684,0.003978872,1.1038592981959452
geo-49d3ef4f-3b4f-4610-af9f-e1c33e0b6b4e,8.8533,33.7217,1.3993,255.9009,8.1784,-3.2335,-7.3332,3.8281,0,475922.9313089875,3692243.600821996,45.65993012399424,440391.1819404842,35531.74936850232,3714166.296437904,38.48680639765087,0.095183699,0.738441834,-11159251.35,-0.258588315,0.007106246,7.758070388974083,0.019605482,3.043000005510717
geo-49e8ce74-4447-4e37-8f76-7b7691edcfca,10.0713,34.8863,1.2718,249.4004,5.4611,-5.8395,-4.5798,0.4661,0,62497.710615970966,868729.7426124146,-64.7175901,21444.86495866105,41052.845657310696,869014.4826366497,-67.37834457,0.012925415,0.1796656620429027,-3487615.845,-0.093313912,0.008492026,13.900185047584976,0.001020222,1.4882857826916132
geo-4a465d3d-be8e-483c-aab8-67c274c31173,7.7789,25.0781,1.0024,244.6785,5.2871,-4.8581,-6.1742,0.1417,0,67947.95347274572,809269.3541169843,-78.52587996,29055.42417281476,38892.52929993029,809437.3364760411,-78.90745202,0.015150454,0.180443967,-2607053.941,-0.075233566,0.008673675,11.91013581360608,0.001332345,1.3971730743054351
geo-4a5c1432-8816-482e-99ab-9ad977b7e448,9.6761,35.6277,1.3601,256.9307,3.5687,-4.874,-5.8035,2.152,0,69587.18241803783,1194040.1539792845,-231.5990277,27902.697052364696,41684.48536567347,1194531.8865883434,-234.3347815,0.014060647,0.2412653608730447,-3579634.268,-0.089289338,0.008422639,17.15890933485729,0.001914872,1.1096728814391315
geo-4a6a1bfc-2328-403a-96f7-acd35bbfd241,10.6453,37.1575,1.2148,240.6017,7.699,-3.9834,-2.6952,0.3924,0,152503.04970439704,2932534.3867209675,11.315343227651908,113358.48540563772,39144.56429875933,2933717.8499471457,9.693242282198668,0.032037529,0.6160608231868152,-12667587.32,-0.369747411,0.008223367,19.22934913370745,0.011348524666776105,3.617508084371841
geo-4acc77cc-ed12-437e-a732-02106cadaeb0,7.5965,26.0702,1.379,251.1891,6.3191,-4.523,-7.3998,0.5002,0,106218.68264922856,1815760.9671970275,169.2351177281866,66157.63852118663,40061.04413,1816848.449922784,168.7161601,0.021356284,0.3650761339049903,-6534809.632,-0.142404707,0.008054614,17.094553631335327,0.005584747,0.6419296651369595
geo-4acef4a7-ebc1-4cab-95fa-41d22256c06c,7.5615,31.8977,1.3035,254.3632,7.838,-3.388,-5.3038,3.7072,0,453765.5635852122,3619489.388,152.17808175788176,418492.5224990648,35273.04108614697,3639794.616532326,150.05971798387685,0.093071027,0.7423868643773341,-10604326.04,-0.243964438,0.007234751,7.976562520966752,0.023200787630261212,2.7607195866778453
geo-4acf62f1-7a48-4634-a81a-f98ad0032763,8.7547,26.2567,1.3859,242.0318,7.1788,-6.3245,-4.2011,3.9533,0,299764.97839908535,3025429.8935343376,80.34057646278072,263836.2721543853,35928.70624469933,3037038.2458996987,84.53903017,0.060162091,0.6071963073801488,-8284757.856,-0.192820067,0.007210765,10.092672965640775,0.013405008764323687,1.1035255652960885
geo-4ad1c0ae-eba7-45e6-bb6d-f5622fcf4fea,7.5757,33.9541,1.2881,252.2882,3.9264,-5.4825,-3.6314,2.9988,0,86455.28814264212,1802279.826994972,105.1575981042999,46189.78918517449,40265.49895746694,1802853.949984672,106.45313048947756,0.017802131,0.371110006,-6168431.022,-0.141391897,0.0082928,20.84638043217674,0.005786723,0.86876734
geo-4ad95e3a-704a-4736-bd67-e391b8ce8c07,9.9755,28.5329,1.3909,247.9544,3.6898,-6.5035,-5.9433,3.5979,0,88479.00936561152,1676522.2042523357,57.59240864043633,47851.59125798076,40627.41810763039,1676770.564806447,56.75075772228603,0.017734378,0.3360353884953897,-3175800.406,-0.07860597,0.008143154,18.948247909565072,0.003603176,1.6374086182750986
geo-4b0d8a9b-70ac-4ef0-adf6-d22c6024996a,9.9623,36.2528,1.0146,244.3203,5.0392,-4.467,-7.0977,3.9949,0,149476.038,2748810.181103119,-177.5895971,110801.03496593457,38675.00302238435,2750249.2190542924,-175.967372,0.033218271,0.6108719716697155,-2966587.214,-0.097553063,0.008594755,18.389637684388692,0.011923147,3.790791603895296
geo-4b4b90ef-829a-4764-94ed-209ac944d9ad,8.2952,31.1975,1.2769,253.8136,3.9264,-3.9445,-3.6345,2.4185,0,114159.09768314232,2331088.098496478,153.76391650138856,73995.11660878263,40163.98107436106,2332771.0496445866,154.6218512073832,0.023582266,0.4815414662575119,-8006283.653,-0.196826585,0.008296778,20.419643688552874,0.008897964,0.9842058407646302
geo-4b5985ee-e18f-4e02-b9b2-af1cbf63210d,7.7864,31.5276,1.1757,254.0083,3.3861,-5.6051,-1.7821,1.8867,0,64420.98869354748,980278.4171678371,-8.491412021,24075.07722876925,40345.911464777775,980738.8672555191,-8.538560987,0.013679539,0.2081581971944462,-3822793.471,-0.098303699,0.008567248,15.216755238437198,0.001771334,1.2975336664208468
geo-4b7c6517-202a-476b-9c72-2e81d0696990,8.651,37.3796,1.294,256.7974,4.1612,-5.105,-3.6816,0.8212,0,59987.80827878206,726092.2717434252,-125.8979172,18758.96805342947,41228.84022535339,726360.0324421263,-126.0660213,0.012335244,0.1493057583130234,-3693306.816,-0.091536108,0.008477808,12.103997338409956,0.000820232,1.7554828812829484
geo-4b8bc8f7-d778-487f-a583-cd8ef4bc813f,9.0147,34.4001,1.3626,243.4832,4.8007,-6.4395,-2.9085,2.6728,0,82019.91115045836,1830103.676942024,5.439398808987065,41617.41742886008,40402.49372159953,1830678.695438891,7.276042750276915,0.0165619,0.3695443466679736,-6478210.057,-0.155679075,0.008158245,22.312919524929175,0.004822053,0.9230171660389273
geo-4bcc84f1-4a18-42dd-9103-d71819877e06,10.6928,34.4896,1.3585,252.2236,7.2568,-4.9855,-1.9371,3.1073,0,311765.5588419198,3307435.964,64.71579793185286,274782.85864234244,36982.7002,3317848.0578636653,66.65739341519324,0.063021217,0.6685749421370188,-11203029.17,-0.294110976,0.007475754,10.608727842429293,0.013306347908886422,2.1608699959215154
geo-4bcf1a6e-2bb4-450a-bf21-c105943d2a27,9.1652,32.6944,1.0356,252.7365,5.8691,-6.143,-2.7943,2.7633,0,117379.14944760656,2437033.926794614,521.1096042495636,77840.93595,39538.213500531005,2438414.6221127952,519.9025168501898,0.025927993,0.5383187572168947,-5147381.577,-0.159777135,0.008733588,20.76206837639777,0.010064384175341301,1.8257317245738274
geo-4bd12f12-b42f-49b5-a612-cb416f5898be,7.7484,35.2434,1.1679,253.2127,4.0247,-4.6514,-7.2597,2.8693,0,83116.03495087294,1668142.595,-77.19700855,42851.66946769104,40264.36548318227,1668748.9034700324,-77.05986562,0.017687451,0.3549879447720224,-4058637.665,-0.104732537,0.008568386,20.070045395334986,0.005176847,1.2711950012909712
geo-4bdd69d8-93b1-49e4-ae71-cf8105882536,10.7108,28.1966,1.1465,242.4867,8.5267,-4.4957,-3.3273,3.4288,0,479342.4669,3521436.100904683,-292.4811453,444367.8763354053,34974.59056461192,3541952.316430809,-289.2932454,0.1026137911544384,0.7538407997914879,-6764058.759,-0.208584737,0.00748704,7.346388738887186,0.016888360665940415,3.2391300174628324
geo-4be2aaa4-849f-4a04-b640-234b122ceca9,10.1416,34.2153,1.398,255.3618,8.0459,-6.5794,-2.6432,3.9611,0,330489.03617874865,3375107.858055752,-288.546844,293701.0286332371,36788.00754551154,3387849.9043705026,-289.9538835,0.066105849,0.6751036929141245,-11317128.36,-0.276436583,0.007359982,10.21246543328685,0.014304893119686569,1.9075159983055217
geo-4c004079-2c3d-427f-b0ca-a063acb3f472,9.1312,25.948,1.1991,241.2578,6.6679,-3.0909,-3.0057,0.4285,0,211603.48330929608,2657500.7553378325,-559.8814744,173956.4017082547,37647.08160104037,2658877.1799662984,-562.101844,0.044635449,0.5605708226384319,-8496014.552,-0.22869031,0.007942845,12.558870552492012,0.010954265193250235,0.8858302980854476
geo-4c413b2e-e0e2-4dc7-b04d-be1e5b8ef4a3,10.6063,26.9788,1.062,240.0138,7.3568,-4.81,-2.3259,0.0472,0,145390.4574852106,2344913.315830739,250.5511221157784,106947.61719432734,38442.84029088292,2344983.845061734,254.38180447600973,0.031873744,0.5140720226981672,-6591696.073,-0.215724439,0.008427725,16.128385290136908,0.007931113,0.8279147099584212
geo-4ca25715-64a8-4fda-992c-187f6be90e09,9.1437,27.4357,1.2512,254.5191,3.7679,-3.4832,-3.214,2.3816,0,146435.34439088157,2406699.5054194825,-812.6681133,106923.57743367972,39511.76695720096,2409327.4530363698,-815.9616597,0.030459964,0.5006167111636453,-7307688.539,-0.192312253,0.008218785,16.435236420759615,0.008724466,0.6312547009785915
geo-4cd156ec-03f9-4652-8a23-78d8a5a55791,10.9817,32.1654,1.3656,242.1767,8.8941,-3.633,-4.1748,2.5889,0,473540.78994607966,3607428.327534679,12.88338245,438503.0748131182,35037.71513296096,3623956.128367087,14.264895222219124,0.095524843,0.7277071663151358,-11088499.2,-0.288734784,0.007069397,7.617988574850003,0.015349486650623799,3.5287529860626274
geo-4ceaebee-767e-4f82-8ec2-c3894f2c4ee0,7.9736,36.9961,1.2246,240.422,7.346,-3.9007,-3.6134,2.6835,0,295448.7193158988,3352067.989481773,-82.31169496,259336.25133248648,36112.46798341264,3361192.2067198013,-79.98845092,0.061901549,0.7023154500944456,-10360771.41,-0.25979245,0.007566138,11.345684615737634,0.019690653,1.3173883848718437
geo-4d2b610e-60d9-4170-a5b9-b90cbdec30a2,9.3571,35.4891,1.1014,243.1884,4.6355,-6.3667,-3.6273,0.5387,0,55729.31406023744,251698.49434447548,1.2580689176149988,15844.226218642612,39885.08784159493,251752.17634273708,0.4295032870518724,0.01208176,0.054566631,-1153154.016,-0.034398356,0.008646788,4.516447018752488,0.000101289,2.166952971038319
geo-4d519058-a812-4ca9-8d85-c5952a365718,10.582,32.3944,1.2332,241.8467,3.1655,-5.067,-5.217,3.6047,0,88846.04569014345,1984306.658766832,15.494654475727607,48648.97594,40197.06975027101,1983982.8379821016,15.22474404257602,0.018571251,0.4147743033994474,-4293217.802,-0.123209969,0.008402242,22.33421468961326,0.005174949,1.4920418438752605
geo-4d76c921-c8ba-4074-a640-c3ac91c544ec,7.5971,27.3322,1.1455,248.9723,7.5128,-4.1905,-5.017,0.5431,0,170271.3270020036,2499895.9669742854,673.852334,132112.4931299452,38158.83387205756,2501361.4031648263,674.5407584322279,0.036452917,0.5351958056409041,-7829488.183,-0.200224384,0.008170969,14.681837576475177,0.012001283269822393,0.5258947960450314
geo-4d7d8354-b03b-4cea-933d-3b0e871c7100,9.0283,37.4723,1.2858,245.7377,7.3942,-4.6006,-2.5404,0.6786,0,127528.29841542253,2672220.0883345134,9.129576737537777,87789.44212757733,39738.85629,2673739.887371316,9.724812985021885,0.026281162,0.5506938458485273,-12331088.05,-0.314145093,0.008189381,20.953938235965342,0.010692138897065837,2.771227316646471
geo-4da0c3ec-e87e-48b4-b877-5f13adda2daf,10.5981,29.0317,1.029,248.961,8.0111,-5.6957,-7.2154,2.1017,0,194097.3868019808,2592325.9589186227,41.19331587086312,155944.91965256384,38152.46714941725,2596156.509425496,41.59621783514851,0.042946892,0.5735901113191437,-4085817.004,-0.134864899,0.008443497,13.355800413548737,0.009881558,1.949598098898509
geo-4dd26125-5aeb-4f85-b8d4-7b89da53301d,10.0958,25.3685,1.2591,249.8148,5.6985,-3.0391,-4.5222,0.2806,0,147942.7322947553,2242856.888,643.9087873395073,108654.99713819352,39287.73515656188,2243420.151750964,646.2350957737534,0.030707899,0.4655411060732859,-7523721.198,-0.206812432,0.00815476,15.160304623270417,0.006833221,0.9000301365825727
geo-4ddcf163-ead9-4e7a-8346-e459144d11ce,8.6926,27.4565,1.1056,241.3108,8.4548,-5.7371,-1.6066,0.4385,0,186209.26517833865,2566576.6378695485,302.7522633510419,148646.50017140884,37562.76500692925,2567811.7954503265,304.5102127,0.040321244,0.555759466,-7793257.841,-0.223348896,0.008133695,13.783291800284278,0.011310301137761769,0.7336617915095403
geo-4de989a8-da9b-4be5-91b8-ae97f8254d10,10.6236,25.966,1.0446,256.7982,7.6868,-3.8675,-1.9495,3.9698,0,536758.9175330445,3579321.061956841,456.4973407013792,501102.00829045946,35656.90924258448,3605669.0570502514,452.1248561398136,0.1182594836468527,0.7886010772559958,-4267927.107,-0.141655011,0.007855939,6.668396080697612,0.018633444709009836,4.449956706286948
geo-4dfa29e3-9474-4efc-8905-58b87a603c6a,8.9081,36.2025,1.2512,250.9345,8.8336,-4.4779,-2.7533,1.6472,0,313099.6286542441,3360240.065811081,-475.7303484,276118.8979484377,36980.73070580665,3367364.4691166934,-475.409104,0.065127743,0.6989623451862761,-10908929.45,-0.283361355,0.007692308,10.732175187348377,0.01745712,1.8033992319164147
geo-4e0380bf-ecab-4ca0-856f-daeb259a0c7e,10.5121,36.1459,1.1656,246.7912,4.1951,-3.2802,-4.312,2.4711,0,108101.33485916127,2481700.496055404,330.6972919560706,68079.15964626551,40022.17521289586,2482853.3007465643,332.95385183861663,0.023014313,0.5283434438431552,-8146613.459,-0.241346843,0.008522271,22.957167913686337,0.008452658,1.5178940372201524
geo-4e15a253-14f2-416d-9829-9c49111abbce,10.3013,27.4868,1.0946,242.7104,3.5388,-6.6546,-5.2793,2.4566,0,66089.81635685425,603433.9383,109.06302225285008,26353.91062488409,39735.90573,604163.0390038167,111.48160454301424,0.014352396,0.131044741,77191.43711489359,0.002389517,0.008630991,9.130513164986725,0.000530637,2.112271872
geo-4e17bd50-8abe-4c6d-a713-8498d04678e4,7.9549,28.6366,1.0222,256.0364,4.5881,-3.5218,-4.9288,3.8047,0,227622.26697514244,2777652.836622542,-10.22057605,189643.61895031636,37978.64802482629,2784353.505470574,-8.777530578,0.050463513,0.6158014383228443,-4441418.748,-0.127671663,0.008421509,12.202904722523762,0.015173885431019248,2.407811931630075
geo-4e3b9191-be7e-4d50-85b6-9feb62b1698b,9.2365,26.9208,1.2375,247.2159,7.2403,-5.0041,-1.8824,0.2181,0,152576.51145582867,2408469.0106563023,1909.833278,113695.97537441518,38880.53608,2409130.293358248,1911.014150454872,0.03184883,0.5027439596062968,-8778333.274,-0.230832249,0.008117564,15.785319690924746,0.008710366,1.1855548282165027
geo-4e590f1e-96cd-4876-b8f1-c997755d0fe6,10.9961,34.1443,1.0707,248.7394,6.3576,-3.8493,-1.8333,3.2455,0,301820.1162216848,3110722.882864449,-640.3781633,265535.9889743874,36284.12724729791,3120907.710252678,-629.7135072,0.066003901,0.6802722354324396,-5855482.338,-0.19383068,0.007934797,10.30654590491126,0.013396055517333342,1.5551802682718567
geo-4e927627-363c-4e67-9dbd-0a37b895a369,8.5995,30.6697,1.2741,246.9149,8.743,-5.8008,-4.3729,1.449,0,216325.5603,2880113.459599609,-345.8744183,178785.75428715863,37539.80597215142,2884065.860966376,-343.663114,0.04471154,0.595280139,-10022683.43,-0.247367168,0.007760532,13.313791750485734,0.013116552814571754,1.0677588584546989
geo-4eb13815-50f5-465e-baa0-44d4a037291c,8.997,32.4336,1.0438,241.6826,3.4742,-6.2842,-7.4011,3.0472,0,66470.29826,809327.8774916631,44.29540787484935,26939.51654973865,39530.78171,809840.1996712595,47.72668258590803,0.014645153,0.1783161950317417,496793.8195606277,0.014939425,0.008711428,12.175782246828705,0.001124952,2.554065489
geo-4f102711-3f0e-4631-a57e-c96bca0d657c,10.7106,26.3931,1.3364,247.5435,6.4105,-4.8459,-6.984,0.4736,0,109886.12522108768,1724648.481328132,1335.220487,70387.50432516189,39498.62089592546,1725180.154583989,1337.4622339067057,0.022337868,0.3505899329380914,-5531444.787,-0.145386247,0.008030979,15.694870283743278,0.003652878,0.6695604387023272
geo-4f7d29d5-2acc-4321-bafe-aacefe9ac3e3,9.9322,34.0006,1.0906,245.3551,8.0486,-5.242,-2.5889,1.4999,0,203495.77628517855,3070418.311553028,355.7333258603245,165523.74855715843,37972.02772802021,3074005.941146839,359.0399633616156,0.044251313,0.6676799145483264,-8688809.147,-0.269238302,0.00825719,15.08836383537593,0.014287008224051769,1.3029135388480442
geo-4f983ee6-6c4e-4fe1-89a7-d9bffda334bf,8.7872,29.7827,1.3096,252.7305,5.6255,-3.7203,-3.0598,2.5281,0,238415.9958176196,2975562.022016992,-613.0119705,200421.6621383426,37994.33367927684,2981914.488378955,-612.5321638,0.048821642,0.6093207895664081,-9799480.597,-0.241922361,0.00778025,12.480546918895486,0.01344905,0.9751921975602307
geo-4fae33d3-a25a-4c47-9642-d0d50368be17,10.9273,32.4154,1.1241,256.9844,6.6477,-3.6605,-5.4347,2.6614,0,258824.41451262697,3082285.8766156994,67.87871572589154,220595.1756693505,38229.23884327658,3089312.9607726377,64.54669640158284,0.055743154,0.6638335687605661,-7650635.274,-0.238500217,0.008235114,11.908791071428569,0.012836767666896037,1.0063686950490605
geo-4fc90132-cc40-4372-ad99-70ee7b7e5423,7.6154,35.58,1.3705,257.1656,6.4724,-5.3467,-3.8271,3.4008,0,213304.0302171316,3185349.608703213,-90.92103564,174870.33401147815,38433.69620565252,3190935.3076295564,-88.89789486,0.042982336,0.6418714489149382,-11838457.92,-0.259943786,0.007744633,14.933377514999176,0.017220807979740654,1.184578279285625
geo-5000ace1-09ec-43f6-8b58-6fb7fc799c3e,10.9328,33.8234,1.0293,250.5325,7.9979,-5.4473,-7.0604,0.5187,0,102990.90766639324,2127038.7493611886,301.75038125022024,62751.44492437346,40239.462742020296,2127740.685,301.93149813658414,0.022786281,0.4705978693561666,-4003517.829,-0.134188167,0.0089046,20.65268476,0.006447905,1.669794678787078
geo-503fe62e-439d-46ea-b9e7-c692e4b658e3,10.811,36.3649,1.042,244.4687,7.3904,-3.3005,-2.1843,0.0696,0,150614.61130023847,2815954.7075614445,-251.6099901,111580.84174313051,39033.76955710894,2816456.7660218803,-252.2261089,0.033201481,0.6207489870375423,-9729776.416,-0.321173938,0.008606341,18.696424491964233,0.011345308222050465,2.4796679626899234
geo-504e64a1-b3fa-4100-a2f7-7707d586ab7a,10.8977,27.2122,1.2829,240.3931,8.6918,-6.7118,-2.4864,1.0139,0,196505.05231390748,2603297.67,81.94489744575496,158680.0993,37824.95304311788,2605784.6607788224,85.70127380211686,0.040527456,0.5369074826573653,-8683565.293,-0.243579335,0.007801026,13.247993570038235,0.008420041,1.3232529291164732
geo-5056bbfd-c820-4a90-a84b-0f6128fa5adf,7.5117,35.9989,1.0945,244.431,6.6112,-6.1302,-5.1712,3.841,0,165380.09421834935,2905207.247091592,-156.6272449,127434.76027964291,37945.33393870636,2907926.215,-154.6929593,0.035923226,0.6310579163997365,-7022195.584,-0.188670996,0.008242296,17.566849630983285,0.016875254,1.8753968051246241
geo-505a50ff-4067-4d69-a948-cb875362e87f,10.4853,31.0433,1.1977,245.523,6.0429,-4.8551,-4.547,0.4154,0,80183.68388867842,1764341.3057847868,-15.58083245,39685.24066231232,40498.44322636502,1764939.914572573,-15.48804199,0.016923879,0.3723887058220049,-6019917.197,-0.17666313,0.008547713,22.00374466,0.004209808,1.1120092855407882
geo-50764d9e-910c-4655-913b-29a9237626cf,10.329,29.2345,1.0305,250.6977,6.1247,-6.3821,-4.3588,0.7656,0,69531.55003984741,1251342.3204376923,188.46561077374915,29170.67075439737,40360.87929,1251865.599003482,188.1285137065604,0.015381422,0.276815701,-2634457.604,-0.087149532,0.008928385,17.99675571334983,0.00236142,1.1361120371896227
geo-50da3673-cc8f-4c97-8937-bd302c9c2e90,10.1097,32.2013,1.1184,248.0754,3.7438,-4.0482,-2.4573,2.8753,0,117384.64219490111,2474855.985603825,69.28532777314919,77652.98222074739,39731.65997415313,2476051.7798107136,67.77768585619933,0.025326869,0.5339740502623556,-6972963.786,-0.213423265,0.008572444,21.083303056754904,0.008977433,1.2089871555649758
geo-50f62a91-6b8b-414b-a1b2-d4c85abd7fd7,8.3482,30.6186,1.1895,250.7625,4.1617,-5.9711,-4.1268,1.9938,0,66847.99183087693,1102346.1183882826,-75.10547877,26572.51740437296,40275.47443,1102887.8362824153,-76.20095027,0.01414102,0.2331902318445085,-3251580.544,-0.085676001,0.008519827,16.490340071503965,0.002073376,1.138845320623035
geo-510ac0ff-88a0-4bae-a470-84ca44c8fd73,8.9625,28.0992,1.0344,244.639,3.0697,-5.7494,-5.3211,2.1313,0,62804.36948811932,481614.4033136899,54.62858194,23365.172274833178,39439.19721,482210.21956286585,52.04807715789261,0.013877701,0.1064209473617753,-273897.0182,-0.008415042,0.00871472,7.668485604410007,0.000402231,1.9678155787388814
geo-511187bd-72bc-42ff-b970-c9f9bec273a9,8.6734,29.0909,1.2002,245.7261,7.5523,-3.8115,-7.0356,2.8193,0,320937.9765448662,3171230.759865649,34.15810437635203,284375.8268156474,36562.14972921804,3181715.203063561,38.00167219657202,0.067691966,0.6688733087512517,-7988947.626,-0.212826308,0.007711617,9.881132778383828,0.016419067315055918,1.4110166654428606
geo-512541fd-00d5-4f9e-8a56-5052f7524b35,9.8708,36.7747,1.2539,240.7843,7.4965,-3.1787,-3.9911,3.3089,0,406788.0798144165,3430181.296459685,5.899552819688907,371675.5846868913,35112.49513,3446385.5948837227,3.0340065898589046,0.084536581,0.7128424158216131,-9877836.382,-0.265205629,0.007298369,8.432354502680075,0.016386448658223682,2.5758060074322917
geo-5136c155-8239-481e-886f-65e83252fa31,9.8924,30.3339,1.1288,240.1173,4.9873,-3.586,-4.8191,3.7108,0,248533.79520819228,2989045.998098701,138.4305766058282,211476.7153323689,37057.079875824034,2996613.0181577946,134.63022615942828,0.053456481,0.6429060552907545,-6822526.716,-0.201639975,0.007972119,12.02671852169975,0.013299750414750377,1.0662578006769385
geo-515bfd25-669c-401e-b2e7-ffbfed7f639b,8.4823,27.8379,1.2787,250.1779,6.615,-4.6815,-2.5287,3.2826,0,320530.5167005255,3158394.007903927,-73.16686746,283828.90437991696,36701.61232060929,3170001.418311785,-72.53428316,0.066167464,0.6519907143666684,-9092164.933,-0.22209513,0.007577884,9.853645264,0.015952153500740206,1.363405398518067
geo-51699942-9339-453c-a1f0-0e7c76ebe35f,10.4797,26.1316,1.3825,240.7692,4.4534,-3.1147,-3.3555,1.3615,0,153775.40453404185,2322200.634,984.7058486152846,115085.26155327764,38690.14298076414,2324374.1842051107,989.2222908,0.030889752,0.466473834,-8112127.754,-0.207090892,0.007771871,15.10124874053874,0.006609306,0.8993560885074009
geo-517dcfea-4f99-45a4-865f-d5496fa4cc85,7.8433,25.8903,1.3831,249.9667,6.2546,-5.2296,-2.9302,3.544,0,284249.97070696705,2950656.122474715,-93.25069451,247967.8119534448,36282.158753522446,2961057.600830512,-93.7609375,0.057078158,0.5924996806751354,-8771226.525,-0.190516404,0.007287026,10.380497542835435,0.014247135,0.9616685842561337
geo-51be0d3a-6da6-4f6e-a114-183c7a89b663,7.9261,35.2928,1.2107,252.214,5.5544,-3.679,-1.5816,3.6634,0,311106.6181933417,3369428.0754835457,-37.88664957,274128.3357075212,36978.282485820295,3380802.5924307816,-37.31371403,0.065429923,0.7086362217298243,-9791476.104,-0.247377469,0.007776991,10.83046093667336,0.020166813163665993,1.3468234098838423
geo-51ca2280-456c-49fa-8d9b-07d23128b77f,8.4274,37.259,1.3063,248.8939,4.4695,-5.842,-3.6593,2.8213,0,81018.64295951331,1751190.0628837338,64.38273121,40502.424713120105,40516.21824639331,1751673.4377041708,61.59891554615045,0.016601746,0.3588410234837836,-6379277.309,-0.152127721,0.008303963,21.61465557697442,0.004863632,0.9001687969714199
geo-520c4ace-ecbf-4203-909f-f3bedfff9ac3,8.8002,29.0254,1.2045,240.8866,3.2706,-4.36,-1.8137,2.2551,0,91115.37118519549,1881679.5531334544,-156.626327,51621.22437750556,39494.146807689365,1882687.0931983704,-161.1507082,0.019191363,0.3963326430531152,-6213998.166,-0.16353347,0.008320216,20.651614855509727,0.005681687,0.8423072320365348
geo-5211a2f8-a3b8-4d30-8c86-b2a082e5f968,10.3889,26.3657,1.2154,246.5525,5.6977,-5.9609,-4.6136,1.8909,0,114262.69421518032,1826180.4510144773,5.406455541095994,75250.90988906787,39011.78432611327,1827681.1921536727,4.3129779185362125,0.024000139,0.3835773837826108,-4904123.901,-0.141345168,0.00819413,15.982298190653582,0.004508027,0.5474311719330407
geo-52151eb7-13cb-49e5-85c6-c7c998aca5ee,10.4021,33.9792,1.2578,248.2719,7.6621,-4.3952,-4.9198,2.2422,0,256610.81651948887,3157674.724294463,157.25077875377588,218988.2801114492,37622.53640803944,3164082.603124708,156.13086613761996,0.05327137,0.6555205353306087,-10458031.64,-0.287392544,0.007811864,12.305306405720625,0.013149272,1.7318901647880471
geo-523f365a-9343-4c88-820e-85cef5efaf8e,10.0186,31.3237,1.1565,252.0975,8.7363,-4.5542,-5.8337,3.4098,0,419898.6764107183,3439558.124453286,-92.81256173,383935.6423417875,35963.034068930574,3456551.4942196324,-93.08480969,0.089620453,0.7341169977612121,-7567765.26,-0.220392232,0.007677267,8.191400253638648,0.017122755,2.500354977406467
geo-5267590d-7011-40c7-bf90-bcd24849f97d,10.6187,35.5398,1.1727,248.7748,3.9417,-6.3904,-7.4406,3.1054,0,71595.75161,1110515.5407624796,200.75888834056377,30785.22830905049,40810.52329794142,1110872.128982026,202.9235406083729,0.015212523,0.2359601407931916,-242838.9799,-0.007191672,0.00867309,15.510913927664097,0.001668999,2.468754937
geo-5284e4d4-8cef-4f40-ad6f-65bc2095f9e0,10.1506,26.3408,1.0177,255.4665,7.9969,-3.2141,-2.2334,0.8941,0,331345.35244972195,3070624.2726483266,224.3926547125756,293804.8468349789,37540.50561474328,3074866.5068236813,224.81797821133927,0.073569442,0.6817784268965655,-5743834.353,-0.190207031,0.008335169,9.267141518498464,0.01457622,1.8256658562988994
geo-52bdd797-43d3-4de8-b69b-8ab3895a9f62,10.3121,30.7478,1.2631,249.361,8.1348,-5.3205,-5.1757,0.7825,0,161635.88207998508,2637574.722814703,904.6428268460312,122672.11736444032,38963.76471554464,2639155.128203258,908.6828141,0.033513951,0.5468807383487979,-9263662.289,-0.256577141,0.008078793,16.318002468718614,0.00923184,1.4834831109091582
geo-52daa8ce-8c63-4dfe-b9fa-5a784d05db3d,10.2334,35.8427,1.3467,241.5505,4.8225,-3.175,-1.9115,2.3763,0,182238.03581486217,3109157.2209038003,161.61261157265548,143562.04682322862,38675.98899163323,3112937.802777016,164.05588032858188,0.036952752,0.6304497107374085,-13065370.38,-0.33852795,0.007842362,17.060967580129322,0.012363205180296289,2.813022126971077
geo-532f717f-2e55-4dd4-876b-4819084833b9,7.6462,26.0484,1.2878,243.2015,3.7317,-6.2522,-2.1458,3.5702,0,115847.15579910293,2087522.5608730104,-80.39603227,76736.13686783619,39111.01893126662,2088975.160594456,-81.63714647,0.023856169,0.4298792802560796,-5675854.146,-0.130734627,0.008055679,18.01962721029692,0.007693031,1.1642078288148483
geo-53338ddb-2a67-4023-a49e-5ee9bde18995,9.5712,26.513,1.3755,247.9244,6.5228,-5.6974,-4.8208,3.4564,0,253545.5948895484,2836039.475392953,0.801847881,216302.90963362693,37242.685255921526,2844336.182785654,5.105886195684661,0.051013891,0.5706169266984327,-7930965.975,-0.191378106,0.007494817,11.18552060282654,0.010828618081114138,0.6738411823841793
geo-5333e610-8f93-4a9b-a4d4-072459794bf8,7.6136,36.4575,1.1825,243.5925,5.8471,-5.922,-5.0404,2.8289,0,102170.2914632859,2230261.5194335454,-140.0003384,62867.67746594351,39302.61399734257,2231476.853918813,-139.7318037,0.021654793,0.4726995648824905,-6721425.885,-0.170033098,0.008330068,21.828865196444752,0.009341798,1.1665183017412062
geo-534bc413-3f39-489c-9e5b-aa69d0bacc4c,7.9839,37.3419,1.1054,244.3086,8.1866,-3.3543,-4.0699,1.1874,0,248292.67019635756,3207965.457663505,183.2084402813923,211150.99587699855,37141.67431935844,3212203.279,184.63710675894865,0.053767642,0.6946831612691181,-9709921.39,-0.26673463,0.008042967,12.920097299394925,0.019240155712937565,1.2330245986827835
geo-53522813-e685-4bd2-b3d4-291cca072be0,10.9311,29.0902,1.3379,249.9776,3.2699,-4.8449,-4.4465,0.9366,0,65907.97107508588,438445.33416441904,-59.16051477,24879.134812724584,41028.836262360666,438771.0472784772,-62.45263694,0.013395365,0.089111156,-1485657.732,-0.040047498,0.0083388,6.652387063545358,0.000231233,1.9386079436907557
geo-5395cc70-b269-4a32-b07e-3c248d89b7d6,8.3553,28.7478,1.3984,255.7976,6.3791,-4.1372,-4.1451,1.8608,0,209725.4400379873,2793220.867924688,548.0140425,171498.28159805192,38227.15843993611,2797783.7899625967,551.8140306318921,0.041954517,0.5587697467834805,-9977429.429,-0.224756128,0.00764711,13.318464690877496,0.011894709717649436,0.758105618
geo-53afa2b7-c504-429f-9a8e-a3e0c77cd37f,8.0645,26.0004,1.1308,248.1659,8.9972,-3.2192,-3.0033,3.424,0,606907.2854496108,3772626.7159169135,105.08274116762692,572827.4216415674,34079.86380804375,3800709.334,99.74344693921948,0.1304921317825044,0.8111586635756419,-7314067.165,-0.19806231,0.007327529,6.2161499892394065,0.025970739,4.8219378919145806
geo-53df79ac-2b6b-471f-87ab-d9919e980211,10.9983,27.1232,1.1099,247.0892,5.761,-4.2136,-3.7962,0.4536,0,107860.56054583772,2020828.2215559187,202.5777189032758,68065.88572954423,39794.67481629415,2021370.9735975624,204.5507097650109,0.023327586,0.4370554393314798,-5926323.642,-0.190421226,0.008606564,18.735562019419707,0.005528377,0.876728093
geo-5449d391-d853-4318-a492-7fa7c1f0a8c4,10.2572,34.6101,1.2712,248.5378,3.7513,-3.0628,-1.6717,2.5049,0,140220.14194179306,2784476.1779903616,4.098079962659696,100371.77173692052,39848.370204873005,2786716.4565204326,1.6224164088248187,0.029010209,0.5760815445422839,-11196437.74,-0.307397884,0.008244204,19.85789016777798,0.010298861748533334,2.4498716319993408
geo-54525296-f30f-4b4b-bee6-5f869a1bfeed,10.4144,30.6457,1.0545,251.2424,3.4489,-6.4389,-3.7162,1.5584,0,61637.43421692732,165186.25803295232,50.32050470010829,21299.59617808973,40337.83803883722,165643.35643437025,50.83394634929704,0.013538834,0.036283622,75601.42875333727,0.002426134,0.008862108,2.6799664867877846,4.023807097444427e-05,2.2954038342391483
geo-5481604d-a210-4f9d-90f6-7e548556a9df,9.6494,36.2613,1.1171,246.1458,4.4985,-3.7456,-4.776,3.4062,0,144166.3965177831,2836918.829150653,-55.36194479,105051.12600667772,39115.27051110668,2838689.721111176,-57.08157888,0.031110194,0.6121890913713489,-7796830.666,-0.229624644,0.008442532,19.678086556049205,0.012362918059911084,1.4398967354161103
geo-5490f936-8da9-4c92-804e-c0d4b06e315a,10.0134,36.2081,1.0208,246.5074,4.6203,-5.2911,-7.3876,1.7013,0,65529.67082313418,989797.5310730528,-63.18111753,25278.84449014563,40250.82633,990292.7522238912,-61.37604501,0.014536707,0.2195707162013405,-372903.8801,-0.012236049,0.008928954,15.104570473801632,0.00153256,2.248206770187697
geo-5492cf1e-4a1f-4ff1-a741-41ff320d561b,8.8077,34.2109,1.3994,242.5352,7.2028,-6.8447,-6.3492,2.0178,0,105635.66520041689,2295211.543208949,-44.33082601,65548.89029451297,40086.77490590335,2296894.805844748,-44.07446311,0.021126387,0.4590260906502184,-7600074.681,-0.175645935,0.008017029,21.727619538859024,0.007614868,1.0307024498833064
geo-549b2b91-bf81-4562-aabc-d3c708e49ada,8.2598,25.8088,1.3445,240.8554,4.138,-5.4092,-5.2901,2.7576,0,105755.11420997816,1925029.896552024,-92.98453483,66473.63074138499,39281.48346859327,1926597.8537266776,-92.59690574,0.021452167,0.3904876208229795,-5188080.385,-0.119023982,0.007969762,18.20271209513205,0.005876181,1.1155240796054726
geo-54b1e977-b1ad-4b83-ba2b-4d9a8b2aa4ac,7.5543,27.6055,1.3266,240.9731,4.5545,-6.8904,-5.3426,2.4203,0,72547.81997540932,1084171.223611632,-27.14712639,33322.76369416758,39225.05628124267,1085019.4651717893,-28.61133118,0.014785974,0.2209649741117425,-3017064.899,-0.067088895,0.007996074,14.944228840771938,0.002057324,1.2782472545360468
geo-54b86ac9-becb-4689-92ff-c6041b10981f,10.9851,32.9706,1.2993,247.6587,6.504,-5.6682,-3.2734,3.9434,0,267402.5606946111,3178066.7121628453,-79.16128066,229948.4312351122,37454.12945949918,3186645.981754391,-81.36836012,0.054896584,0.6524432865161978,-9982444.343,-0.273221893,0.007690723,11.884952424940982,0.012334786760220325,1.5082820591776913
geo-54bcacc4-9fac-4414-b8ce-282749261f8f,7.8781,26.656,1.2108,244.4266,3.8491,-5.7462,-3.7346,2.2859,0,76957.85580418333,1340796.947549147,107.79005806566722,37554.43824763453,39403.41755654898,1341603.8902017702,105.92694311112638,0.016181481,0.2819215815852547,-3899251.232,-0.096628725,0.0082868,17.422483170019184,0.003211333,1.008513884
geo-54dbb3b2-bc8c-4b43-81cc-a25f8146d496,9.6072,26.5427,1.3551,245.154,3.4056,-3.2026,-2.3998,0.0133,0,73255.70774833769,1049079.5126224428,72.62869656174175,32975.629498822185,40280.07824951612,1049140.9807902533,75.26121722714834,0.014818302,0.212209776,-5407088.177,-0.132727435,0.008149575,14.32078871214299,0.001492052,1.7629068927437608
geo-552ffabe-9f46-4fc8-975a-93f8b3c26537,10.4064,34.7458,1.3625,248.3446,8.3943,-4.5636,-1.8782,1.0463,0,259786.8300594225,3277849.6113173994,392.4358346,221875.7195487464,37911.11051067648,3281769.429983244,390.3195064815643,0.052458927,0.6618983471505862,-12798503.41,-0.330477191,0.007655375,12.617458747110595,0.013400845656552671,2.6495379543060555
geo-5532ba6c-f403-4e15-bde1-0c7e4d0f53d5,10.8511,32.2085,1.09,252.3274,4.0161,-5.2809,-2.9504,1.0446,0,61024.9818,807818.1755395867,135.48939682365062,20068.523972471405,40956.45782744892,808121.3193,134.76740098745609,0.013272481,0.1756944617245185,-2690980.822,-0.087196677,0.008907679,13.237499655274588,0.000905508,1.4739153435989516
geo-5550cf26-3e82-4b09-a19b-bb928cfe6eca,10.8239,37.0872,1.3323,252.2894,4.9236,-5.1907,-3.8127,0.4086,0,61791.11793176605,878669.6056747908,63.32911873636443,20104.680285282637,41686.43765,878902.4237481296,64.19964858639041,0.012574651,0.1788115132685765,-4262916.085,-0.112982472,0.00848501,14.219998522199981,0.00094028,1.7483111267765445
geo-55667487-22b6-44cc-8168-486249fa69c4,10.5537,27.2136,1.2474,242.2747,7.8199,-6.0695,-4.7271,1.7888,0,197223.6402114833,2579592.321517546,106.84215430814288,159407.89535316266,37815.74485832072,2583371.2347099097,106.9775902661747,0.041058122,0.5370208977691397,-7484238.152,-0.208799044,0.007874091,13.079528999421385,0.008698167,0.5351886061127592
geo-5580ec79-07f2-4218-899a-8b8aebf65a1e,8.1935,36.0986,1.1918,244.0696,8.8274,-4.5117,-3.851,0.9402,0,224691.0178570492,3183971.693216354,-46.52980513,186932.5756494659,37758.44220758327,3187172.575,-45.32669556,0.047501072,0.6731113306802747,-11380534.96,-0.296556369,0.007982326,14.170444922912024,0.017601694205142772,1.7136257237837387
geo-559e23f7-45f9-4138-9bf8-2802365d1c26,8.9888,35.0279,1.3993,250.1545,4.8826,-3.8639,-2.6928,3.8858,0,255982.85701901175,3291737.595080515,520.6208210385761,218289.3505227641,37693.506496247486,3299603.831778096,524.1667073924059,0.051185489,0.658205012,-11564995.31,-0.2656945,0.007538591,12.859211094890032,0.015341604375483715,1.2426218091271102
geo-55a62968-5dfb-4ace-bc7f-a0ccdc53d7c7,10.8161,33.7749,1.0551,240.1601,7.0973,-5.332,-4.2282,0.4756,0,87562.81779342993,2000192.924,-272.636645,47827.63039137653,39735.187402052885,2000870.881321229,-274.2677202,0.019234105,0.4393636711496811,-5274129.042,-0.175222605,0.008728211,22.842948351600157,0.005681038,1.0302596074533104
geo-55a72462-d27f-4a6a-9722-558f2388961e,9.7938,30.0528,1.0554,252.7809,7.5665,-3.4946,-1.5409,0.369,0,238260.5444385832,2995575.6071691127,1435.7640256722857,199838.3535230216,38422.19091556282,2997018.176,1436.8539968691016,0.052331981,0.6579536959167464,-7930182.389,-0.250647591,0.008439076,12.57268850042971,0.014069852933252252,1.0469071953284097
geo-55f7e98f-225e-4655-bce1-0797933de1ac,8.7185,34.2537,1.1004,247.6454,7.8638,-4.7381,-2.7199,2.5157,0,284945.4018448908,3178932.921560584,-655.9485705,248455.73922699015,36489.66261790185,3187123.2391818184,-645.3842762,0.061791768,0.6893667526746443,-7845819.809,-0.226084018,0.007912916,11.156287839629767,0.017350381303556393,1.207721818597802
geo-561070af-655a-4ef5-a317-e663de85ed19,7.7167,35.168,1.0395,241.0762,3.6851,-4.5851,-2.2937,2.6466,0,83294.57227,1779037.7623193606,68.91805884670406,44137.67393379429,39156.89834014315,1779716.0195581338,68.30152897048193,0.018374624,0.3924523328155698,-4780836.072,-0.13358309,0.008639681,21.358387632612285,0.006353197,1.0793091646716244
geo-562209c1-76b3-42a8-afc2-07593c22f8c7,7.543,25.5372,1.3146,249.2877,6.6692,-4.2511,-2.0754,0.6923,0,183507.8819334062,2476794.845139064,-76.82103456,145505.76329447218,38002.11863893333,2478796.348424038,-80.25262629,0.037527868,0.506511377,-9031415.437,-0.205799351,0.007771497,13.49693985372178,0.010826408972846414,0.6024718823860885
geo-566c500f-9c52-444f-987f-d885e11814ec,8.3129,26.0289,1.0686,244.7721,8.55,-6.7328,-2.589,2.5572,0,267036.4456380735,2825941.842128016,-72.96082212,230366.4326611045,36670.01297696896,2833629.4810101143,-70.16125865,0.058432085,0.6183638078612645,-5866496.784,-0.169118347,0.008023976,10.582607311805479,0.014641504216197398,1.4027490729384284
geo-568f98f4-9fcf-40fa-a88b-ed64ad03c03a,9.6401,30.7166,1.2007,250.1147,3.4405,-4.8316,-5.6477,2.4221,0,73152.24354611467,1387617.3411683822,-82.14960296,32540.03942463301,40612.20412148133,1388086.2326022228,-82.58402504,0.015423898,0.2925743293832165,-3193015.966,-0.088202956,0.008564672,18.968896562873507,0.002826448,1.1972292440543768
geo-569e0dcc-38ea-4f68-ac81-494c08b7d25a,9.9134,25.649,1.334,244.2938,8.008,-4.54,-6.2283,1.7108,0,274834.0702783922,2883075.284384766,80.66242262923568,237673.6341298548,37160.43614853672,2889151.945821796,82.89352944304768,0.055904283,0.5864493281776231,-8304113.573,-0.210360187,0.007560369,10.490239734339966,0.011043035885353715,0.9543875085343625
geo-56b6eb37-1f5b-4a26-9daf-da04f5764ceb,9.4278,31.7209,1.0125,246.9944,3.9557,-5.5699,-7.2558,0.3845,0,84006.70476985036,-307191.0295,181.3625257360095,44995.10528204718,39011.599487802574,-307124.3512,183.8197203,0.018676395,-0.0682948,1318037.065630947,0.04155241,0.008674821,-3.65674419,0.000157476,3.2301412386593493
geo-56e539f7-f771-4736-adde-e2cc336d0b34,7.5458,36.7043,1.1401,242.1892,7.2802,-6.8678,-6.9755,3.0751,0,119170.92746024168,2394237.899609541,-12.68319922,80611.01117712574,38559.91628,2395845.141456177,-14.06858807,0.025556686,0.5134539744058425,-5934779.332,-0.154360688,0.008269286,20.09078851,0.011121103355243613,1.6284638558986535
geo-56fbac20-b409-480e-8d53-99f802e343e4,10.6968,35.8529,1.3097,251.0569,5.9019,-4.8093,-6.4212,0.3041,0,70848.46284,1308046.9638871076,256.62461765378737,29327.00209366779,41521.46074389364,1308446.670916684,254.26165130243663,0.01450761,0.2678482186170688,-4811698.695,-0.131051032,0.008502287,18.462601889982466,0.002134882,1.1632506121051525
geo-56fd890c-5537-4483-8517-4b519cc3af45,9.6379,28.7732,1.3291,255.8457,3.7797,-4.924,-3.46,2.9698,0,120932.41973177675,2356773.1722272323,139.87258728215244,80321.26263215995,40611.15709961688,2358392.8318402283,141.66120243354678,0.024630918,0.4800159225682365,-7206780.385,-0.180670394,0.00827315,19.488348760857203,0.007609901,0.9169820485980238
geo-5705f49e-574e-4fb9-a270-430be95bfbb4,8.3368,36.1431,1.2056,256.8682,6.9728,-4.6161,-1.7731,0.5248,0,115793.0956580754,2423524.919767136,445.1714204550923,75395.94589553484,40397.149762540525,2424809.0526059484,446.9285343,0.024381813,0.5103061711894809,-11049954.72,-0.282804995,0.008507887,20.929787790832982,0.009942884,2.3368522492034085
geo-571506c8-038f-422d-91ef-033042a29328,8.4528,29.1033,1.139,257.8387,6.9815,-3.4199,-3.994,0.1084,0,162029.49247455318,2589060.8904614304,196.53327673121697,122394.56579427536,39634.926680278215,2589612.1807242143,198.1951395911335,0.03475134,0.5552898725836194,-8884948.356,-0.240859233,0.008502433,15.978948344037006,0.011611519067197354,1.112940657854299
geo-57583574-1d3a-4ed5-ac45-0635b867f586,7.7077,28.7671,1.0665,254.4264,5.5322,-5.8223,-5.2863,2.9625,0,125138.72928498709,2172420.7816092395,-1750.954128,86295.55698,38843.17230274776,2174316.768891496,-1752.168119,0.027398839,0.475646568,-4472323.085,-0.124344414,0.008504579,17.360099419435755,0.009343166,1.668291512414431
geo-57678fb9-4d63-4a37-a099-02d299b703e5,8.4917,26.6592,1.0685,247.2264,3.801,-3.5243,-1.9959,0.7119,0,84652.89557834587,1517638.4034931448,224.7938389867872,45101.12309707432,39551.77248127151,1518278.924745327,225.8322657851089,0.01852401,0.3320943661235776,-5166759.615,-0.150551227,0.008654797,17.927778998281163,0.004134076,0.9127104237844158
geo-57804df4-2b92-4cc2-a012-1068020d6427,10.9638,32.9237,1.118,255.0044,5.6962,-6.9602,-4.0103,0.2705,0,60412.966271673926,391682.7097264667,166.90297223271602,19337.48035090967,41075.485920763895,391761.17835028295,169.4454846364374,0.013033443,0.0845013,-1254240.387,-0.039347201,0.00886338,6.483421257037628,0.000207308,1.9631638420685367
geo-579f4d48-4166-4650-9a65-325c8348c211,8.3989,35.9981,1.3717,255.709,8.4428,-6.9188,-7.4545,3.122,0,184135.85411746037,2933485.2557431706,-478.3226455,145749.77248319818,38386.08163426226,2937655.4831911963,-483.6988221,0.037085387,0.5908107108337635,-10531176.91,-0.238727367,0.007732607,15.93109212653341,0.013228921426949727,1.0081044197912423
geo-57bda756-b764-46bd-8e96-23b930b43cb4,10.7873,35.0791,1.2804,252.5144,3.7592,-6.5103,-5.7638,0.5642,0,85219.80248615942,-504724.0844,-19.42594182,44926.37055,40293.431939800175,-504544.1442,-20.48444517,0.017587634,-0.104164786,3263594.796227282,0.091252742,0.008315701,-5.922615046,0.000320169,3.539553829786525
geo-57bf2e62-9c62-420b-a831-aec7162e21e2,9.0944,26.5253,1.3315,248.7239,7.7039,-4.3811,-4.8184,1.5706,0,262160.8536934745,2894945.2301166737,107.48890537554291,224797.80223005728,37363.05146341626,2900381.9852583795,110.90852118820489,0.053372759,0.5893756125867619,-9075404.593,-0.224213068,0.007606622,11.042629703599934,0.012157951269655357,0.9678067070941876
geo-57d535d0-d851-4ff3-adce-b31c58adae3a,9.5985,29.5626,1.3263,255.1312,4.1323,-4.4238,-2.4308,3.6187,0,196962.61841946232,2771965.214701266,-23.69497556,158067.13526886003,38895.48315,2776756.572035108,-25.13652116,0.040154468,0.5651163125830952,-8713240.531,-0.222015351,0.007929521,14.07355993205745,0.010590645852608344,0.6967664393528078
geo-5802c0f8-a568-4285-90f3-1652e89e782e,9.8621,30.8269,1.377,256.9724,8.5874,-6.6239,-6.8371,1.8433,0,179164.9009528302,2651924.531489781,-482.8026265,140295.29577804837,38869.60517478194,2655327.488551838,-480.458484,0.036034199,0.5333632673466719,-9065980.323,-0.221817933,0.007819154,14.801585117321427,0.009181781,0.8048136381948527
geo-581f0bfc-42cb-4c3d-a665-8246128fe9f6,10.35,25.567,1.0071,244.3164,8.7622,-5.1253,-4.9337,0.5451,0,210905.81694666215,2543086.272,-12.06499044,173195.20580854826,37710.61113811332,2544453.1393012786,-11.27087315,0.046971699,0.5663811679256936,-4567586.645,-0.15397168,0.008398641,12.05792381272938,0.009865688,1.2756336025037367
geo-5836147b-b301-471e-ab7c-b2984dbfb4cb,9.721,33.0834,1.1431,255.1581,3.0043,-5.0304,-4.2764,3.4739,0,81149.97046472158,1773255.7353592971,29.66139060786993,40269.14395531285,40880.82650940882,1772952.4302524212,27.515455134072734,0.01738479,0.3798852705485869,-3881305.216,-0.112482798,0.008759684,21.851588179322714,0.00472546,1.391569390282227
geo-58642ca1-bc80-4b56-8b74-288ad5394036,8.4209,27.2526,1.1855,255.0804,3.2613,-5.041,-4.0002,2.4769,0,79072.46263552441,1441240.2729231073,58.58408330388778,38719.84498,40352.61765412995,1441931.8713418385,54.96653034175733,0.016745409,0.3052157025742818,-3816495.625,-0.101305139,0.008545548,18.226829225824932,0.003521319,1.009175212815184
geo-58879571-b9fb-4e31-950a-c72c3442cf0a,7.8108,36.4475,1.2432,253.373,3.1657,-6.6805,-3.1314,1.0018,0,62619.07880160413,-318406.9839,38.75447544476671,22712.919142187024,39906.15965941686,-318265.2393,40.48715108490512,0.013050914,-0.0663616,746415.1485786698,0.017971574,0.008318823,-5.084823827,0.000179469,3.037346053550527
geo-58aa72ca-7c08-4c2c-882c-ffc0c545b7ef,9.2584,25.354,1.0602,248.6778,3.5096,-6.17,-5.4443,1.8625,0,73108.14478765421,342975.73545449367,103.57927818778369,33639.57140154952,39468.57338610434,343963.5219938797,106.31104182403786,0.016035623,0.075228686,-58506.67875,-0.001791387,0.008657036,4.691347817000139,0.000194572,2.1455458521291466
geo-58e0723d-7227-4447-a0b6-07cda883abc6,8.6123,35.0772,1.1117,249.5488,8.6386,-3.8364,-7.2212,3.1799,0,374930.5993021173,3331793.982,-255.5196735,339017.2215082712,35913.37779384592,3345817.0819133148,-256.2591217,0.081030452,0.7200713199591237,-7054593.185,-0.197091645,0.00776321,8.886428551087596,0.019163817,2.154155508205129
geo-58f4b98a-3a00-4a45-9955-290aeaf18aa5,8.3122,35.0627,1.3585,256.3809,6.2583,-3.5578,-5.2801,0.454,0,105232.34485417877,2271593.9491545013,-1010.372679,64363.13728259114,40869.20757158742,2272683.4951742603,-1014.601618,0.021267573,0.459091641,-10289513.89,-0.234340787,0.00826138,21.58646138981573,0.008071103,1.6324339838050648
geo-58fcb5ad-1968-42d2-aa6f-2cee9cf3e007,10.4256,31.8414,1.341,252.6513,3.2814,-5.9651,-3.5158,3.9101,0,93213.58876,2100558.198004001,16.246507249145125,52129.892775906046,41083.69598908336,2099873.7714866498,15.689820561163373,0.018925625,0.4264869154202865,-5693228.426,-0.14712632,0.008343114,22.53489245328753,0.00555342,1.1816109140435018
geo-59050f44-2287-4817-9ed0-433e639cf8d4,7.8326,27.9875,1.0965,249.5091,4.2649,-5.057,-2.3461,0.3269,0,62883.95483588034,705067.9069885033,-97.91652724,23271.98455778706,39611.970278093584,705208.1108305174,-100.2181713,0.013648871,0.1530339592735563,-3644601.066,-0.098235674,0.008599456,11.212206815373532,0.000951743,1.8404027046170077
geo-595c31d0-d980-4b60-8b73-15d070d08349,9.3485,30.8921,1.3144,257.0318,6.3357,-5.4443,-1.9712,3.9684,0,306198.3760835398,3218577.341878043,-249.2045718,268809.9069490662,37388.46913447378,3229973.382618428,-253.2850876,0.062608771,0.6581066029369381,-9768027.566,-0.243850809,0.007646411,10.511412186588244,0.014746898508065662,1.3243233783387056
geo-59666822-6108-4fa8-bef3-45fbf9c49be4,8.3163,31.7889,1.1366,251.9774,7.7161,-4.0764,-3.6744,3.7872,0,430378.89327801176,3469517.8730960656,-495.2753529,394904.3328792229,35474.560398788664,3488499.064188997,-497.9409592,0.09238666,0.7447790112222262,-7589461.508,-0.20778421,0.007615055,8.061542810964164,0.021231214504554688,2.6590233
geo-596a0645-1d6a-4390-8897-2308e625400b,9.7629,36.0778,1.3496,255.9236,5.3557,-5.0493,-3.2226,1.3644,0,82231.76656358608,1858803.912,17.41809319346538,40756.88849613781,41474.878067449565,1859774.6222811055,19.39737138061541,0.0166581,0.3765472014512324,-8190655.659,-0.203513613,0.00840347,22.604450679246487,0.004622854,1.5884042776281124
geo-5990dc00-20b5-4a87-81ee-56f35c1f2ba2,9.3451,34.1508,1.0769,255.4409,8.3447,-5.7735,-6.6576,1.1061,0,125187.95471393656,2498737.5791566693,344.50183848060016,85226.94336646664,39961.01134746926,2500306.711,343.88285398321443,0.027323038,0.5453647909309132,-6406128.575,-0.191443637,0.008723497,19.95988819264984,0.010130721271263141,1.3027612031187685
geo-59b0deb6-c3d1-480f-a6f9-8c47a32159a8,8.0587,25.9341,1.1702,241.4958,5.551,-4.8572,-3.0111,3.654,0,258033.65772225236,2822301.3323995355,77.36122941,221411.25994447924,36622.39777777385,2831067.3806292834,79.47843667350067,0.054875751,0.6002159039853846,-6657831.962,-0.174904656,0.007788406,10.93772555608795,0.014229843909271712,1.123842777091872
geo-59b934ef-d94c-46d3-9c92-e92a9ebc8a3e,9.9098,33.9951,1.0219,245.1334,3.1971,-4.9266,-6.9001,3.4353,0,76180.67154570136,1538737.6968862363,72.00635711458017,36199.73147,39980.94007419569,1538562.428931459,73.98468565656128,0.0168941,0.3412360178339741,-637160.1768,-0.020781205,0.008866271,20.198531539107492,0.003740201,3.118647664661741
geo-5a00c878-2b51-4477-afb3-70483e75c43d,10.7549,28.5223,1.2571,256.1392,5.6496,-3.1682,-2.3289,2.0575,0,261557.9011493104,2992780.4829381704,-1.313157922,223062.69219462384,38495.208954686444,2999029.005693329,-0.31744203,0.054319881,0.6215353445185032,-9267953.69,-0.263339946,0.007994575,11.44213372942513,0.011433400367808964,1.5141997313222741
geo-5a116cc4-6191-497c-8080-e0acbeb555c0,8.4529,36.6007,1.3992,257.8584,6.4797,-6.4008,-4.1416,2.594,0,114051.96520763998,2526956.436,34.91240995,73229.81823835456,40822.14696928481,2528626.665652801,32.78527578187105,0.022806049,0.50529503,-9975253.95,-0.222251852,0.008164523,22.15618496057533,0.009614671,1.2854573117306907
geo-5a1a3c8d-3ae6-4bcf-898d-ef7528919819,10.6927,30.7867,1.0633,252.0178,7.4254,-3.7674,-2.143,0.9358,0,239498.4491188557,3033181.168482663,1034.9782287210562,201282.5843,38215.86486,3036218.270262894,1035.143155588636,0.052485455,0.6647136732605108,-7580941.655,-0.248860947,0.008374862,12.664721544720251,0.013153216537755235,1.0329142397927635
geo-5a22e57d-c1f7-47e4-a899-6a5ab54e5dcf,8.2081,25.3305,1.2839,240.5456,5.8272,-3.4283,-4.6564,0.242,0,129345.67218123094,2095236.120110127,8.384584437702742,90861.89764,38483.77454361069,2095868.3315181923,6.912916521168825,0.026663743,0.4319188694471659,-7485120.783,-0.179156588,0.007934774,16.198733863893192,0.007234555,0.6013427654960207
geo-5a2e8abd-1668-4008-bd32-ec24c047da2e,9.4445,31.4777,1.3514,253.1074,8.5152,-4.125,-5.5892,3.9056,0,494059.4845272306,3690582.780282128,88.39092774,458850.3853123378,35209.099214892754,3713890.141943941,72.73644610541912,0.1000366583657693,0.7472654211161607,-10214105.14,-0.249281682,0.007130542,7.4699158620822255,0.018820057,3.2401700420412873
geo-5a43e8f2-3b8c-48da-80a7-bbbde49bfe17,10.9696,32.098,1.0588,254.691,3.1126,-4.6838,-6.4603,1.6909,0,63437.282851048505,592505.4538664512,-52.50174068,22489.34624917444,40947.93660187314,592906.6719995547,-53.88869657,0.01391708,0.1299857995541049,-76311.25672,-0.002505119,0.008985107,9.340019421349897,0.000490288,2.037680960235473
geo-5a4d47ca-3d8c-48d5-a4f0-901e2ac00485,8.7779,37.0097,1.0034,257.1496,7.9152,-3.5211,-5.3251,3.925,0,409232.7280764588,3298266.741360562,363.4207667709437,373475.40736193606,35757.320714523754,3316462.9793724986,367.9331409536699,0.091239663,0.7353584563999167,-2971393.11,-0.092504401,0.00797216,8.059635789306478,0.019609100864774506,4.1451012460371865
geo-5a79a23f-9ee7-4fef-a13f-955267d53b36,9.0826,25.6487,1.0404,241.4889,4.5613,-6.1702,-4.2591,2.2485,0,79804.47251200963,1491350.958511115,4.683103248826519,40698.06802317927,39106.40448883106,1492160.2820726975,2.885091468785013,0.01760017,0.3289042442086435,-2559102.341,-0.077522317,0.008626313,18.68756112994393,0.003791219,1.5983094383033325
geo-5a871ce9-484f-4eb9-9e78-bb432afd0ad1,8.1866,36.618,1.0481,249.0228,4.2541,-3.9979,-6.3589,1.2194,0,65492.42103123181,1098066.0801718305,-30.67153154,25491.472025945124,40000.949005287344,1098564.4803458296,-32.00925796,0.014411943,0.2416350687167324,-2910301.279,-0.083210004,0.008804191,16.766307656395714,0.002270212,1.1397897695584869
geo-5ab6e679-ba33-40ce-aeeb-29053d4ddb0e,8.3912,29.6549,1.3374,241.6313,3.9767,-3.7994,-6.6533,2.8882,0,126732.27535122103,2281638.988873921,128.14824656964396,88149.05366573718,38583.22168548379,2283549.297604233,132.95864118184693,0.025755577,0.4636934643316731,-6848053.918,-0.159195806,0.007842783,18.003614174453002,0.008156203,0.8982778496032324
geo-5ac03116-c03e-4221-994f-afc104b0fe79,8.0914,31.7632,1.1805,252.6413,6.8406,-3.3458,-3.9307,3.7082,0,403167.2894851144,3455719.113914959,-23.29753632,367231.6947816918,35935.59470342157,3472788.1517073293,-21.42001053,0.085497644,0.7328368423867833,-8608584.982,-0.224843552,0.007620639,8.571427305841889,0.021127156322585185,2.2635508807783102
geo-5b18c04d-b286-4e6c-b9f0-b8ca17b33e82,10.0228,30.1883,1.1793,240.2144,6.7518,-6.4753,-5.906,2.603,0,136386.0657527637,2277784.0462764427,26.25959091490975,98042.47610098886,38343.58965177451,2279978.315563817,24.60363947584776,0.028932276,0.4831980132618161,-5655670.066,-0.1645551,0.00813398,16.701002655253237,0.007415003,0.8106200348693775
geo-5b2dcc3a-ec3a-4d4c-a51b-76632d72759f,9.6825,33.5561,1.0706,244.9792,8.7475,-6.4304,-3.9745,3.3493,0,289905.4107972702,3138677.6767271548,-15.16475862,253600.2542645142,36305.156532754685,3148277.9935801816,-14.27971894,0.063400122,0.6864050823655267,-6183385.198,-0.192085086,0.007939621,10.826557766188198,0.015489007949671093,1.594961955978358
geo-5b4432be-c684-440b-acf5-d262a92f1533,8.1208,28.6587,1.3602,248.5465,5.0179,-3.4396,-3.0682,3.9537,0,326361.95589371305,3229104.6226740777,147.5900741,289916.5359656936,36445.41992801946,3242107.673450098,147.44714991730922,0.065928651,0.6523141191833378,-9743883.148,-0.219065898,0.007363856,9.894243383336356,0.016678802658247477,1.3383553779443507
geo-5b6b7687-01f4-46d1-aa69-f09f6be34088,9.8121,36.0073,1.3724,251.9913,8.2032,-4.0811,-2.9016,1.1929,0,262003.48849097893,3312100.959300876,271.23495086361936,223810.84061311017,38192.64787786933,3316561.5123852594,274.1291041036648,0.052769365,0.6670806778298543,-13037384.18,-0.324484318,0.00769223,12.641438396019362,0.014435933885823635,2.4714235384736982
geo-5b737478-2377-4d26-af4e-3004ea98c948,7.8158,34.5241,1.1142,247.5244,8.8529,-3.6933,-3.0815,3.0374,0,473349.89351640205,3534179.686486257,-22.30331066,438703.7146376594,34646.17887874264,3553008.410440743,-15.49865164,0.1022502903590208,0.7634329363415202,-8014275.375,-0.21636927,0.007484027,7.466315583661988,0.023736598003279968,3.184942725339102
geo-5b9998bd-96bb-4419-817c-111e264118c7,7.5786,28.2019,1.0822,248.4625,3.5231,-5.2914,-6.6687,3.2976,0,83939.01898727228,1584658.0865167435,66.01965045287588,44487.35516886945,39451.66381840179,1585101.336342074,69.84340186394408,0.018296475,0.3454133334435749,-2522949.419,-0.068728534,0.008599369,18.878682472534333,0.005011172,1.9341615898677746
geo-5bfd2c25-60c9-4b00-8891-bee90fb8ab8a,7.7153,36.3915,1.3445,252.8141,3.6623,-5.2511,-1.6587,3.6207,0,106332.32474153496,2282896.0612864546,7.96343117,66043.93363520225,40288.39110633179,2283363.556520223,6.206408981357811,0.021569253,0.4630798997743291,-8948414.234,-0.19841089,0.008174052,21.46944559742838,0.008847268,1.053480296215475
geo-5c083d5e-6d73-48ac-ae56-8b08e2e9c655,8.2753,32.6287,1.0616,257.3946,3.5214,-3.6143,-3.5989,0.8663,0,65481.986950325096,1046223.4325255672,-64.62177133,24914.259017669032,40567.72793265727,1046593.4791788344,-67.87809559,0.01435716,0.2293882365832323,-3939522.279,-0.113916868,0.008894573,15.977270715979177,0.002023991,1.2776180163120139
geo-5c0dcffe-3c40-4f8b-9dab-41709ab2e771,8.4368,36.3377,1.1718,243.7231,3.7949,-4.0118,-3.9681,3.694,0,123978.64064234147,2649813.5902874274,-166.2474118,84881.49338438925,39097.147257951154,2650569.582138379,-163.3083654,0.026349289,0.5631672063708684,-8155276.35,-0.215427154,0.008311029,21.373146023851994,0.011965947374303003,1.3675132241377481
geo-5c36de41-83ea-4835-b2c2-b6c51629f302,8.1776,34.2723,1.0761,256.404,6.9027,-5.5798,-3.3297,0.9001,0,92457.59944,2010805.713832331,50.532517085770365,52134.62883248795,40322.97061,2011972.4216139112,49.60602442787618,0.020188203,0.4390613028123784,-6595971.068,-0.187518797,0.008804512,21.748409281797983,0.007503685,1.0004988872185712
geo-5c4111ee-8aca-4936-922a-bbcd79ba34da,8.5262,30.5549,1.0975,241.8075,4.1106,-4.4155,-6.6175,0.1021,0,61937.59868273282,263054.0642673004,12.87772888648464,22684.01145622202,39253.587226511176,262967.31181866804,9.511130364810311,0.013442456,0.057091213,-1263837.566,-0.036094361,0.008519249,4.247082061007321,0.000121684,2.198397408256735
geo-5cab373e-8535-491d-a6c5-aab4dc99d3c1,9.4347,25.1219,1.3923,252.604,5.4318,-6.1895,-4.5377,2.5059,0,135995.07605216771,1925176.187,206.5177227513389,97316.35708,38678.71897690196,1927807.047463769,211.0084412,0.027242721,0.3856539468982504,-5743867.651,-0.135898906,0.007749739,14.156219787921476,0.005017849,0.45376744828691307
geo-5cd9b2bb-4e19-4d8a-ba7a-de9570fccbd8,8.5387,25.4192,1.1939,251.8719,3.6405,-5.3134,-3.5792,0.0594,0,84925.80398954012,-167431.3784,194.55104019625688,45544.04760203585,39381.75638750487,-167547.6827,193.3927705,0.017943482,-0.035375608,-823075.3996,-0.021860144,0.0083207,-1.971501835,4.665156406436372e-05,3.2457482264649014
geo-5d01eaa9-9cfe-45e2-8bb3-9fae9bd9f41d,9.4191,30.8814,1.3152,257.6089,6.6297,-5.4164,-6.1159,1.2366,0,108286.67927648687,2145482.873194742,-253.8918464,67827.46828881704,40459.21098767072,2146824.716303817,-255.890578,0.022141392,0.4386871719728785,-7257866.736,-0.184728573,0.008272657,19.81298981120944,0.006503552,0.8687265346110571
geo-5d3dac78-c1ae-4a25-bc25-b926b1200e07,9.6702,32.2669,1.1819,247.3206,4.2623,-6.7333,-5.0791,2.3511,0,64956.65731337665,934528.969,-15.73635066,24508.771111635862,40447.88620174062,935003.3610298404,-16.97551153,0.013766861,0.1980633095094559,-1569591.353,-0.044049834,0.008574223,14.386962132242447,0.001291287,1.5530154620617427
geo-5d55df3a-2caf-4a1f-a8d8-30491a6efbf5,9.7646,28.852,1.3722,241.4725,7.3262,-6.6112,-5.2548,0.1664,0,79508.74449354017,1540868.1037290157,90.01059182951363,39088.64833139886,40420.09616214104,1541384.0313026153,90.22210306752235,0.016014465,0.3103580457032653,-5493342.745,-0.136411506,0.008141278,19.37985706533475,0.003139942,0.929096093
geo-5d6c8071-e083-4534-9a7c-091f6e7ecb93,8.2638,30.7529,1.0399,250.1413,7.1286,-3.4449,-6.0767,2.3218,0,262770.09925458406,3009034.06,17.604649454974634,225503.42154242116,37266.67771216201,3015916.6135397847,16.562634573409213,0.057971939,0.6638485054030566,-5846302.932,-0.171753539,0.008221674,11.451204184882522,0.016974941765970912,1.7854747245924547
geo-5d9bdfac-afc6-48cb-a859-de2a669f685e,9.8454,31.3657,1.0053,241.7468,6.25,-4.0024,-3.0075,1.5405,0,168532.44631047288,2796862.3873341475,-219.3464435,130274.34593157136,38258.10037890169,2799558.2156612305,-220.1487801,0.037554128,0.623225562,-5816995.689,-0.191511266,0.008525017,16.595394231575668,0.012557618268894281,1.6194627414966891
geo-5de114eb-91b7-4c32-8c72-086715cc8d9d,10.0675,33.6703,1.2449,242.629,4.1141,-6.7019,-4.807,3.9927,0,90250.97805222504,2005295.4056430885,94.43452111,50141.35464497452,40109.62340724999,2004594.994848484,94.38300169143554,0.018801223,0.4177462307214859,-4324617.2,-0.118061426,0.008357386,22.21909888,0.005517643,1.6165339749470315
geo-5deea0a5-8d3c-4627-8691-0d4a55608a95,7.6625,29.0034,1.2321,248.4263,6.8568,-6.3498,-6.8567,0.6838,0,77909.82452073466,1331354.7013831085,45.32688293042021,38046.20153416083,39863.62298657486,1332136.2098978464,44.75831467831047,0.016290152,0.2783727337622865,-4483453.232,-0.109581842,0.008335034,17.08840585347207,0.003219089,0.9339050431711885
geo-5dffa66b-faa0-4b4a-b756-e2714c7826c0,9.5785,34.6615,1.1844,251.0887,7.0322,-5.5364,-6.9568,0.9148,0,88184.57095845211,1904359.01,-235.3919601,47574.97436469566,40609.59659375813,1905389.1417812775,-234.6681866,0.018676896,0.4033303589009617,-5720063.686,-0.159464818,0.008602575,21.59514969214747,0.00540598,0.8982452634268464
geo-5e5b6865-f143-4c6c-a13e-474d6a438d09,10.0944,33.6444,1.3404,253.9228,4.5199,-5.012,-5.2258,0.7343,0,64191.71497823863,862263.7259017654,-79.82262754,22723.42125123027,41468.29372700793,862599.4539464259,-83.54264184,0.013037933,0.1751337688284387,-3282443.477,-0.084868962,0.008422551,13.432632641051608,0.000967185,1.456974472386326
geo-5f04fa3d-90a4-4d35-9451-cc2caf925e6f,8.768,37.0053,1.0578,241.8833,5.1462,-6.9594,-6.6613,2.2596,0,64722.82832355251,941939.8657813142,160.16910932266032,25054.44532312317,39668.38300042764,942466.1007,161.7310692003134,0.014206103,0.2067476766174483,-608368.1634,-0.018160471,0.008706822,14.553441037411496,0.001551783,2.045477517014439
geo-5f2fd92e-6c12-40ce-9ff3-dff946630e3f,8.7505,35.1783,1.0277,252.7053,6.8576,-5.0195,-5.216,0.4624,0,80744.75294476682,1738863.6051484388,-14.97665623,40438.68543508164,40306.06750968522,1739588.5819780568,-16.55008714,0.017876349,0.3849727907939264,-4720992.859,-0.144052506,0.008923447,21.53531395826929,0.005391099,0.9273760571480868
geo-5f3185e0-d029-47bd-acf0-f480d81520f4,7.7323,36.5821,1.0889,241.2241,5.4597,-3.3369,-4.4774,3.7395,0,248822.1077294307,3232904.492,205.15451082498865,212126.92527414983,36695.18245528143,3240500.467668555,203.4273035259118,0.054133803,0.7033515544089027,-7454531.43,-0.204075653,0.007983372,12.992834605262892,0.02036509,1.678617322041515
geo-5f81c429-72ba-493a-8f39-6d5f34c44acb,7.8328,30.1671,1.0717,246.7361,8.0063,-3.6488,-6.0498,3.3366,0,397388.8013949863,3364464.7001592256,228.99218255112288,361751.9880686701,35636.81332631676,3380199.6304891133,228.3809042145354,0.086878751,0.7355529124215419,-6303589.69,-0.175977019,0.007791024,8.466430579695949,0.021986744444527306,2.6403546898024026
geo-5f935128-b094-4b8b-8703-668e24c92fc8,8.0638,32.134,1.1091,256.9868,3.372,-6.4562,-4.1043,2.1794,0,59657.86907567359,474453.0211519186,25.36489209212292,19253.823542010945,40404.04553366236,474907.0866830505,24.478990924129505,0.01290276,0.1026143498276123,-998476.0043,-0.027046085,0.008740322,7.952899231953763,0.000415649,1.8421568043254388
geo-5f95b4fe-7f55-4cda-a7e4-1c950293d69b,8.36,30.0924,1.249,241.3155,7.1007,-6.6339,-4.9355,0.4996,0,76522.07224864242,1482934.119,211.92282471421208,36750.69769246626,39771.37455617559,1483635.831976005,212.8300908250646,0.015923507,0.3085843297729895,-5377234.598,-0.133356837,0.008277712,19.379168335223312,0.003625698,0.9162415994267049
geo-5f987342-a61b-428a-82be-974aded610d1,7.8941,32.0191,1.0682,254.5943,4.9947,-5.6429,-3.4673,3.576,0,135797.87691083635,2560056.277218265,-52.23022702,96593.24786302184,39204.62904781523,2561672.4549455564,-53.90727285,0.029718252,0.5602473182371389,-5698742.555,-0.160139464,0.008579566,18.851960983890653,0.012656309202794836,1.8630656769591067
geo-5ffb84e6-2523-43fd-9c31-bdaf23fb4f28,8.816,32.3831,1.2195,255.6689,3.0706,-5.9326,-5.8423,0.0388,0,137837.80732216014,-1005998.156,63.413711276346376,99090.19419747608,38747.61312468411,-1006374.231,60.65539747099434,0.028919555,-0.211067047,3284096.8991096555,0.086923466,0.008129539,-7.298419613,0.001608494,4.877671830572546
geo-6011db4e-293b-4125-8564-db69f94c3c71,8.0434,35.9012,1.2682,242.6667,4.4878,-6.5087,-1.716,0.9305,0,56589.188520799056,573911.5896,100.30708474896932,16702.795373050885,39886.393147748095,574170.0882141002,101.11293069317068,0.011714793,0.1188081215796927,-3355379.485,-0.080448175,0.008258736,10.141717960917909,0.000558602,1.9245416914854463
geo-601cf68a-1c7a-47b5-86ea-d8dc8973d5e1,9.091,36.5561,1.0592,247.6674,5.611,-3.7732,-4.8382,3.9631,0,242967.3702,3169532.870111935,-284.0825541,205726.0130056627,37241.35720526128,3176669.1304893256,-290.1601308,0.0532969,0.6952632180587296,-5955585.477,-0.177927185,0.008170849,13.045096826624986,0.016925323490591334,2.1356793206700555
geo-6038f73d-f177-4fdf-9300-ba36f5b0e899,9.1069,25.2441,1.2111,252.384,4.9254,-6.2319,-6.4824,2.5902,0,102006.32829303648,1755720.6481508878,48.802366127067664,62019.52042,39986.80787556463,1757230.8795171296,46.66464934445475,0.021450962,0.3692113710665505,-3564303.164,-0.096496241,0.008408801,17.211879669928038,0.004764636,1.382331074096155
geo-6039574e-1415-4bf5-b0d9-70c073570db2,10.5425,35.4585,1.1872,257.5471,8.7919,-4.5471,-1.6033,1.9008,0,344180.4798034799,3282016.285159122,1302.5077950580662,307370.6923225819,36809.78748089769,3290782.188570725,1289.428731646797,0.07285401,0.6947170479721496,-8948568.646,-0.265431305,0.007791629,9.535742082273487,0.01457211,1.9638544095743942
geo-6039a548-a1a3-40d8-8dbd-8d92aeb8a5d1,8.6144,36.0813,1.3999,254.0398,5.8964,-3.5478,-5.583,2.1343,0,164898.1625266422,2995678.413159079,35.19579815879037,125244.3190851496,39653.84344149292,2998915.2780718016,35.94365254948745,0.03297418,0.5990366228490056,-12272130.99,-0.280388399,0.007929416,18.166839261626574,0.013259643327754304,1.7480101886121664
geo-606ebbd1-3872-4573-8f9f-b7f0420ac81d,7.8757,30.9782,1.1139,243.4109,4.3373,-6.8559,-2.0503,3.2899,0,84676.65835952513,1779286.021347955,92.51859777997902,45310.16648175147,39366.49187777412,1779569.653060973,90.22647706138058,0.018292901,0.3843834060301733,-4385119.79,-0.118869355,0.008504392,21.012709474119223,0.005971593,1.2564114196390372
geo-60742eb1-8232-411d-86ea-6c963aeb43b4,10.3341,26.6042,1.2428,247.0924,6.0688,-4.4594,-6.2686,3.9764,0,310436.59226977936,3063758.779842645,-152.7241048,273221.98455769866,37214.607712080535,3075584.5539277527,-152.4392762,0.064720853,0.6387426153118236,-6571239.343,-0.185015416,0.007758584,9.86919344,0.012566931617020034,1.4221483645155284
geo-60910cf9-a1eb-43f2-9967-5841fc605ce6,9.2776,28.3295,1.3206,252.1568,4.0963,-6.2376,-4.8943,1.8692,0,67922.33323382841,858220.5157355034,204.54289745335663,27269.363504623143,40652.969729205375,858885.8706936312,203.6414726,0.013865305,0.1751925853974188,-2277884.083,-0.056386324,0.008300357,12.63532147491169,0.001053043,1.4339957702979746
geo-60b25ad5-d656-4b67-949a-4d409b1d4a19,9.3411,33.8808,1.3868,246.5922,6.0888,-5.1479,-3.5692,0.576,0,81483.89273216973,1798792.473838267,182.4279287658384,40625.27084703419,40858.62188513579,1799594.6270086644,183.1796697787167,0.016349776,0.3609284345100553,-8003612.755,-0.192285156,0.008198256,22.075436181611437,0.004439094,1.4769498144898263
geo-60b8f86d-a0a0-491f-9aca-928a239a9a19,10.2992,34.9253,1.3257,247.2467,3.8622,-3.989,-5.319,3.4408,0,123907.9334206266,2635393.342256472,131.48791364321826,83854.04895,40053.88446749864,2636192.184639784,130.04070262833744,0.025259706,0.5372477755083835,-8655392.921,-0.224879917,0.00816698,21.268963733824915,0.008920637,1.2694901601450335
geo-60be887e-0161-42b4-8667-5c8e8a72996c,10.3196,32.5128,1.3166,243.9067,8.5653,-3.8454,-7.3697,0.927,0,237800.5085947568,3044448.261412621,-609.2031402,199920.5076422052,37880.00095255333,3047482.771624263,-606.1978192,0.048594942,0.6221382246020224,-10635455.59,-0.278494251,0.007742406,12.802530488278926,0.011938809829847978,1.6501219832229064
geo-6131d17c-a77d-4e57-85b0-b7c17fa4c243,9.035,33.5301,1.3845,254.0432,4.6439,-3.1238,-3.9246,2.003,0,144212.15950778002,2755193.055922298,17.93364851,104178.24913459412,40033.91037318608,2757679.092205204,16.224620685660085,0.028947605,0.5530479620126273,-11322872.29,-0.263687981,0.008037601,19.10513694078385,0.010775751386603182,1.6540029484041834
geo-61562b0c-19a5-406e-a282-43fdc575654b,7.9608,28.9629,1.1518,243.2104,4.2771,-4.9229,-3.066,0.9193,0,66973.21615540505,1103735.9513372118,-85.01082442,27511.86028,39461.35587164673,1104226.3643997111,-87.82085759,0.014315968,0.2359308678849391,-4304674.081,-0.113980737,0.008435082,16.480259045288992,0.002225681,1.221443770449316
geo-617f1e39-6119-461a-84a4-250c4d2f503f,10.7569,28.8558,1.0944,247.1382,5.9906,-6.5333,-3.6069,2.4862,0,119003.67803931417,2071592.252675709,-62.01397475,79901.19170148279,39102.48633783081,2073121.599240304,-62.28204733,0.025844896,0.4499027797431472,-4780638.819,-0.151248378,0.008493886,17.407800219345727,0.005989635,0.8626970486173684
geo-61a02f53-d008-459c-b754-fcb004a88a65,10.6759,26.4772,1.0712,241.5559,4.1809,-5.416,-3.0457,3.4085,0,141473.00560808615,2167560.7348440564,-51.25500361,102966.0964086782,38506.90919940781,2169801.073443229,-47.2546849,0.030933799,0.4739482822358989,-4018501.862,-0.131021165,0.008419689,15.321373328624336,0.00669742,1.290419749837787
geo-61a34240-7d58-4767-bbd2-b193415ae873,8.1151,35.785,1.1294,245.609,4.6377,-4.115,-3.1555,3.7918,0,182756.7319816489,3048427.574171552,-70.99402321,144550.27079505345,38206.46118659465,3051987.615640126,-68.47386383,0.039302069,0.6555682480072046,-9003766.703,-0.240909138,0.008218007,16.680247786864847,0.016857457473073677,1.3140464211521865
geo-61bf22a3-90a5-489e-aea0-39808720169b,8.1332,31.724,1.1627,240.9899,7.3889,-4.6954,-4.4102,1.0184,0,152525.43865834674,2691341.6097912826,363.8272236460758,114157.03181476232,38368.40684358454,2693380.639259515,367.9333770893704,0.032504843,0.5735544051892651,-8864471.583,-0.235285923,0.008176685,17.645198292593133,0.012874724,1.1081439044743076
geo-61e31fd1-e9a4-44eb-8184-7a7ab4a18cb0,9.8074,35.1528,1.2456,251.4783,7.9008,-4.6598,-4.8353,2.8547,0,294118.8942190926,3257244.328312853,-100.65982,256991.16531401672,37127.72890507647,3266353.658963952,-103.2501796,0.061259683,0.6784254919425201,-10050547.73,-0.270667628,0.007734601,11.074583756208808,0.014938279,1.5410596790070732
geo-61e971f5-ea72-4627-bfd5-679477d4b31f,10.3542,32.3848,1.2281,254.1426,4.3057,-6.2198,-6.2077,1.1499,0,66246.49683,290704.0799321377,-39.71937374,25325.82215929175,40920.67467,291125.20189876255,-41.00321914,0.013866549,0.060849444,224861.46155541655,0.0064081,0.008565367,4.388218153,0.000113827,2.2096574662688386
geo-61ee3afc-1632-4b29-ba61-772cb692f7a3,9.4874,30.9866,1.2915,247.9824,6.3541,-6.1324,-2.4509,2.6683,0,167030.25000191847,2672804.6312354086,262.5082929,128556.23903789373,38474.01096402538,2676209.428298645,265.8650312778858,0.034369268,0.5499742593378022,-9236006.686,-0.240170249,0.00791663,16.001919599621637,0.010148167877766625,1.1224261667041504
geo-622ab01d-0d66-4ff7-b3f6-51e5716953b9,10.4914,28.8336,1.3382,243.6923,3.0471,-5.545,-3.2996,2.3401,0,67590.16048049775,1119658.8978243102,37.93408021716928,26931.43267419917,40658.72780629802,1120087.1487811983,41.73769208976087,0.01373617,0.22754533,-3122807.899,-0.082449704,0.008262923,16.565412626108326,0.001570914,1.170536525421565
geo-623712c8-c026-4814-995c-4ff7142aebfc,10.9151,33.7009,1.1778,240.8681,3.2131,-6.0768,-4.4557,0.0567,0,97774.28458,-855109.4866,-6.117015128,58938.31671756246,38835.96785829907,-855434.273,-2.327429016,0.020749946,-0.181473849,3079073.238892965,0.093596932,0.00824184,-8.745750381,0.000960396,4.172042965451099
geo-62507d18-8f7c-4398-b5fc-77211bd1c6a2,10.8183,30.259,1.0957,240.1651,8.0593,-6.7659,-3.6509,0.1364,0,88263.97126,1874348.9453156672,405.5301223222419,48671.01793,39592.95333016173,1874688.588551804,405.5815813292896,0.019165863,0.4070009023125825,-5363321.806,-0.172774398,0.008597269,21.23571960991069,0.004873959,0.9075767457771877
geo-62519739-5aa7-4d4b-9bb5-2ba5332aa220,10.597,35.1202,1.3667,247.1475,5.0278,-6.7749,-6.3667,1.4542,0,66134.76697,695449.2988324525,-30.02432037,25024.933702228704,41109.83327,696006.1564301294,-30.05449818,0.013339926,0.1402778381953625,-844340.6631,-0.021932037,0.008292147,10.51563846,0.000591079,1.788415855187217
geo-62576b5e-2b1d-4ebc-993d-da05d954e546,9.316,34.6945,1.0516,246.0858,3.81,-6.7118,-7.257,3.7671,0,72582.00806136821,1236419.2765138743,272.30249753124855,32581.108838312884,40000.89922305438,1236311.2558428333,275.2572712,0.01595606,0.2718081276184684,132268.3053121066,0.004023444,0.00879537,17.03479015720388,0.002524326,3.036872381694539
geo-62663f0b-4db1-41a5-a3e2-6677c4c6db0e,8.2173,35.3359,1.0312,256.54,6.3095,-5.8554,-4.3143,0.0916,0,62816.25563105825,943870.4589229722,33.039781597480044,22288.52341208168,40527.73221897682,944083.9655971952,30.301682132878653,0.013893101,0.2087562769686792,-3500458.991,-0.103229231,0.008963491,15.025894960480361,0.001688107,1.3393598519884438
geo-62668b4b-af0d-49c2-b32d-6a6882c19ebe,10.2057,25.7321,1.1724,249.7306,7.8972,-5.1348,-3.4478,0.1157,0,163855.48968219064,2326864.5874932404,-563.4180731,125110.68342456648,38744.80625762366,2327115.537687546,-564.5221287,0.03482579,0.4945510090005267,-7378039.062,-0.217757038,0.008234765,14.200711810183291,0.007628331,0.9515641435747068
geo-629480bb-a63b-402b-8346-c47a1d4c272c,7.8852,27.7349,1.0947,257.0267,5.3197,-5.5592,-3.0534,0.9376,0,78728.97582838451,1399694.6844699206,-63.420778,38605.05045614713,40123.92537223664,1400447.8088084604,-62.91768455,0.017100239,0.3040191084635635,-4743808.822,-0.130566106,0.008715026,17.778647184754742,0.00373112,0.8888507205546452
geo-62aeaadb-8cf3-448b-9e4f-817aae99066c,9.7807,36.7355,1.2619,254.8144,8.886,-5.0082,-7.2972,0.3881,0,135262.86585309275,2692735.985751967,162.13496318292843,94783.71547574684,40479.15037734558,2693808.0513329497,158.98799621563683,0.028054787,0.5584986922779206,-10089997.59,-0.272415139,0.008395711,19.907429646481948,0.010151367,1.8184628354352768
geo-6302a2c3-3bb8-4ea7-a94d-cb8e525a9649,9.0548,36.0868,1.2084,254.588,7.7604,-3.535,-6.3362,1.027,0,186887.70880464185,3069381.622614592,-97.03488361,147536.2608026103,39351.44800203226,3072027.7423241828,-95.48398781,0.0393216,0.6458048904112486,-11237984.76,-0.29911108,0.008281306,16.423667678558157,0.014661348734176226,1.8747739748343002
geo-6326c46a-7bf6-4ca9-9175-782a2c985c7c,9.9658,36.7516,1.0743,254.4944,5.9976,-3.8856,-5.3823,1.0589,0,92390.02069322827,2126259.206026576,103.54878278087324,51852.895055807545,40537.12563741977,2127361.945,102.8057976,0.020179582,0.4644118574916086,-6333307.017,-0.1958396,0.008855798,23.013948801750303,0.006888816,1.123392714573856
geo-6340ba97-6f46-4042-967c-3e98b7328eeb,10.5468,29.0856,1.3595,249.8725,7.4989,-4.1061,-6.2094,3.9378,0,431624.0516359536,3543047.759,375.2590159408238,395400.6290888249,36223.42254712933,3562323.5714278743,368.2638184998729,0.087208774,0.7158656906561042,-9278995.38,-0.237865687,0.007320348,8.208643020275957,0.015466516659169599,2.4769061058273967
geo-63474d58-a97d-4eb9-970a-c418d859f944,7.7031,34.3608,1.0463,253.5697,7.4022,-5.8852,-2.2742,1.3389,0,121260.6624062917,2467115.8672579005,-273.7885395,81778.60958,39482.052824687926,2469086.6721214238,-274.9420703,0.026697784,0.5431813178239633,-7564785.967,-0.210092673,0.008694461,20.345558223916587,0.012191979964446275,1.1886085109077353
geo-6361b7c9-c9bc-4684-a4cf-f7300f4d9743,9.2065,34.6307,1.222,240.5168,6.9045,-5.1774,-5.3439,2.9182,0,191226.33357141772,2978107.387323589,207.82646795185408,153628.03741859525,37598.29615282293,2982415.8320919448,208.2963745219224,0.04009358,0.6244066150274594,-9432029.93,-0.254633227,0.007883027,15.573730519763103,0.013480020745173082,1.1617571565054023
geo-6395ef1f-b279-4964-ba80-258afaaa8f22,9.9301,30.137,1.0232,254.6728,6.1251,-6.7191,-2.2185,2.859,0,132954.8922447875,2325315.135675837,43.02806162326988,93708.60792313646,39246.28432165057,2327216.8250079905,42.967398995617046,0.029473507,0.5154770283235333,-4544687.244,-0.148231496,0.00870009,17.48950411989818,0.008517559,1.5261825656536667
geo-63a6b0b5-ef46-41f8-8804-b792fe208588,8.7273,26.0778,1.1118,242.2953,4.2099,-6.1903,-3.6744,1.4439,0,65008.77695070188,747662.0315254384,70.35728687171603,25714.421876336382,39294.355074364976,748215.9630052365,69.23058049765315,0.014052291,0.1616145518333868,-2157559.372,-0.061665367,0.008493819,11.500939820670988,0.000952645,1.4824167911309796
geo-63ba5440-6f32-43cf-b2b5-67937c8aca01,9.2784,27.8548,1.1686,246.8253,7.7124,-3.2103,-3.6889,1.6398,0,342003.85057496803,3208516.680306284,-78.58579901,305232.3312065012,36771.519368466725,3216208.4967474546,-83.25173533,0.072765801,0.68265397,-8453605.396,-0.238584789,0.007823581,9.381522093719747,0.015987416,1.730677017024443
geo-63e51152-56ee-40a4-850b-97f76b196037,8.6917,36.534,1.051,253.5932,5.9122,-5.5656,-4.6298,2.3349,0,94614.26616615792,2137845.620028786,64.58824073870322,54557.05212,40057.21404516561,2138986.3621309265,64.58857099494112,0.020807398,0.4701511357136644,-4922404.442,-0.147058676,0.008809264,22.59538340945739,0.008095066,1.5479753978733592
geo-63fb4ddf-6a2f-4198-b08b-5b9fb8422001,9.1819,27.5778,1.0427,242.7437,7.1633,-5.6326,-3.1583,2.6513,0,232383.0933864216,2755625.2012188183,107.02440614938678,195303.68269967477,37079.41068674718,2761785.833973505,104.3826516273063,0.051216245,0.6073280655706336,-5367570.196,-0.163198783,0.008173794,11.858113949092614,0.012786870615212196,1.4503491155862378
geo-645f803d-cbdf-42ee-bf2b-0553503b0761,8.3603,28.431,1.1679,252.4614,3.6114,-5.0507,-5.747,2.4584,0,76178.29470071002,1388431.8530852026,111.66888226203224,35987.24817466764,40191.04652604185,1389068.4812477897,112.10687839213792,0.016207712,0.2954030893012442,-3245738.318,-0.085602176,0.008552783,18.226082095170188,0.003322449,1.2242415335196195
geo-647784f8-a41c-40f9-9b80-4c03ce3a2309,8.1488,27.4505,1.2161,246.7597,3.0578,-3.887,-5.3285,3.1553,0,118757.94988325848,2213791.657506335,-160.3024381,79343.11594504055,39414.83393821807,2215411.7248992445,-162.4026593,0.024939571,0.4649037247113275,-5590343.078,-0.142623014,0.008277205,18.64120810171051,0.008442723,1.2771790289300866
geo-647ac65f-9839-439e-a1bd-5529d19fd1a6,8.9869,35.9729,1.3209,242.9603,4.5846,-5.4498,-2.1699,2.4935,0,87749.61764984955,2025911.433856544,12.361273899751453,47525.248840236585,40224.36880961226,2026716.3524334277,9.925592641617442,0.017915026,0.4136115564076117,-7986491.722,-0.197707239,0.008212193,23.087410385543084,0.006059343,1.2472248512605735
geo-649ea7ea-072e-4b90-a4a2-acc6b3b373d9,10.4299,34.0931,1.1976,247.0067,4.7222,-3.4506,-4.6485,2.899,0,166674.9523030989,2972333.245777051,47.13126988674896,127495.35918126543,39179.59312183344,2975352.643678084,48.71262978652874,0.035180026,0.6273693789668989,-9137028.225,-0.267450207,0.00826958,17.833112922521593,0.012012035801403437,1.4660416024828238
geo-64badf84-31b1-4587-be89-2a14368377fc,8.2463,31.7422,1.1724,256.9458,5.4568,-3.186,-6.2031,3.8065,0,279853.1464721148,3142993.774186951,-30.62016173,242181.47304941388,37671.67342,3152571.7479499835,-25.75596796,0.059467572,0.6678724577394926,-7932352.033,-0.207064862,0.008006682,11.230868095671516,0.017217816105723892,1.2081732186882206
geo-64ca16aa-fcfe-4459-a539-c47e156660df,9.6457,26.7433,1.1551,250.8469,3.2418,-3.6585,-3.7505,2.7218,0,127339.88333783291,2145380.390065716,-615.9591692,87909.27409187115,39430.60924596056,2147261.24,-610.9969639,0.027194799,0.4581690115890067,-5350616.784,-0.155558342,0.008420786,16.847670453521843,0.006927361,0.7865288440611692
geo-64ca7717-b1f2-4e19-a263-0dcc13305165,9.4564,34.9969,1.014,247.974,7.9494,-4.6993,-1.6539,1.4924,0,228787.097,3106764.002462329,-148.8943325,191287.57494102183,37499.52206377567,3111037.4758121525,-148.1149593,0.050852497,0.6905402847105958,-6702921.447,-0.214847093,0.008334973,13.579279789529341,0.016051009,1.4453440506570217
geo-64d6c6c3-62c2-433c-b437-e999cc3ff7aa,8.5514,25.3526,1.1666,243.7891,6.8392,-4.7548,-1.8351,2.0316,0,256073.25907680063,2790813.851207057,117.89917250376122,219084.18741633356,36989.071660466434,2797106.773087316,114.30765482726808,0.054513105,0.5941109531125576,-7488876.177,-0.203216907,0.007874225,10.898497802029581,0.013138567728981438,0.8178604095540745
geo-651c903b-d3ba-4085-9754-018d00d3f49d,10.2687,32.7109,1.345,241.2482,6.6051,-6.4233,-2.1171,0.8386,0,82218.00835544018,1901831.122417419,64.75414215,41655.43278003024,40562.57557541054,1902763.1972672848,64.31566392602357,0.016678978,0.3858108408689877,-7829737.247,-0.203479375,0.008228595,23.13156400232328,0.004614063,1.5224394873916927
geo-6556223e-3d47-4f77-ac7d-dc4202de27f3,7.5263,29.3408,1.055,250.1582,4.3531,-4.6587,-5.5517,0.4697,0,61235.68806563029,622842.4345821908,-128.6953342,21689.999460364208,39545.68860526603,623017.6129001095,-129.2491294,0.013451455,0.1368178798280849,-2531492.069,-0.070162407,0.008686834,10.17123272812176,0.000791688,1.6916952673060495
geo-65b65b47-3cca-4a4c-810c-6059e9831518,9.4429,35.7625,1.3804,251.9276,3.5768,-5.0646,-5.8888,1.2167,0,61702.93461366592,519608.3818819519,-222.9757705,20546.88678711544,41156.047826550726,519930.0994505328,-224.8162181,0.012398858,0.1044123847424261,-1495359.56,-0.035710401,0.008271746,8.421129159177244,0.000367493,1.8043978479163072
geo-660ff236-1d8e-459d-bbef-b258bd4ad910,9.626,31.3783,1.0411,255.4165,8.5437,-6.8209,-2.0649,3.5594,0,316222.74322432745,3134520.8148553222,-55.05099596,279517.21694918553,36705.52627514052,3145972.078425552,-67.33953132,0.069726125,0.6911520303205769,-5392106.923,-0.168067514,0.008095088,9.912382591127274,0.015796157168935263,2.101215213904733
geo-661c594c-c918-4e35-8d61-a80b47cf6458,8.2326,34.8129,1.1626,244.4467,4.3755,-5.2505,-3.7481,3.5752,0,110611.12939917875,2458979.9191058218,-128.2385776,71261.12118591042,39350.00821326828,2459473.2801695825,-130.9197837,0.023573098,0.5240501032846417,-6845297.41,-0.182812642,0.008386106,22.230854457979202,0.010618392,1.4378060152159715
geo-66362356-bff5-4d01-95be-27827b245f18,8.1522,35.4057,1.2881,255.2158,8.0891,-6.1542,-4.0854,0.0882,0,89467.12974422313,1912134.4294244044,259.07687555335025,48556.83567,40910.294069263735,1912821.3128471028,259.94413592803545,0.018426121,0.3938118971691013,-8633497.278,-0.208640011,0.008425598,21.372479869321964,0.006055541,1.5516620959152216
geo-6640ffb9-72d0-41d8-b3db-612c0a8a1bdb,7.7455,25.888,1.2161,246.2478,7.5871,-5.3136,-2.9072,3.4201,0,350898.20212126453,3165524.6864763945,330.3680627325346,315080.23770768073,35817.96441358425,3179292.7386200503,330.35289519119567,0.073674543,0.6646331748380602,-8000537.602,-0.195800251,0.007521854,9.021205202363607,0.018153680979814218,1.7648756525017604
geo-664c060d-1276-4432-9485-80a4519dc85d,10.8681,35.7164,1.0519,252.4073,4.5645,-4.3075,-7.3663,1.7395,0,73414.48573576324,1449703.9258360555,72.08214628426298,32607.360285195464,40807.12545056717,1450315.878164767,70.33639592,0.016137683,0.3186682070724643,-2042333.321,-0.067085955,0.008971873,19.746837579900852,0.002974226,1.8034381993980675
geo-664ec1ca-9d4b-4bf1-9a28-4f533c25c849,8.1016,35.2818,1.1043,242.3543,4.2883,-5.452,-3.256,0.7215,0,56325.74923054788,592730.7290683055,13.586481432273558,16736.37176892936,39589.37746161945,592913.5789,13.59465428103846,0.012201089,0.1283952836798094,-2781816.807,-0.077043153,0.008575669,10.523263998534441,0.000647705,1.8011477353101366
geo-665c12c0-dc50-4b0c-8bae-b0bf3da34906,8.6882,29.9062,1.1189,247.5545,5.3145,-4.2327,-7.0284,0.3661,0,70933.14820033322,1211245.3819892595,-45.82462347,30905.924101485965,40027.22409884665,1211633.9221382423,-44.09855292,0.015299195,0.261247093,-3708628.303,-0.10349826,0.008635003,17.07587232091285,0.002500479,1.0050905087903061
geo-6665e5c8-d66d-42bd-8f56-aefc26b505a9,7.7146,34.9024,1.0929,257.9475,8.3817,-5.0836,-6.135,1.0075,0,142804.2236079048,2685412.5270461766,144.16299237069467,103120.5799217217,39683.64368618378,2687417.7702166187,143.64415937761055,0.031033407,0.5835786865154889,-8265162.538,-0.225320518,0.00862378,18.804853660487428,0.014051916445578861,1.2068149742407674
geo-66d05dce-6acc-4c9e-a7c1-975e89e8705d,10.0784,31.8938,1.3668,254.8975,3.171,-5.8301,-4.9974,2.6015,0,67422.80334,978616.246,-5.127051191,25926.843629794254,41495.95970593882,979042.6617,-6.020205131,0.01359656,0.1973488738452073,-2136379.995,-0.053244737,0.008369812,14.514618164078039,0.001230064,1.4347283163520161
geo-66d8b1bf-a28a-4a75-9ccf-a54ba5469a9f,10.6413,27.9947,1.2086,247.5966,3.9654,-4.3476,-2.5545,2.1868,0,115222.5091682558,2196312.522767308,117.39851458805911,75451.60569,39770.903482155816,2197804.16,119.5023562038516,0.024246774,0.4621796076886024,-6598936.371,-0.19348399,0.00836912,19.061488407270208,0.006389649,0.8627524422503605
geo-66e016bb-fd88-4667-9757-af702d44f500,8.5941,33.8688,1.0929,248.9137,7.8658,-3.1929,-7.0287,1.5964,0,252059.28108943917,3161291.7285822616,1366.276578704144,214309.0532354235,37750.22785401525,3166434.0256754374,1363.668606580001,0.0547761,0.6869940674208351,-7679988.781,-0.220980236,0.008203623,12.541858069731397,0.017480574350287513,1.2188209526530873
geo-6726162c-5c72-4d67-8392-c77aca5e9d19,8.3327,34.8888,1.3695,247.2871,6.0322,-5.6051,-6.3074,3.2936,0,144413.0117916251,2710598.5278044054,-488.2359699,105612.49088829204,38800.52090333391,2712802.892159092,-488.1441432,0.029107914,0.5463487591193902,-9157021.376,-0.210479192,0.007820599,18.769766617121356,0.011402611,1.0511622161281062
geo-675379dd-f8eb-4eb9-9e6c-dee20fd8dc77,9.3796,26.5982,1.3067,257.1577,8.4926,-5.974,-4.7614,0.6258,0,171758.47044306024,2389235.0598027697,45.57354930076414,132910.96476030658,38847.50568275408,2390743.362,42.368771315314405,0.035199026,0.4896337615828818,-8233972.365,-0.210472821,0.007961105,13.910435122294748,0.008135955,0.8196210278477014
geo-67a9148a-ac3b-4e6b-b215-1f46d9c72e32,7.9488,31.8308,1.3272,254.6249,7.0957,-5.0924,-2.3524,1.3941,0,175967.27074835476,2822674.265443724,-105.2343809,136912.60566101648,39054.66508733868,2825771.6472489364,-103.6193663,0.035858192,0.5751978571280036,-11259093.2,-0.256701038,0.007960074,16.040904956015037,0.013248999275665984,1.3350463424102417
geo-683c4513-2c58-49e2-a41e-2f2f81eddede,10.5331,28.2475,1.2758,253.8678,4.4257,-4.4322,-4.2965,1.771,0,105270.10490205722,2113899.5715576885,150.4219478160458,64541.17154949768,40728.93335255932,2115311.658662723,149.23484181847135,0.021752461,0.4368050947807524,-6524387.031,-0.18089119,0.008415968,20.080720671119686,0.005765929,0.8610780122841841
geo-68496a9e-3f2d-46d2-818c-ee1f9dcc4e85,7.6473,25.018,1.2221,253.7134,4.5744,-3.8107,-1.5246,0.3752,0,105681.4455,1716640.5160773508,-28.44775376,65835.08783421127,39846.35763819535,1717388.9068360366,-28.6296656,0.022157158,0.3599106185312941,-6943141.401,-0.170820414,0.008354138,16.24353743841971,0.00539177,1.0170365215312176
geo-684a6be3-2d2d-49bb-ab17-15bcb515aa03,8.3937,34.5215,1.227,257.2968,7.8721,-5.6413,-3.3894,2.9445,0,260091.7275845433,3180323.317166396,-641.9924878,222571.3377077093,37520.38987683423,3188070.4735592734,-638.5723734,0.054446768,0.6657586777711076,-10291125.45,-0.26002935,0.007855984,12.227698845718292,0.016808554093993143,1.1942047612297515
geo-684bf69e-2110-47ec-8a27-58ee1d4b3da6,7.6262,28.997,1.2969,251.1473,4.9527,-6.4142,-6.8081,0.8971,0,71792.96586421711,321834.65789367905,33.65924876264221,32173.74858056697,39619.21728364957,322384.5182970291,31.137099037801363,0.014748235,0.066113623,-1277440.608,-0.029184732,0.008140512,4.482816025491558,0.000182442,2.1308030890143583
geo-685e51c6-5c08-4828-9445-d4fbee969553,8.8663,37.3217,1.0254,252.4607,8.1165,-3.7346,-1.5611,1.5125,0,288866.69946250366,3186650.2606360074,-166.1335911,251958.5609499848,36908.13851251933,3192686.1612277594,-168.0428134,0.063995532,0.7059705320208841,-6481408.325,-0.199421754,0.008176586,11.03155976983647,0.017892904843983766,1.64471202
geo-6868e4fc-a463-4a6d-8140-0de8bbf8f5b5,10.5044,34.2702,1.1218,247.7478,3.7061,-4.1744,-6.5067,2.1711,0,72844.98386604954,1471030.998637096,125.07697368576495,32219.157665961426,40625.8262,1471513.285367229,124.4078872,0.01570203,0.31708666,-2841810.636,-0.08843239,0.008757014,20.19399168708845,0.003046736,1.358150456377349
geo-689e61a2-ae0d-48b6-89c9-dcc7bca5531e,8.4544,36.2954,1.3287,247.4009,6.761,-3.0986,-3.024,3.9126,0,437595.2321081185,3585459.117,77.43248936520288,402483.87363830645,35111.35846981184,3605303.535222484,74.36518741937356,0.089155148,0.73049731,-11054215.06,-0.263869425,0.00715351,8.193551605496586,0.020091139897728195,2.7409855085748465
geo-68c79103-5207-4979-bea8-779591446aad,8.4559,30.4389,1.3659,241.4354,7.321,-6.5809,-6.2375,0.6466,0,83429.34865782493,1642359.3404540643,121.7146598703429,43366.209680620566,40063.13897720396,1643274.1127597524,122.14265096763256,0.016831917,0.3313469009273411,-5784969.547,-0.134310579,0.008082718,19.68563061890851,0.004132912,0.840668087
geo-68eb5aa7-17c9-468b-a13a-a9bc3dbf1951,9.2531,34.8193,1.2113,249.011,8.2619,-4.7896,-2.6424,0.9262,0,203770.6708139187,3110837.343656637,726.6895960730624,165213.8569957307,38556.81381818804,3113573.305525583,725.3109923253933,0.042839817,0.6540082638066138,-11787962.54,-0.316469603,0.008107646,15.266364542213402,0.014713952289619693,2.1992244920084354
geo-69035e83-9f3a-4ff3-83b4-f3a1f096c5fd,8.6984,27.2652,1.1897,252.6047,8.1626,-4.5793,-4.1361,3.8414,0,460663.33928545006,3521137.385990952,19.70392225789098,424950.2147600958,35713.12453,3542235.921975624,9.604290875124576,0.09742315,0.7446659347679971,-7723648.917,-0.204366421,0.007554297,7.643624064924935,0.020292414589591464,2.955215073
geo-6913c9a3-4970-41d5-8db8-47e00f390e27,10.8718,31.2187,1.2535,242.3201,4.3779,-5.1697,-2.0559,2.3107,0,96950.17473165532,2232493.133628224,54.01813536982856,56871.66154250933,40078.513189146965,2233499.0045504635,51.68303742224522,0.020149859,0.4639952618296316,-7574753.286,-0.213498708,0.00833149,23.02722135,0.006303413,1.288333095754433
geo-692e5412-cb80-441a-9902-1f1904fa2450,8.5417,33.2199,1.2083,253.8437,6.0275,-5.7707,-6.1778,1.6013,0,83633.11758298324,1736414.161,112.46826429936148,43082.45117,40550.66641243693,1737478.527073174,113.17518515824192,0.01759708,0.3653554957129369,-5291224.137,-0.136793638,0.008533909,20.762279484100244,0.004974359,0.8835976463023394
geo-692fc2e4-86b4-4d1f-acc1-b57ca0f37a71,9.7562,36.3037,1.0705,251.4809,7.789,-5.3334,-5.9057,2.2682,0,171652.11579486242,2978046.9699990177,52.486691160097024,132738.2956661074,38913.82012875536,2981398.471635011,49.31568737374764,0.037532312,0.6511599729933716,-7225954.994,-0.221721238,0.008510355,17.349316996232144,0.013833906166687452,1.5212815683576113
geo-69383163-5167-468c-8f59-34e2f5ee06e0,9.5199,35.3904,1.1528,253.4084,5.876,-5.461,-7.2063,2.8696,0,113452.15886152974,2334551.019957473,-1.916500948,73404.33515710862,40047.82370442203,2335777.9631427466,-2.911989322,0.024239389,0.4987837320135689,-5469689.406,-0.155713519,0.008558064,20.577404990651885,0.008318448,1.503683398555473
geo-6941a5e3-ba7e-4511-b60b-89959b66d18b,9.6345,26.8789,1.1947,249.3093,3.0771,-5.1302,-2.8921,3.2282,0,104731.49040026574,2038369.5280628724,32.870597458740455,64714.74949894905,40016.74090131797,2039281.5670947605,35.02941816,0.022118666,0.4304914918614255,-5023053.686,-0.139348158,0.008453004,19.46281409987172,0.0061228,1.119067893285714
geo-695668ac-eaeb-4073-8e37-c1cacb0f21d2,9.6867,30.2119,1.3146,245.3775,3.5948,-5.8605,-4.0446,2.7996,0,74344.44808580643,1492567.4264731454,15.005138701569264,33828.946381335605,40515.50170446977,1492878.2105011942,15.637493768440764,0.015200495,0.305170929,-4016245.866,-0.102044438,0.008285488,20.07638048170722,0.003060276,1.0718226591368494
geo-696d82e4-fd7e-40c5-a7c2-c112a685276a,10.6245,29.8739,1.3237,240.281,4.5296,-4.3312,-3.5357,0.2048,0,66324.92312551745,1118577.5229367053,-11.82085881,25799.77369,40525.149431523394,1118798.370427596,-12.64443485,0.013530887,0.2281999759259382,-4939225.894,-0.132666733,0.008267455,16.865116011063243,0.001560173,1.5581107576484228
geo-69932756-333b-4933-abf1-0b56739cde0e,9.5551,34.3874,1.027,245.983,4.4181,-4.1377,-3.6827,1.8355,0,81509.24097,1853808.416,18.27648707153469,41636.41644105061,39872.82452917398,1854637.569954759,18.702050279973548,0.0180455,0.4104184962546955,-4505137.068,-0.141414273,0.00882931,22.743536735022467,0.005611368,1.1642091268650887
geo-699b5730-89a7-442b-b8a9-39c509463c4f,7.9935,31.6179,1.3167,245.0301,5.2015,-5.7749,-2.4915,0.1871,0,61959.340397903165,835589.1435037482,-7.224545566,21939.38510153657,40019.95529636675,835802.1402724035,-9.169374963,0.012663784,0.1707849129904463,-4704907.31,-0.110192154,0.00817958,13.48608842730725,0.001161481,1.7953489878524451
geo-699ddd94-99a7-4d9e-a126-431173367ca8,10.0574,33.2387,1.277,255.8421,7.7245,-4.9212,-4.7662,2.7794,0,280727.37372936134,3216620.4212337337,34.255631254837354,242937.18362757284,37790.19010178771,3224943.801424201,39.85354140667077,0.057977319,0.6643136623528775,-10275262.82,-0.273657536,0.007806208,11.458164476453108,0.013967246,1.5506204741278082
geo-69c20834-2996-450f-902f-4282b8e3d38e,10.8912,32.0248,1.1002,248.1674,7.5568,-4.1039,-6.954,3.8425,0,369406.7546156551,3311118.191,-162.6590901,333068.3546926419,36338.399923014185,3326112.6304149465,-163.6505548,0.080095539,0.7179235135773429,-5963385.208,-0.189004661,0.007880558,8.963339597720795,0.015063668486397447,2.189379362721066
geo-69d8ba7c-f3ec-47d3-beee-136637b0809c,10.022,33.2557,1.3494,253.1992,4.8431,-4.6882,-5.1023,0.2196,0,64400.75834779626,888086.3292269349,17.731229135805577,22980.70247771402,41420.05587008217,888271.4155644256,19.130977719698706,0.013049374,0.1799508428211498,-3946155.839,-0.100980336,0.008392804,13.789998006402802,0.001028498,1.5744010426640356
geo-69e96673-10d5-43fc-ad50-308557a556a7,8.7941,27.3726,1.243,250.8735,6.1138,-3.165,-6.2938,3.272,0,320620.27367682155,3131739.663369187,79.37337450630956,283612.6974062782,37007.57627,3143235.5026745577,82.97403893672293,0.066826511,0.6527448603473975,-7963281.087,-0.203475138,0.007715004,9.767753072676637,0.015422176,1.3946451294430275
geo-69f47234-1bec-42bf-b652-c01ae352ef76,7.8355,37.3897,1.2572,244.8955,7.8857,-6.877,-5.2326,1.4374,0,94689.50357694169,2067376.198160556,332.63316865122766,54799.759168319535,39889.74440862247,2068875.4661079496,334.2556738241328,0.019660344,0.4292484965638631,-7800672.069,-0.186134667,0.008283964,21.833214031803088,0.007485158,1.0051577287209619
geo-6a276dbf-4d24-4ad5-a9f4-ee459118c570,10.0032,35.612,1.3551,254.6151,6.8158,-6.2779,-2.6183,0.9704,0,85597.58064000834,1979879.2630783203,155.1889671093374,44118.164745671565,41479.41589433656,1980944.6004939429,156.4946333034606,0.017318427,0.4005766739269914,-8692960.206,-0.221294688,0.008392228,23.13008438176504,0.00510602,1.7834112362813013
geo-6a49f237-cd68-483f-8abc-7ac3a6cc46b2,10.8081,25.0128,1.1935,244.5082,5.0447,-5.0318,-3.6551,0.407,0,77587.83634844831,1291180.6017543615,119.87033465557244,37491.28362371477,40096.55272473354,1291590.488,122.31086515147176,0.016394887,0.2728360714036483,-4250052.228,-0.127033521,0.008472655,16.641533808929065,0.002192322,1.0693115231595762
geo-6a4d01b5-4a24-418d-9e81-1a591c16f5fb,10.9688,37.4694,1.1062,244.1547,4.9417,-4.4368,-6.9939,3.397,0,121231.17363250238,2520854.1986360378,115.0274740611426,81614.62764964795,39616.54598285498,2521715.7856166386,115.85026995363424,0.026246632,0.5457666507631295,-4812815.837,-0.154871036,0.008576964,20.793778721285808,0.008643806,2.0010845722838857
geo-6a658e6e-fb12-43ee-9d45-b7997ab9080f,7.7204,35.5057,1.1952,254.9051,8.5052,-5.8526,-3.6517,3.824,0,348475.73506990145,3360416.74,-324.704135,312494.56214930624,35981.17292059379,3374394.997826326,-321.3621906,0.073601137,0.7097495430566142,-9332241.761,-0.235447937,0.0075995,9.643187177,0.020769238257653082,1.6710347301274435
geo-6a85d7ea-8dce-4603-991e-db11219b92d9,9.5889,31.8711,1.2427,248.5263,4.2591,-3.2029,-2.3771,0.8863,0,91222.64259496694,2002413.1651421464,-50.9386504,50791.47193,40431.17066023951,2003355.793376604,-53.77749331,0.019018915,0.4174810709704638,-8310214.399,-0.225399919,0.008429409,21.95083488244212,0.005785687,1.7352647673954693
geo-6a9d9a4d-5e98-4f84-aa1c-5b064d10c126,10.2663,32.5339,1.0047,257.3185,6.1368,-6.3172,-4.1204,3.0573,0,125019.36725902416,2373345.4032958983,574.4950353795615,85362.45964552663,39656.90761349788,2374692.497982362,581.1396636823416,0.027862942,0.5289451205206952,-3526063.114,-0.118597161,0.008838249,18.983821909597687,0.008674759,2.4792231106360445
geo-6ad7625e-4166-4d8b-8103-d558e42089a8,8.1566,27.6723,1.372,246.177,7.6945,-5.1206,-6.5423,0.692,0,147008.24962372467,2236130.3626501462,-231.2253681,108830.17482873304,38178.07479,2237604.2657462195,-233.5964191,0.029611609,0.4504197355762969,-8177177.745,-0.185613639,0.007690101,15.210917539482564,0.007917276,0.5504829220402733
geo-6b230f50-daf3-4725-afd0-8ad25c62e7af,10.9025,34.306,1.0235,252.0967,6.9092,-5.9225,-6.6004,1.2739,0,87259.67051,1839727.232895671,-110.9251434,46832.44274741562,40427.22776648393,1840622.1685417043,-110.8027941,0.019338088,0.4077119224809784,-2728930.211,-0.09174469,0.008961106,21.083362131222195,0.00485323,2.047589438693828
geo-6ba88313-1a90-463e-9f5b-1ed37b9af6f3,9.8157,37.3004,1.3613,246.8715,8.7541,-5.2611,-2.5074,1.3184,0,229371.6092286881,3270096.5033763354,-374.6746761,191357.0172593336,38014.59197,3274163.5767247947,-372.7075542,0.046322163,0.6604040629929653,-13660612.11,-0.337378304,0.007678691,14.256762266144193,0.014143220876241811,2.680417748216927
geo-6bd0107d-9059-4133-a9dc-f498aa991652,8.8355,25.8243,1.0051,245.449,7.5932,-3.4823,-6.1496,2.3604,0,327726.41160309035,3034484.337839248,-69.74087539,291158.5162985829,36567.89530450727,3043982.968532896,-67.95882135,0.073016465,0.6760740375288047,-4276820.131,-0.131264276,0.008148863,9.259199839878374,0.016466736,2.7255337336781547
geo-6bd52e29-f26d-4852-9578-e13c81f3359a,10.5927,33.6662,1.2776,246.633,3.9964,-5.2776,-6.7897,3.892,0,110318.43908489092,2226625.9470669017,48.21034910081149,70295.58641034471,40022.85267454627,2226641.704549069,46.87296267716059,0.022784603,0.4598758638891996,-4907023.799,-0.136248471,0.00826607,20.183624474177833,0.006355134,1.4905811240410354
geo-6be994a3-1c80-4759-afd1-8299ab6cc551,8.2753,25.7433,1.3089,243.085,5.0635,-6.5219,-3.5479,3.8489,0,168823.58531059945,2270406.847968804,117.53323724708818,131464.0107216288,37359.57458896962,2274514.8588591106,122.69512389461664,0.034577299,0.4650092939067612,-6044784.598,-0.144893505,0.007651694,13.448398479346148,0.008317439,0.6536134510734488
geo-6c16f984-f57f-48a7-93b9-6346669715dc,10.649,27.5422,1.3746,257.2129,6.0844,-4.4015,-5.8355,1.2915,0,149833.94196259356,2298663.323,-129.7371507,110129.29797782331,39704.64398,2300647.0261755297,-126.8269692,0.030160244,0.4627005412779015,-7699746.184,-0.199315159,0.007992151,15.341405909461276,0.00639943,0.7529840002104018
geo-6c2e5704-0b23-4b97-9292-1bc1997b8384,8.8643,33.1339,1.3064,242.397,5.3921,-4.2894,-4.7254,3.8342,0,234850.85183083013,3076259.6596344323,11.731287389631404,197662.79696289648,37188.05487,3083036.8606118797,15.312304674515886,0.048122632,0.6303477673007627,-9917663.716,-0.242543161,0.007621639,13.098780079581566,0.014268099174612286,0.9249735408550467
geo-6c738f5b-966a-4f43-902d-639e881d64a5,9.2006,31.6775,1.3353,242.4347,6.2045,-6.5363,-3.1228,1.2439,0,80272.29301198298,1743940.2741051423,166.85394910070494,40013.410215936434,40258.88279604575,1744917.4288861174,170.2990234115351,0.016322657,0.3546147377449838,-6636722.466,-0.1618071,0.008187939,21.725307807574683,0.004350584,1.0011474598546302
geo-6cbb7410-59ce-4f7e-966f-44fe60679cb0,9.493,27.772,1.25,256.6105,6.5229,-3.7981,-6.0606,3.3923,0,328169.54414767725,3176871.154524376,-219.747719,290651.53529458167,37518.00885309612,3188868.1201514862,-217.8439804,0.06827045,0.6608974709216191,-7967519.63,-0.210401949,0.0078066,9.680578868996953,0.014645858243966511,1.4440984709340263
geo-6cc2ebef-1683-4c83-8875-9f2ab834287e,8.9997,29.3999,1.1555,247.6878,8.7212,-3.9251,-1.9499,2.591,0,472789.0583,3520570.6597859976,-292.4198997,437599.56729913584,35189.49103329447,3537160.6206501974,-279.6336994,0.1009579642433022,0.7517721498046633,-8203326.87,-0.230300284,0.007514219,7.4463877658323305,0.019989160731942925,3.171675128221444
geo-6d1e784a-924e-45ae-a05b-74c946afcf90,9.6427,26.3334,1.0842,243.7557,6.2336,-3.2963,-2.8396,2.1889,0,291849.9022783256,2974539.234607577,51.63480587784018,254834.69910499436,37015.20317333088,2982206.7118957103,52.796418050016754,0.063579478,0.6480031387208299,-6350617.01,-0.194844133,0.008063717,10.19201723689761,0.013861355,1.317887575701618
geo-6d38d2e7-81d3-469f-bc2c-f9572f63c14d,10.4204,25.8028,1.1389,248.4069,5.0014,-3.0817,-5.0052,0.4229,0,112917.79480431242,1961992.1896706093,-80.00222023,73187.41531,39730.37949815347,1962503.5909097705,-81.73192917,0.024223783,0.4208979843439407,-5784473.715,-0.176962886,0.008523147,17.37540299180275,0.005411522,0.693141043
geo-6d4e1f89-538b-40a8-bda4-322316f9cf0d,7.8643,34.7331,1.1199,251.3022,8.518,-6.5447,-4.7374,2.0937,0,163372.6317255345,2868678.8040278307,-266.1644267,124740.3503562976,38632.28136923767,2871915.7532056463,-264.3236418,0.035234393,0.618684757,-8507813.61,-0.22940721,0.008331737,17.55911485130016,0.015492763375965045,1.2450939771560574
geo-6d80ee53-acdf-4807-9bf1-2a4028004609,7.9581,26.2211,1.1061,246.9814,6.1694,-4.6371,-6.1189,2.4652,0,183015.25443345663,2409746.8257542257,-67.3745869,145426.34494785196,37588.90949,2413966.0900896504,-65.05812934,0.039624043,0.5217265164572858,-5414908.293,-0.148429521,0.008138211,13.166917879134482,0.010887459570538728,1.077845557869737
geo-6dbb967d-4b4a-4077-8b78-85c83e5a64ad,10.9965,36.223,1.2143,244.1497,7.6023,-4.9098,-1.6621,0.0746,0,108665.54366992987,2484587.157302084,-177.469815,68489.72027461807,40175.82339531335,2485187.9193786173,-174.4852328,0.022826624,0.5219201537747157,-11442099.21,-0.334114117,0.008441163,22.864535283134238,0.007885038,3.446809307935625
geo-6dbe87c9-b062-4b41-8009-59e3fe1a2943,8.9698,37.0504,1.2991,243.3843,3.2667,-6.5628,-5.8064,1.9443,0,61821.28361349962,120100.37252979976,178.58115671690678,21740.87744077902,40080.40617272075,120677.76027183172,180.12395544024642,0.012694948,0.02466251,1155835.0893733697,0.029057897,0.008230434,1.9427026666196814,2.1584496057682865e-05,2.4773759133506874
geo-6dc77616-d762-41d2-bc7c-6045dbc15a33,8.7682,33.5247,1.3338,256.2134,7.923,-3.9323,-6.0097,2.9712,0,351758.22292121506,3434876.825250132,-169.6285499,314851.7470656055,36906.47585561026,3447156.627776605,-168.7349922,0.071570115,0.6988735852659089,-10945278.18,-0.265058109,0.007509098,9.764879969897557,0.017731151,1.8544147714320063
geo-6e28fda1-411e-48f0-8858-7c8a6ebacde0,7.7379,36.3461,1.0171,252.8864,4.0333,-6.218,-1.8565,1.6111,0,58031.15835619982,708562.3365625717,45.290351531724255,17967.74713468821,40063.41122151172,708903.0526,44.37666547310576,0.012884367,0.1573185408158285,-2506880.064,-0.071348911,0.008896874,12.21003262098207,0.001018092,1.5166666724897124
geo-6e298bab-c197-40ec-9b88-a61692f16cd9,7.6501,34.5177,1.1221,247.3613,6.7141,-6.5922,-2.3561,1.0101,0,78935.74366594414,1622362.317885705,154.37421144928095,39168.60895833876,39767.13470760525,1623305.7674887052,156.00255299138615,0.017013487,0.3496773326066676,-6097136.142,-0.161879109,0.0085712,20.55294905121245,0.005087659,1.0009717494449915
geo-6e3613c9-b4c0-4898-a46f-b6e1f3c77cdd,7.6976,28.5495,1.3301,249.8735,7.2968,-3.858,-6.4741,0.8025,0,175370.1497782016,2558782.2804209483,-748.5243494,137251.7286985158,38118.42107968532,2560866.252352555,-748.4221335,0.035716465,0.5211300699031114,-9227510.074,-0.209954899,0.007763283,14.590751525599812,0.011230189,0.6248473915352891
geo-6e3b9236-c08b-457a-be19-d279eadbc812,10.3396,26.9263,1.0094,252.844,6.2703,-3.6823,-3.1864,2.9567,0,318262.3919838933,3052955.6054810574,-28.69133997,280921.5297907607,37340.86219313136,3063396.429326624,-33.49592478,0.070834341,0.6794836673579571,-4086813.849,-0.137454872,0.008310757,9.592574185,0.014213611269842077,2.6128519251314652
geo-6e52ee99-d43e-431f-a967-d6eb62405534,8.669,30.7207,1.2256,251.8572,7.2495,-6.7543,-1.5384,0.9089,0,104218.7196237508,2164890.167564223,-101.5497055,64033.71668369626,40185.002940055165,2166248.022,-102.8374745,0.021829653,0.453457897,-8247061.699,-0.215457704,0.008417106,20.77256538345398,0.007550141,1.2833383646860506
geo-6e576c44-16cb-40d5-88c8-c7750de0f2c8,8.4703,26.3318,1.0131,253.9419,3.0289,-3.8324,-2.8381,3.3751,0,143821.3370454398,2241197.9337746794,115.6987651209827,104827.7912,38993.54581616763,2243627.4948742283,112.41684589801264,0.031975479,0.4982805685539358,-3620671.269,-0.109910335,0.008669303,15.583208860494647,0.009330378,2.072520024893111
geo-6ec79d2a-087d-4531-b655-769d92049606,8.5099,28.6206,1.2698,254.0242,3.9891,-3.8455,-4.27,2.9853,0,155829.5982650662,2497790.0503347744,512.5195827756412,116771.03716772624,39058.5611,2500832.7191229924,512.4692388886676,0.032245123,0.5168565423724241,-7504664.915,-0.184851878,0.008083846,16.02898344,0.009992306,0.691915754
geo-6ed1d4f0-c3eb-4742-8436-3ad8ccbd4fe2,9.4867,36.2156,1.1892,257.3154,3.645,-3.8903,-2.1273,2.0275,0,82033.61207049653,1825120.787641399,11.139089532027938,40860.355370820784,41173.25669967567,1825895.339867488,8.936328125493588,0.017354818,0.3861178047225943,-7209854.527,-0.202558869,0.008710461,22.24845086759002,0.005002356,1.4921662055356617
geo-6ef8aa85-2e02-4127-aeeb-4f53b7466374,10.8001,32.0819,1.3008,242.3597,6.3859,-4.8409,-7.2045,2.4442,0,163120.66240332098,2646677.739431053,-11.93119166,124463.90332268269,38656.75908063779,2649700.885971884,-11.91848148,0.033481492,0.5432464372841586,-8017758.38,-0.220896236,0.007934489,16.22527581997598,0.008697934,0.8460573636816381
geo-6f07f85b-492f-4355-b8c9-ea5cec4be07d,10.3239,28.3631,1.1783,248.8873,7.2644,-5.6787,-5.4913,2.3498,0,199190.3794816385,2643995.1466508154,29.938255028149207,160957.0351190797,38233.34436255937,2648419.5575217414,30.936706340952924,0.042266936,0.5610390107254176,-6674516.775,-0.197244292,0.008112831,13.273709069340553,0.009704931,0.5139319334109509
geo-6f582e8d-c6b9-4671-a0f5-3ab1afa8f3be,9.9267,29.7815,1.2397,255.6556,5.1748,-6.1568,-5.434,1.465,0,71180.92023271602,1205134.347290253,116.53817951031124,30109.30369551364,41071.61653720209,1205810.487,117.98673686274344,0.01484944,0.2514096541368051,-3209913.168,-0.087358159,0.008569904,16.930581163466698,0.002026792,1.0974466234414348
geo-6f5ceda9-d3fd-4f45-99ea-1ab72593c961,7.7219,26.8668,1.0997,247.3808,8.25,-5.7552,-3.7305,2.9507,0,307620.67790457275,3014913.1927078087,-226.0192651,271209.6896721124,36410.98823246131,3025261.880524137,-224.8193694,0.06672218,0.6539273686822672,-6614470.681,-0.179473137,0.007897414,9.800749459511515,0.017627266988385237,1.6185458740851661
geo-6fca8713-5ea2-47b2-ad5d-d398991fa040,8.785,30.2835,1.2697,250.8998,5.487,-5.5928,-5.9397,2.4405,0,109743.4418290892,2134716.6369677377,851.9205238432216,70219.89877,39523.54305664029,2136173.168266812,855.7117209294804,0.022714037,0.4418307909137582,-6100853.217,-0.15518851,0.008180302,19.451883423633397,0.007073271,0.9441804080366862
geo-6fff74c5-338f-449c-be73-e1886a2c9c70,9.4821,25.2077,1.163,249.2162,6.1534,-3.6465,-2.2578,3.8584,0,421498.5917704874,3383608.1490605515,213.78265073010328,385150.71741465793,36347.87436,3402277.9908329914,214.6660817,0.089818504,0.7210240536263718,-6842503.899,-0.196056208,0.007745446,8.027566912733555,0.017451996,2.5868505245804183
geo-700f65c3-6b3d-4c30-be22-04a1c955cf77,8.9856,33.9001,1.2239,248.446,6.4112,-6.6997,-4.4843,3.0632,0,123333.57085051108,2499357.269348238,-441.2056218,84152.25504522993,39181.31580528167,2500802.511024799,-439.959242,0.025840063,0.5236493950954514,-7524087.259,-0.197165016,0.008210677,20.26501991398295,0.00971369,1.1296397838308114
geo-706460e0-86ad-42a0-b1d4-dc128458fba8,7.5927,26.4586,1.1211,257.7555,7.8414,-3.9612,-4.274,1.0653,0,244699.1353462586,2793008.1705297646,867.1987205912134,206853.7733732593,37845.36197,2796724.4779678755,868.2769843759392,0.052756236,0.6021623137097035,-7794065.82,-0.206311918,0.008159278,11.414050019333137,0.015201310510496674,0.7572431632945716
geo-709d9d4b-afaf-4213-8f08-9cfd5ba89904,10.7359,36.476,1.1196,250.2672,4.2164,-4.1532,-2.9422,3.6805,0,146971.60450328042,2891398.634316236,177.11231148361918,107446.13558389254,39525.46891938772,2892885.892,180.5537603,0.031693303,0.6235080053426079,-8485533.024,-0.263100464,0.008525086,19.67317866664311,0.011526454424097696,1.5512913515730737
geo-70de1b1a-5c03-4b39-8cd5-d248f76d0c66,8.0956,33.4536,1.2019,240.2532,3.1714,-3.9461,-4.5098,3.3481,0,100139.51214669562,2231895.5544513506,-87.45020824,60812.29395738103,39327.21818931425,2232329.8713066857,-90.41099736,0.021111498,0.4705301389080997,-6423166.897,-0.165102868,0.008290954,22.28786127080211,0.008705144,1.244232170754942
geo-70f2a12f-535d-468f-9aba-950883a457b9,9.2795,28.2482,1.2617,244.8852,5.6148,-3.0287,-7.156,0.0024,0,99089.91216730668,1923749.3988517595,-113.5765023,59042.806371022525,40047.10579628401,1924095.8950012191,-116.5138597,0.020553286,0.3990251878477066,-6684344.52,-0.175809329,0.00830655,19.414180079235845,0.005461679,0.8787072244204149
geo-7127dbc1-9ea9-4579-a0e7-8e0dc36b0728,8.4446,34.8077,1.1759,252.3195,3.3006,-6.7939,-5.4892,3.4651,0,65789.30826201642,940680.7046316044,21.96895307598458,25181.938962713477,40607.3693,940807.2985139824,25.08665695886673,0.013969325,0.1997387512379241,-1018996.934,-0.027284569,0.008622291,14.29838266250198,0.001503819,1.8347009710361313
geo-71287c3e-60fc-43db-9fbd-7606a9d0170d,9.3547,25.42,1.1995,242.5615,8.9719,-4.2595,-5.5517,3.5635,0,513819.0323051281,3609270.925181204,-188.7195889,478940.7316129102,34878.30069,3632530.191624143,-189.9725426,0.1083950855575612,0.7614105475624101,-7309001.188,-0.202322731,0.007357876,7.024401001630994,0.019726864,3.5810611050689682
geo-71370f70-0b7d-4854-99a7-0560fbdfbb8e,8.9535,37.2868,1.0273,242.4681,5.3414,-4.6147,-5.4612,2.4292,0,94864.59629,2173258.3309516963,7.173736731845523,55598.84386240827,39265.75242570213,2174315.1284694774,7.728853939623562,0.021000456,0.4811006181946137,-4361295.609,-0.132489161,0.008694131,22.909055812047836,0.00822866,1.959725957976111
geo-715e7155-7dbe-4bbb-9869-60d86bf40167,8.9551,35.1811,1.2509,249.2622,6.2506,-5.4985,-6.4614,2.9365,0,134564.97207679867,2663109.441291444,-331.0058629,95180.93656,39384.03551629437,2665045.2437860537,-335.649656,0.027987285,0.5538826495782969,-8158328.121,-0.209105663,0.008192881,19.790510117087308,0.010904737345396466,1.1968081029185356
geo-716a9a18-be01-4882-a8e9-0e7fe5cbdd72,9.1428,30.1524,1.0919,244.9174,5.8714,-4.9061,-6.6746,3.4455,0,188356.2388105753,2659540.947387078,-326.350486,150552.82424751605,37803.414563059305,2663893.874674307,-326.3955272,0.040944084,0.5781197842522543,-5235265.548,-0.155489804,0.008217503,14.11973908685711,0.011636076600444934,1.5914474095904287
geo-71c2078d-3d55-47d3-98c3-eebf3966c316,8.0259,31.9988,1.0987,251.523,8.2825,-3.1595,-4.1368,0.3469,0,247688.8430826147,3112297.0477000694,-267.7801278,209469.35510416716,38219.487978446814,3113967.778480755,-269.7075761,0.053738266,0.6752401323165369,-9323947.883,-0.258118945,0.008292009,12.565350174702836,0.018083099653537684,1.1401264327080032
geo-724ce141-2548-4dfe-a695-41db7a9b8bd5,8.0808,35.548,1.3758,249.2029,3.6006,-3.4024,-1.56,2.3973,0,117090.12757254973,2443906.417548289,-57.1761841,77034.62092041147,40055.50665213718,2445730.596965212,-56.43610992,0.023561804,0.4917822242716967,-10807140.77,-0.243477486,0.008060244,20.87201088780131,0.009526677,1.6110376213390516
geo-72801347-b9cc-42a2-bc46-320cd3b5c684,8.0046,31.1706,1.0297,244.8393,8.4079,-4.4223,-6.1717,3.8088,0,402551.7400843368,3365445.4388772687,189.05086299428484,367284.5276,35267.21249020832,3382710.795399684,185.97629345436573,0.089070983,0.7446583992963833,-4744889.695,-0.138262802,0.007803391,8.36028044,0.022050816624222126,3.30926532
geo-728be53f-46b1-4b8b-94a3-72345fc0fb41,10.0053,30.3253,1.2901,240.6067,7.9548,-6.8204,-5.4233,2.6364,0,193949.97931054013,2720345.257576586,-138.8895265,156367.7984705459,37582.180839995206,2724858.1151936217,-138.7869091,0.039923407,0.5599662939248763,-8213533.962,-0.219565617,0.007736019,14.026014682996925,0.009975709,0.6661684955275684
geo-72a05fde-76a5-4e25-a49e-57ed80098523,8.1451,30.6122,1.1246,256.2444,8.0322,-4.4738,-6.7832,2.383,0,264396.5069309801,3009131.235536482,-97.96476052,226814.0180158793,37582.48891510165,3016278.686839316,-97.5662371,0.056935244,0.6479874612758024,-7609852.221,-0.204735883,0.008094662,11.38113082682294,0.016409181213628884,1.071121272778758
geo-72d2d3d3-189e-4469-9135-74ca9682894f,10.9139,31.2703,1.3308,246.5829,5.3565,-4.1558,-6.6992,3.2702,0,201575.36061115545,2837362.3108531404,256.87908305507915,163053.40216336906,38521.95845,2842209.4437670023,252.44990261955945,0.041037394,0.5776398187974213,-8517946.399,-0.226947667,0.007844014,14.075938161541952,0.009731603,0.7531142647521644
geo-72d3daff-8e75-4112-868d-b3eee8ae45bd,10.6342,32.4201,1.1423,244.4328,4.8758,-3.6218,-3.6767,2.1488,0,140086.5569612757,2715227.331733135,-99.14430103,100787.02780863088,39299.529152643656,2717384.341,-102.5743483,0.030017489,0.5818139006087449,-8365647.502,-0.25372852,0.008422731,19.38249744037708,0.010132427142842714,1.4268348194039302
geo-7325a199-9306-4b5c-8e92-1ef04a90467d,9.4204,27.296,1.0092,241.929,6.1836,-3.8538,-6.1631,1.7656,0,172982.79904658807,2442042.114115551,130.98314423226984,135172.52827433235,37810.27077225604,2444972.448568597,134.3882042545788,0.038502293,0.5435466463580932,-4054730.755,-0.130192588,0.008415718,14.117254013549946,0.009982847,1.855741269323213
geo-732dfab9-4f73-4adc-a912-bebf0e830bc0,9.0762,30.3253,1.0581,256.7043,5.9265,-6.2898,-5.9876,1.9133,0,83912.22761388766,1712090.185194387,82.64059968931033,43509.136565026194,40403.09104886174,1713064.120410147,84.38450974624081,0.018416433,0.3757568562558351,-3127808.356,-0.094973672,0.008867324,20.403345661044504,0.004951764,1.6539488188421125
geo-7335a656-35c5-4bc1-8104-6fd076f0431c,7.9731,29.5523,1.1842,254.5767,6.9691,-4.7702,-2.2278,2.1135,0,238990.4963984121,2939500.5268246075,57.07134149080007,201202.5992,37787.89720647701,2945354.9392051133,55.01040191635599,0.050619359,0.6226006309191383,-9073089.509,-0.230807546,0.008005278,12.299654467951202,0.015475405,0.828339349
geo-7366f6ea-ffc1-4869-b0a5-3bed050b2185,10.8264,28.6816,1.0562,247.0483,3.8139,-4.7078,-7.4544,3.4751,0,113397.15632419068,1853032.226264377,-83.85590454,73991.93943255581,39405.21689,1854023.790916344,-88.71151885,0.024901069,0.4069104095861192,-1768411.385,-0.058730717,0.008653011,16.341081966524335,0.004868147,2.5658939457640844
geo-737f071c-481a-4682-939c-523ad671fc13,7.9483,36.9567,1.214,256.0335,4.1468,-4.4828,-5.9689,2.9442,0,90324.95440056545,1943267.9863767608,242.59801989249428,49765.625285526185,40559.32911503909,1943928.6670896453,244.1643938348704,0.018975498,0.408242415,-6027557.038,-0.149671494,0.008522438,21.514187294896445,0.006674398,0.9729140529648522
geo-7397d64d-863d-470c-9ae7-40dd3052d4bf,10.5119,31.7866,1.1813,250.5612,8.7463,-4.7153,-2.3613,0.7389,0,252305.8578548216,3075869.9169941936,-603.5751777,214485.72941553412,37820.12843928811,3078554.611775066,-604.8643471,0.053493424,0.6521402851808217,-10015602.85,-0.297982411,0.008018512,12.191036479081944,0.012878075433095219,2.001183452194422
geo-73c66b72-975e-42fd-bf6e-1fba5391463f,9.0701,35.3008,1.1381,242.7068,8.7435,-4.2404,-5.2713,2.865,0,364212.5699,3302447.9249999733,-340.9493611,328766.8496535692,35445.72029178166,3315071.7213252257,-338.5425855,0.078150441,0.7086184867067036,-7510505.722,-0.214494331,0.007605679,9.067363944894867,0.017622316962680986,1.9111229446650413
geo-73c8d543-dbb0-4403-90a1-38ad8d1283d5,8.2305,37.0665,1.0948,246.0026,5.6837,-6.4379,-2.7398,0.4934,0,58319.81597383607,775520.6711096988,28.94005821203137,18395.482712962203,39924.33326087351,775789.5116,28.652810690765733,0.012664308,0.1684064462703537,-3566756.065,-0.098676864,0.008671429,13.297721506144999,0.001096835,1.6551284020784334
geo-74181643-16df-4278-9a4a-3c59b43eefc8,10.5791,28.8225,1.1975,241.6438,5.3544,-4.6693,-5.3666,1.3074,0,97393.75386640742,1954752.7377212504,157.47475455456538,57809.70153599423,39584.05233041231,1955744.352235772,156.9263589700559,0.020557431,0.4126003273162088,-5447535.252,-0.1606036,0.008355178,20.070617058282217,0.005122247,0.8142485140536324
geo-741b889b-df69-422d-98f2-ac1dd33e3dbc,9.1248,27.3292,1.1536,240.1159,4.4655,-5.2227,-3.257,0.5951,0,64384.13841827455,878752.9105890949,-34.13404639,24884.50431,39499.63410983291,879071.1644,-35.69614867,0.013755654,0.187745322,-3424976.355,-0.096958841,0.008439042,13.648593150074415,0.001229603,1.4645288941666528
geo-741c9949-e7ed-4416-8fec-bf7991c702af,8.6047,32.9723,1.109,257.0232,4.8075,-3.1094,-3.3927,0.5685,0,87879.47892740271,1860059.666635267,-158.346411,47296.06190430725,40583.41702309487,1860821.631,-159.1171667,0.019010982,0.4023870007430364,-7023011.182,-0.199735925,0.008779371,21.166029764148508,0.005989661,1.3052946897482647
geo-7423d9fe-77fc-4c90-91d8-f3ca61afb82c,10.3571,27.5397,1.1223,244.0753,7.9276,-4.7445,-3.8872,3.1615,0,383045.52629802574,3294328.926141898,-384.1490106,346892.99425948097,36152.53203854537,3308620.5116531216,-381.2872319,0.082538337,0.7098593026929488,-6625612.645,-0.201360984,0.007791691,8.600358704042863,0.015486615436583496,2.1847681971927098
geo-74367c8c-e792-47b5-aaf1-e343bd06f721,9.0959,37.4493,1.0788,256.5118,6.0031,-5.2471,-1.9948,3.3943,0,183341.73888042948,3078686.226,-113.4046202,144468.45643036123,38873.28245006831,3082503.876376434,-114.2968712,0.040002174,0.6717190687944016,-8575304.471,-0.256585321,0.008481471,16.792064068676265,0.015789915,1.3902011489111743
geo-74421d2a-0120-410c-a58b-c8aa0c443e19,10.9452,26.6709,1.377,242.107,4.1815,-5.5036,-6.6023,1.2375,0,74123.47268150077,689355.7676998266,-27.94268644,33819.67050439728,40303.80217710263,690074.5054543756,-31.13325282,0.014911031,0.1386740898698722,-1076326.043,-0.028196027,0.008107662,9.300100801562724,0.000559264,1.7327568395359878
geo-7453e19a-a25a-4c34-b5dc-674a961ab150,10.7099,27.7765,1.3575,246.6338,6.9789,-6.1813,-3.5034,2.4103,0,200247.0648932638,2653988.931451577,5.090512346291646,162112.7400156742,38134.32488,2658653.013268775,6.431105892850681,0.040480793,0.5365151110019395,-8536605.54,-0.220850074,0.007710572,13.253572195259009,0.00855517,0.7823187257603593
geo-749925c9-5afd-4b99-9716-83413f52c9fa,10.8777,33.3338,1.138,256.1049,5.2534,-6.7843,-6.8287,2.9478,0,86715.49086691979,1724185.1858130165,-31.1001917,45736.59095288311,40978.89991403683,1724756.4800377826,-30.96512113,0.018607383,0.3699751261549641,-2043856.322,-0.063928215,0.008793193,19.883243104269198,0.004005513,2.3049856890130247
geo-74bba1bf-6104-45ed-b1e6-933b4dbc4108,8.4665,27.5845,1.3908,246.5312,4.8605,-4.9502,-6.0378,3.0813,0,153773.8527557439,2272103.8962686835,163.4141117049364,115793.50834665749,37980.34440908567,2275399.688015859,166.36182285613853,0.030816233,0.4553289284027923,-6889968.946,-0.15459717,0.007612786,14.775619232729548,0.007794651,0.5129403886958545
geo-74cef55c-21b2-409f-96aa-884f1631a06c,8.6153,32.2428,1.1038,247.8986,5.8027,-3.514,-4.3409,2.4412,0,207238.56646086293,3003580.7017510715,-694.0084299,169145.3295,38093.23694323676,3008447.032566303,-694.4912345,0.044888326,0.6505821339529266,-7891088.116,-0.221831198,0.008252744,14.493348188249985,0.0156381,1.1216179491091467
geo-74ec71e1-79dc-4234-ba3c-eeb0dd6c732f,9.5084,36.4703,1.3557,242.6621,5.6636,-4.1058,-6.3832,2.0557,0,116615.49960168469,2521522.1611622744,-119.2318615,76849.27773309579,39766.22186858797,2523210.6235246626,-116.2587079,0.023585479,0.5099777418572905,-9400514.257,-0.229461259,0.00804434,21.62253019345514,0.008706531,1.3361208476456925
geo-74f28305-34e3-4c48-8a0f-918ec25d0b4b,9.51,31.5069,1.3241,243.2511,8.9866,-4.1102,-2.3867,1.3821,0,369050.2076692148,3387200.931602248,433.24085995852187,333038.5200763094,36011.68759290459,3394656.1727974648,436.8562204294488,0.075281607,0.6909464430618677,-11388319.12,-0.289313291,0.007345893,9.178157500559504,0.015979323212677546,2.538864428770732
geo-757e5870-199f-470a-9677-2d53c8d59fa7,9.1892,27.4349,1.246,253.4907,3.3585,-6.5935,-6.5462,1.5271,0,112217.22172211348,-335649.9697,-32.29233177,72868.27210938557,39348.94961272612,-333633.7078,-33.96279401,0.023375141,-0.069916768,2184328.029,0.057853547,0.008196446,-2.991073603,0.00016933,3.450993225
geo-759a2816-f54a-4849-a0a1-a9319acf2b7a,8.9415,34.962,1.1113,242.4334,4.6345,-4.9,-1.9514,1.7662,0,79952.58604607897,1773314.5754146953,56.29080215404406,40189.56664593027,39763.01940014912,1774191.0796236943,55.99726537181096,0.017281392,0.3832939724737945,-6219305.216,-0.177098992,0.008596333,22.179577460980372,0.005230025,1.0652953946211785
geo-75ccda2a-a996-4ffc-bd91-5c161c4d4dc6,7.7041,33.7126,1.058,249.64,6.0424,-4.8299,-4.051,3.7749,0,223512.4119345408,3031091.9140113858,-468.75473,186131.89229026795,37380.51964427206,3037261.0664588846,-475.6658283,0.049046085,0.6651227571699583,-6584238.804,-0.181249029,0.00820419,13.561179389442982,0.018278133,1.827855184309583
geo-7616c1ea-f647-4087-8f6c-20e3b426678b,10.3568,37.1429,1.3106,253.1194,8.7882,-3.3981,-5.0403,0.5614,0,253260.7277989061,3264872.6142240344,260.86304443167217,214508.2202,38752.50755178592,3267306.3452295098,262.7273853886389,0.051836927,0.6682479501938727,-12769430.86,-0.336488848,0.007933391,12.891349727212353,0.013724603547356344,2.720782457431858
geo-761baacf-95bf-46b4-8488-125d1238c9e0,9.9787,26.319,1.0315,253.7175,8.9203,-3.0618,-3.0935,0.1689,0,337196.9659765198,3094569.5177267166,302.49545918144355,299757.18078149186,37439.78519502816,3095497.9034107504,300.94499436998115,0.074556132,0.6842266024936838,-6611349.646,-0.211351808,0.008279817,9.177335,0.014933997,1.748343119294104
geo-76255041-93cc-47f2-89e8-fab5e6e5973a,9.8346,27.0763,1.2179,248.1262,4.6323,-4.7365,-5.9167,0.7587,0,70613.97594310623,1078362.1425916778,42.77200252099907,30264.45731,40349.51863082831,1078840.3722779052,44.20424028986561,0.014821888,0.2263484355889556,-3186747.908,-0.089194471,0.008469328,15.271228226272333,0.001658244,1.1469515101321817
geo-763258a2-1da1-4244-8c90-9abb865183f0,10.6678,30.148,1.2794,247.9806,4.4425,-3.7412,-4.5913,2.6471,0,155299.79849773576,2621086.736213497,168.2837456684402,116066.65488682708,39233.14361090826,2623805.3241944243,167.82449596194513,0.032059323,0.5410842005483967,-8127763.006,-0.22616698,0.008099054,16.87759264060932,0.008735846,0.9630390544182083
geo-763f5027-6c44-40d0-8e54-022a9a4f2fd7,10.5309,28.2612,1.1052,245.7826,4.704,-4.185,-1.9036,1.9791,0,143402.54994886887,2456151.1994142155,-73.53547218,104380.65902982496,39021.89091904296,2458418.479946775,-72.47104099,0.03104906,0.5317979718380186,-6815955.655,-0.211615167,0.0084506,17.12766753652548,0.008548265,0.841568769
geo-7647eb06-1565-4925-a6fd-41174f6fb5b8,9.6868,25.8103,1.3543,255.2753,3.2285,-6.5895,-4.1151,2.9085,0,74595.06122,1011078.3182648468,79.19489784464221,33714.15216122084,40880.90906284289,1011828.4836256808,80.56457558140639,0.015095533,0.2046082595661924,-1923792.479,-0.048221642,0.008272878,13.554225999330486,0.001375676,1.486801919756031
geo-76905816-5a22-48c0-9dd4-c16043fc7c29,8.3417,25.641,1.3753,256.1763,4.0454,-4.2629,-4.3754,0.8023,0,79825.89931689297,1194958.9668921984,10.513573950692615,39274.38852938806,40551.51078750586,1195638.7384464804,8.333148209601177,0.016065302,0.2404905801078704,-4883969.368,-0.111836352,0.008161121,14.96956472921717,0.002206946,1.172373791792402
geo-76d510cf-64a1-4ad4-a8fe-36226d1fc6a9,7.8265,32.5567,1.3637,254.5226,7.8961,-4.3109,-6.5797,1.9931,0,241275.23739633043,3083674.607112106,-185.8023428,203616.2544666739,37658.98292965694,3089472.890116335,-190.527567,0.048695433,0.6223633771463803,-11248554.29,-0.247621447,0.007602068,12.780733905347784,0.015753266,1.0191643756162192
geo-77070435-828b-49e4-85e9-8b0cc27dcf23,9.992,30.9244,1.0381,254.1824,4.8669,-3.9222,-2.3504,0.3618,0,76726.71522322713,1567488.8734795295,-25.56907881,36095.16390353783,40631.55131968935,1567927.9177041994,-26.7007225,0.016936076,0.345995668,-5278628.353,-0.170756566,0.008968655,20.429505797545485,0.003813634,1.1659081065399772
geo-7708f4a3-33d7-4108-bc55-4b4db18bd7ab,8.5725,25.2464,1.1734,250.7998,3.3922,-5.1162,-6.438,0.357,0,114077.9278333654,-394452.0377,-287.1721283,75343.50946357401,38734.418369791936,-394134.3463,-291.6177601,0.024239385,-0.083813538,838506.3215810276,0.022664171,0.008230282,-3.45774196,0.000260838,3.7183984371434065
geo-7709eb2d-3291-4e39-bf76-4c210c946011,10.1412,31.861,1.0384,255.0174,5.6255,-3.4968,-2.4034,1.8778,0,189803.53007827315,2917546.412083951,-283.6981099,150765.84868119474,39037.681397077984,2921177.86,-282.1375391,0.041883515,0.6438083505974699,-7094609.62,-0.227441126,0.008616096,15.371402264651154,0.013009901,1.1397423863895177
geo-770b16e9-b7bb-4a80-83a2-dd601c24a439,10.9654,28.2691,1.3427,240.4977,8.6491,-4.0595,-1.6093,3.1642,0,546731.8261576492,3708597.558,196.9202104902871,512384.0867855504,34347.739372098615,3731732.043333553,204.3917633,0.1109559084883804,0.7526373838385508,-9719288.012,-0.257261644,0.006972073,6.783211404351388,0.016443612006897285,4.042160699
geo-7710c636-a17f-4745-a496-d5f9217d7433,8.0327,36.7017,1.2757,250.1394,7.4092,-5.1867,-3.4891,0.1564,0,92354.94994,2005052.125,-24.08445216,51890.31701273888,40464.63292873917,2005812.4681612144,-23.51835659,0.019084254,0.4143245630800889,-9417911.232,-0.228043518,0.00836158,21.710283271935367,0.006802522,1.8160457849536173
geo-773dde1d-3bdb-4472-9f3c-458fb3cbcde2,9.8344,32.8618,1.13,254.8301,5.4816,-3.0052,-6.6494,3.825,0,282158.8406210355,3147959.337826882,-169.539358,244410.41134444537,37748.42927658965,3157485.3301175614,-164.79072,0.060681008,0.6769993269704834,-6690130.751,-0.200183017,0.008118125,11.15669220534853,0.014834698787400964,1.3778722225994293
geo-775abf3f-d86c-42bb-ae17-55453f4ffbc9,9.2401,26.6757,1.3418,242.9209,7.1566,-4.7506,-6.5054,2.5431,0,253794.94644619795,2829733.946890201,130.86306565438537,216876.9240187905,36918.02242740686,2836915.962820858,128.43885013167932,0.051518383,0.5744137963152837,-8093496.137,-0.196786601,0.007495582,11.149685943372717,0.011366406414375403,0.6856319782423635
geo-77bf5dc1-7a15-4eb5-8be7-54ffe2d607a1,9.5427,26.4761,1.2346,246.7096,6.0161,-4.4218,-4.2238,0.3142,0,109528.9646767924,1999480.1782747817,-10681.65121,69776.09976594093,39752.86491,2000122.7306983084,-10715.13604,0.022885837,0.4177870054406491,-6892065.448,-0.187630681,0.00830623,18.255264113698278,0.005822221,0.9124142693967793
geo-77bfbb62-2a47-448c-b7fe-18f38b9be3e7,8.0643,32.3427,1.3931,244.1756,4.9563,-6.8379,-4.9116,0.5248,0,63984.00605174375,136826.0155769913,-9.014945016,24288.13403960729,39695.87201213553,137007.83008794306,-10.13492689,0.012817348,0.027409142,-1019224.573,-0.022645254,0.00795188,2.138440901408081,2.9653388640151527e-05,2.3729103552335955
geo-77e54c49-be0b-4cb6-bf46-66c302101892,9.5327,30.911,1.1877,243.4877,7.969,-3.2253,-5.7777,2.8969,0,411788.9468807193,3456904.092023686,199.14427913498136,376131.07731460105,35657.869566119145,3471809.588301455,205.6048243462584,0.087134908,0.731483986,-8556074.949,-0.23736102,0.00754676,8.394844296355107,0.017866679487051826,2.3950899058789874
geo-77ef3cb8-64c4-472d-8266-d7adc1a6961f,8.2042,27.4676,1.2445,243.5752,4.0979,-5.8504,-5.5219,3.695,0,119233.22411454008,1900292.2897278988,327.7531601210998,80973.54573515292,38259.67837938726,1901856.3633075992,329.5022783653256,0.024846688,0.3959967538423944,-4507645.892,-0.112936361,0.007972789,15.937607188264915,0.006084111,1.1130987742260063
geo-7892efa4-4783-48cd-9872-d5472a9b0572,7.525,35.3748,1.0732,250.0997,6.5855,-4.3645,-4.8061,3.6666,0,261047.5998526564,3223489.310520084,56.44023545165422,223978.64051187143,37068.95934078345,3231829.8020574674,55.24094127639472,0.057046958,0.7044319155104474,-6893863.796,-0.188420864,0.008100669,12.348281739956759,0.020990446240992913,1.9181164043727352
geo-78b65a88-d766-45c7-8499-a8375ec11e6c,9.8305,26.4472,1.3593,246.9785,6.9056,-6.0363,-5.3851,1.2494,0,130504.46466607811,1984036.5536939637,82.96601561071316,91787.25254361791,38717.21212245978,1985692.9505238333,84.91522010050387,0.026375014,0.4009747317214915,-6512294.29,-0.163829547,0.007824726,15.202825119972072,0.005206052,0.5208618484973369
geo-78cdbbb0-b3f3-485a-8d34-df9ef3a8f011,9.0772,33.9806,1.3823,254.1428,8.2811,-4.9462,-3.9729,1.1429,0,208383.6548924178,3117714.1783475545,670.2658457,169505.3554585263,38878.29943389143,3120998.6488453927,669.6736831342679,0.041852742,0.6261762134429371,-12743107.31,-0.297942727,0.007810075,14.961414223956982,0.013749640872099827,1.9499352729976593
geo-7926ae26-8681-4e0e-8b18-c9ad4e520d2f,9.9192,36.9494,1.3036,257.4787,6.6998,-6.4101,-3.2086,1.5145,0,87568.04753390496,2044487.7510403832,136.00413258797943,46121.17210356468,41446.87543033961,2045651.993224607,137.84443742080805,0.017956723,0.4192431088330302,-8389404.644,-0.217490975,0.008500821,23.347417335630364,0.005640341,1.5745872139799613
geo-792c0211-2cbe-400f-ba92-6037d63f08ae,10.3192,36.8017,1.2103,250.1375,3.2642,-6.0415,-2.6673,3.6103,0,73828.18716,1617200.8352360833,-37.85714831,32768.32382495997,41059.86333779016,1616588.1086462992,-36.27876342,0.015525547,0.3400859224803479,-4527863.945,-0.128468103,0.008636343,21.90492408639354,0.003567643,0.9486413370601965
geo-793d1fd2-a8f5-41f7-963c-bc25339150f1,8.2534,27.0712,1.3071,240.706,4.3095,-3.7797,-5.0314,2.3025,0,138886.65480616767,2232974.1260603303,146.4494783158258,100797.32781550106,38089.32699066753,2235508.142954922,151.2789129674423,0.028459463,0.4575619249206528,-6907420.445,-0.165575539,0.007804897,16.07767232335386,0.008074525,0.5378897849815926
geo-796154c1-6a66-4f72-856a-c42c8e8b8e84,10.7934,25.1727,1.1836,250.068,8.0968,-3.7826,-4.3238,1.4444,0,334322.24221339246,3089775.647202333,108.10577568852383,296880.54318776104,37441.69903,3096401.3664750247,109.15543576208584,0.070822797,0.6545378218976192,-7746043.375,-0.229370828,0.007933248,9.241908724787107,0.012634595691646993,1.6813852748228018
geo-79e03e4c-b7b4-40f1-b3c8-52dff1f68398,8.4155,35.09,1.3737,240.512,4.9758,-3.6844,-6.3632,2.7046,0,137813.00914675288,2723847.736337389,-330.9262258,98918.10351796616,38894.90562878733,2726085.438274868,-335.1502874,0.027747073,0.5484155832835127,-9819264.507,-0.226110124,0.007831003,19.76480851264804,0.011376005061260647,1.1846807396082664
geo-79f80a9a-d6ef-48ed-a86f-3e3da4b60581,10.2381,36.4831,1.2259,247.0131,4.1321,-6.1801,-2.494,2.8714,0,73503.62868822216,1617084.6024400026,-1.426426333,32668.38834383386,40835.24034438821,1617197.409635863,-0.860165298,0.015394812,0.338686869,-5098128.552,-0.144710511,0.008552606,22.000064912429334,0.003566379,0.9313659849131508
geo-7a0e550a-f745-48c6-b9dd-4e6547b066fb,9.557,36.7262,1.0476,257.8128,5.1963,-3.3366,-1.9533,2.7619,0,198665.8126249489,3073276.212727753,187.43569319411824,159897.61723213247,38768.19539281741,3077914.311715553,191.7974661702464,0.043732746,0.6765271081115232,-7975615.681,-0.250502051,0.008534084,15.469577639559152,0.015244000270206308,1.2612801267242237
geo-7a1c4d97-1c3c-41ce-ad19-9b32f484cc53,8.7356,35.4913,1.0947,254.4764,4.4226,-6.0273,-3.4736,0.2608,0,56640.47759430124,107760.27823595123,-162.0334249,16266.841714221207,40373.63588007933,107667.79271374406,-162.072777,0.012299983,0.023401102,-1311339.16,-0.037378626,0.008769264,1.902531242900314,1.9954001188462363e-05,2.5001379185786106
geo-7a23c89e-da1d-47c2-ac65-04c2503bae68,8.4681,28.957,1.3229,253.4048,8.0975,-3.5398,-1.7096,0.1928,0,271362.3677478214,3079801.2826209897,-156.9998145,233353.89476328305,38008.47298453812,3081057.933531941,-164.1711031,0.055372139,0.6284408085400389,-11594533.91,-0.278199212,0.007755679,11.349404518326848,0.014845434280623817,1.8259764351329233
geo-7a710a17-db35-4df8-9fde-53296beb0db7,8.238,28.3413,1.3897,248.48,8.0646,-5.5915,-5.0967,1.8619,0,221796.0991612603,2777974.898259424,11.158888861051594,184601.51390178737,37194.585259472806,2782991.260751514,11.901142638400955,0.044460618,0.5568649763663934,-9646745.547,-0.213687761,0.007457427,12.52490421952667,0.011981967792870805,0.6058372697500235
geo-7ab15dad-1f4a-4793-a1f2-71796ea4d672,8.8068,33.272,1.0829,240.991,7.7835,-5.468,-1.8685,2.1897,0,230472.76203613225,3021262.2935621063,-511.9589671,193760.80551129268,36711.95652483913,3026751.5148898666,-519.2340512,0.050216566,0.6582878378441899,-8142537.599,-0.235145254,0.008000601,13.108977680791897,0.015662592769315174,0.958353861
geo-7acafca0-4d7c-43bb-8ec4-035895122aa0,10.1667,25.6972,1.3907,251.5904,7.9748,-6.9448,-5.7342,2.8739,0,236689.21164471237,2676349.307724701,-16.21275724,199047.82403767016,37641.38760704207,2683287.491691642,-23.01261964,0.04744351,0.5364646879797645,-7217535.144,-0.180375918,0.007545042,11.30744104949788,0.009010573,0.5257137997133302
geo-7ae314e4-1fce-4176-bec5-5e6039c9ddde,10.6493,32.7911,1.0633,242.323,6.0627,-6.5867,-3.8768,3.1773,0,121416.28610050646,2331276.891111647,61.79211683375293,82581.85027616884,38834.43582433782,2332435.181181127,63.08339545,0.026602548,0.5107873713592156,-4858308.7,-0.156603183,0.00851042,19.200693465305438,0.007798469,1.4777958193028846
geo-7b13c0ba-f3a1-4e2e-b9e8-859fb116e664,8.2381,35.72,1.0008,251.6504,6.2542,-5.9489,-1.5067,3.2275,0,162384.5405000472,2873455.5572177074,161.03817488704075,123729.9008451098,38654.63965493731,2876541.769887642,166.17016330374838,0.03623143,0.6411287906518113,-5975043.448,-0.180559747,0.008624623,17.695376347829587,0.015882308,2.151703411586473
geo-7b1bf00c-3584-4f94-961c-a4f07ed99da4,9.3619,30.8414,1.0437,241.0231,6.6635,-6.1134,-3.314,0.2761,0,70987.40582893156,1425144.6206614897,-27.20050929,31319.26557486578,39668.14025406643,1425593.4118627545,-26.33743119,0.015644079,0.314070857,-4207079.822,-0.131171566,0.008741949,20.07602058449439,0.003353833,0.8996125254949083
geo-7b5e0642-eb1a-4927-bc50-5b8a42c2ecb3,9.9769,36.4953,1.3116,245.9301,7.7243,-4.5037,-4.483,3.8089,0,375881.3132228468,3393767.660462556,-32.94764441,340027.92660351266,35853.386619333825,3409349.5128654176,-28.17932572,0.076930137,0.6945889591675731,-9825802.762,-0.258083832,0.007337932,9.028827826964935,0.015392539,2.121237309328051
geo-7b760630-15f8-4d82-99ad-d8eeb8bca13c,8.0365,37.2432,1.1989,244.7103,7.5092,-3.1862,-1.7695,1.5922,0,299699.17559407186,3313364.628523019,-58.92294114,262930.3234089923,36768.85219,3320045.080153872,-58.12804298,0.063234842,0.6991013213510914,-11297505.89,-0.289991659,0.00775798,11.055634777623858,0.019358131,1.8393835801796277
geo-7b87c234-a552-410b-807a-f50b9ffb08da,9.0942,34.2201,1.3689,242.5457,5.2921,-6.9382,-7.0493,3.8164,0,106871.84947528718,2246186.897,-16.34320566,66930.54307932973,39941.30639595742,2246479.108609004,-16.27868919,0.021544499,0.4528130699717066,-5454445.897,-0.131035656,0.008051801,21.017572991679458,0.007176679,1.593174009007463
geo-7bba7648-8805-480d-b96e-02501a8f2513,10.1535,35.5594,1.2625,241.097,4.9489,-5.1123,-2.9383,2.1619,0,88957.04650705126,2140620.9291017693,81.05253833645334,48808.05700157167,40148.98950547903,2141550.549253743,83.48093752,0.018443719,0.4438210673532828,-7946210.256,-0.214976705,0.008325886,24.063534179185087,0.006175188,1.4119018928952765
geo-7bdaf90a-0a28-4294-9735-bca50a1211e5,9.4548,30.8181,1.255,242.1101,7.7258,-6.1839,-7.0595,1.7229,0,137803.29102210965,2314236.899352608,-634.8756477,99443.09396289205,38360.19705921726,2316355.961828243,-639.3211911,0.028634982,0.4808893290280283,-6902396.077,-0.184181002,0.007971056,16.793770904798695,0.007785528,0.6195145771779018
geo-7c7b8678-e3f7-4abe-8620-24b369c24be5,8.5271,29.5082,1.3354,242.2641,6.4407,-3.7786,-5.9442,3.661,0,332024.1114671833,3262402.3306292994,-119.9467382,296011.2299803757,36012.88148680753,3275203.3383152075,-113.4474556,0.067512363,0.6633629427363453,-9503747.694,-0.223048273,0.007324184,9.825799446350636,0.016426733,1.4103827705145453
geo-7cb5229d-c954-4ae5-afe2-52bf9d0e41c2,9.6036,34.7842,1.1635,250.4397,5.4148,-6.3523,-4.6821,0.3649,0,59045.06369904625,492749.157,2.475551239595042,18399.34905157827,40645.71464746787,492871.0424019382,3.271860476331952,0.012577756,0.1049652265095666,-1842116.652,-0.052245317,0.008660082,8.345306553,0.00036518,1.8377707802902925
geo-7ccc56c3-a126-4f25-8eb4-9a2ae40e7b09,9.8794,35.0259,1.3214,246.1142,3.3089,-5.2705,-6.0732,1.0933,0,62614.65131084393,160990.53587189392,19.900297377114256,22096.43373618343,40518.21757466081,161244.18721240218,17.789867987333878,0.012779109,0.032856776,311888.80095530103,0.007962118,0.008271087,2.571132035418937,3.478319281269235e-05,2.3135691920136354
geo-7cd6a4fa-e055-435d-8cee-9afa6588c9fb,9.9687,32.599,1.1822,249.4319,7.0156,-3.2663,-3.0751,1.5073,0,262489.5819604914,3207967.3221502374,428.48288953519847,224580.0857967255,37909.496163766285,3213100.440029927,430.4344042911947,0.055638753,0.6799786170445639,-9743249.354,-0.282097402,0.008035466,12.22131293055691,0.014763934595746157,1.537786120205432
geo-7ce9df04-8797-4972-825b-fb9dfb2adb2c,10.3491,36.6056,1.3144,241.5756,7.8009,-6.1108,-2.6217,1.776,0,153535.26612495974,2988838.4158830694,392.46817717851513,114476.80376549484,39058.462359465055,2991517.4826779016,394.0676757914853,0.031400055,0.6112582081856318,-12259290.28,-0.32726382,0.007987946,19.466787607288207,0.011492035316000638,2.6719615746176557
geo-7d1ccd9d-5546-4921-a097-fdd9c0a2e295,7.5468,25.4082,1.1326,246.7264,3.9651,-6.2644,-1.8176,2.6255,0,89110.04788,1578918.7039546503,37.98612453013166,49873.01452735957,39237.03335396596,1580008.6289335685,38.33240757854912,0.01915006,0.3393151417398401,-4244687.866,-0.111041714,0.008432131,17.718750483193798,0.004856169,0.9429174881006286
geo-7d3b6c7d-9869-49db-b17b-5ccd551e9189,7.7164,32.0419,1.0391,257.4946,3.6707,-4.7755,-4.4565,2.5558,0,77657.78874109498,1537101.1030639666,91.89056395864397,37392.35513,40265.43361450549,1537670.5543630186,92.24588104671056,0.017133126,0.3391204861475068,-3387363.98,-0.094674581,0.008885291,19.793263856489013,0.004743987,1.3534502854303485
geo-7d486082-35fc-46cf-aa4f-8f16061671ba,10.3318,27.9364,1.2677,240.8288,7.4615,-5.0282,-6.4872,3.8063,0,351023.0248773391,3257663.606180565,-130.2557082,314746.295,36276.72989027673,3271671.5146707306,-132.7295259,0.072676701,0.6744749726264131,-7662654.265,-0.208298355,0.007512343,9.280484114450665,0.014015410261622945,1.664622551978094
geo-7d69da6d-00d7-4716-bbb2-5d67c998de17,8.8887,26.0735,1.1182,253.2452,6.927,-5.5808,-4.5153,1.9732,0,176703.8261911609,2380741.158234873,-45.9374009,138439.44163004047,38264.38456111969,2384203.4104674016,-43.5817045,0.038119797,0.5135902857126715,-5908514.876,-0.166872147,0.00825633,13.473059466518569,0.009445946,0.5909109436451123
geo-7d6c5b49-e268-44d2-8e42-f1ed5238c1c4,10.1885,27.13,1.0576,244.1228,7.1301,-3.6118,-3.8766,2.8001,0,363911.3707786392,3214250.5645313296,219.80830319859197,327538.64777922025,36372.722999419406,3226512.8348385706,217.97315486424185,0.079879967,0.7055405504137294,-5402314.837,-0.173864772,0.007983913,8.832509293826103,0.015551913664555328,2.316828709188962
geo-7d75e5ad-f4ff-4627-b9df-ae554c5edf57,9.3709,31.9576,1.1211,244.1625,8.5939,-4.6062,-3.36,1.7599,0,297445.6522093072,3159024.9840015084,63.55082364614012,260912.3289840032,36533.32322530408,3165744.009618692,67.18813541461957,0.064128191,0.6810741957379587,-8279529.6,-0.243477288,0.007876409,10.62051154736182,0.015756424628951736,1.3083119203610551
geo-7d9fff08-0f0e-4f53-bc6e-8f5162b0f558,8.1761,36.2618,1.2325,254.4368,3.3423,-3.9762,-4.0135,2.4555,0,80310.63766,1689864.687943406,-30.95130743,39597.30067926541,40713.336978996565,1690494.4933970876,-31.7484773,0.016790312,0.3532951055039532,-6084298.804,-0.153565208,0.008511774,21.041604664305176,0.004859361,0.9055370283739708
geo-7dad56f1-3194-4caa-a4bd-ac1e6b71ebcf,9.3546,36.1747,1.1907,246.1206,7.8675,-5.7673,-4.624,0.8833,0,104725.16644290024,2342444.400095595,-155.6201597,64829.30328841239,39895.86315448773,2343726.814065556,-154.5924423,0.022141658,0.4952544303464395,-8531701.143,-0.233929941,0.008436739,22.367540483908247,0.008346063,1.4683887300332819
geo-7dd7fc81-40d1-40c9-9994-d7f7895a7ba1,9.4916,36.33,1.0734,244.6501,7.4564,-5.5237,-4.187,0.8072,0,94099.75252591923,2178418.1707511675,2.7332460236308407,54328.65171942044,39771.10080649789,2179548.475831492,1.9699725383718487,0.020562532,0.4760245593876621,-6462780.459,-0.198351704,0.008690673,23.15009457810372,0.007599227,1.1581668711919113
geo-7e119b74-9b75-42e7-b2b5-e83fecfd9d7f,10.8057,29.2908,1.0727,251.7338,5.9625,-3.2594,-3.8844,1.9476,0,225759.4144960513,2865670.9349099337,17.856992410724274,187512.2954270024,38247.119069048575,2870382.117513486,23.431854211006595,0.049342411,0.6263265452264015,-6465534.465,-0.211840703,0.00835932,12.69347256816202,0.011555769177616474,0.8383568146456749
geo-7e3cde32-8eb6-4195-81e7-5d2605857a94,10.514,37.4125,1.2014,251.8269,6.2994,-3.6289,-6.8453,3.5465,0,258777.8690431231,3177895.435618985,-304.6116831,220704.8559863377,38073.01305678577,3185960.579272882,-309.8568908,0.054563252,0.6700584895619499,-7692632.674,-0.225426326,0.008027643,12.280398812192896,0.013592757928156042,1.0362095178775004
geo-7e91480b-5059-413e-8cbb-f6f5f9f47572,8.4219,28.592,1.3246,249.4379,6.8348,-6.0475,-6.7569,1.5651,0,115831.49853809264,1975032.709483571,1463.856522587233,76922.63116098823,38908.867377104325,1976725.069182525,1468.6436111413186,0.023625037,0.4028284394649272,-6302455.906,-0.150615768,0.007935826,17.050912182009508,0.006133104,0.5957469193461018
geo-7e97affe-4203-47e7-a3f4-74e5f9a2de9e,10.9372,25.758,1.0299,255.1914,3.4407,-5.1914,-2.1941,0.7946,0,68648.65487909612,449743.2468732309,104.14960469242084,28110.042909898217,40538.61196919796,450051.0418945936,106.68772236938204,0.015188734,0.09950713,-1829820.149,-0.062316742,0.00896925,6.551377411040603,0.000288172,2.045258370008217
geo-7eac5e2d-da57-4ab0-bf4a-95ce9712a65e,8.2986,31.0119,1.1929,254.8615,5.8595,-5.5164,-4.0622,3.0452,0,163109.09906920104,2662482.1733783144,1638.315023981305,124367.00798975617,38742.09108,2665743.939612732,1640.8330259071754,0.03447185,0.5626950657980895,-7731477.003,-0.202587236,0.008187799,16.323320946360745,0.012144831939210203,0.8876244627124247
geo-7eca43a0-3c0f-49ee-b8da-e902240fdfd7,8.9773,31.9712,1.039,240.7749,7.3758,-6.5282,-3.9531,3.68,0,223169.41647793213,2900768.017119273,-50.93350518,186354.90774680543,36814.50873112684,2906917.086,-47.64285395,0.049248012,0.6401282899667764,-5273046.84,-0.161572244,0.008124016,12.99805350974744,0.014529090556689741,1.9372192320448431
geo-7eca8a9e-9794-4f01-9075-0ae2b1e15f84,9.2453,35.038,1.3242,256.7712,8.1785,-6.2864,-6.1809,3.1558,0,225422.5921685593,3100585.0155083938,31.023318176083023,187243.2749880884,38179.31718047127,3106642.5731607764,28.53239355939759,0.045972633,0.6323326122953118,-10607702.28,-0.261416347,0.007787854,13.754544234811856,0.013766397,1.196934841280297
geo-7ee9bbc6-d38c-4a7a-8bc8-323da8e1582d,9.708,37.073,1.0801,255.4532,7.9062,-5.9192,-2.8602,3.1003,0,235418.23404776325,3168941.253146554,327.1681936306362,197849.8135197723,37568.420527990806,3175427.5457790582,330.5637986341227,0.051345478,0.6911563302018525,-7343222.299,-0.226767422,0.008193751,13.460899772545337,0.015662927571726874,1.2723221813639234
geo-7ef70f8f-6b03-43df-9dc9-e834fe324cc4,8.0226,36.793,1.0113,253.7625,3.894,-5.2296,-4.7111,2.9463,0,74100.62667710475,1494553.5476639585,-127.9320346,33898.486687652934,40202.139989452495,1494795.9427720837,-129.7686548,0.016483206,0.3324537780746967,-2446291.66,-0.072370406,0.008942659,20.169243023767173,0.004385282,1.804978943351471
geo-7f1c8d70-c591-42ec-9a6e-f81548e65410,8.785,29.6258,1.2036,244.3907,5.7822,-4.2732,-2.3416,3.5644,0,298403.94,3126036.1838100487,162.4856282041981,261769.2332899838,36634.70669,3136655.982,166.98851263622464,0.062880471,0.6587266489044293,-8319796.73,-0.222486877,0.007719722,10.47585425319888,0.015722399523823986,1.187711121217987
geo-7f2a4c09-4f3c-4c72-9d56-eda113957020,9.8838,30.627,1.3811,246.7033,7.0552,-4.3436,-5.8209,0.3229,0,125266.77997198464,2389941.468644734,1026.061361655375,85456.87364443262,39809.90632755098,2390678.4547955845,1024.2437417219749,0.025172266,0.4802569488356754,-9231671.599,-0.229111643,0.007999729,19.078812987603403,0.007428027,1.349003257012626
geo-7f60de05-1b00-41e1-8b36-69937844e7e1,10.2482,28.163,1.051,250.1022,7.8722,-3.4997,-7.0164,2.3531,0,333819.5426443759,3133658.6716124997,28.797043844988337,296755.3597873247,37064.18285705196,3143210.356629245,32.943319484792866,0.073412989,0.6891485379462314,-5022978.685,-0.162946918,0.008151045,9.387283460965152,0.014751229274743474,2.2296912734686067
geo-7f61a894-3013-4145-b8cc-fabce434cc8e,8.3761,37.1617,1.0647,245.7307,3.6372,-5.0253,-6.0599,3.4327,0,78054.76566084231,1646115.001926208,28.24145162207912,38254.31733834622,39800.44832249579,1645998.3491791226,28.495015094791405,0.017095133,0.3605232193603259,-2830910.975,-0.080842304,0.008718639,21.089231233859373,0.004939406,1.8787362009863733
geo-7f6ad3e1-7a39-41dc-9ef1-a1d6e4163b5c,10.4404,33.6805,1.3007,251.1256,3.7231,-6.3957,-6.3626,0.2505,0,113761.90369273984,-742548.7968,-99.61635882,74247.71623719497,39514.18745554517,-742552.9369,-97.49083128,0.023346098,-0.152385079,3780971.935943957,0.1007815802237281,0.008110697,-6.527218451,0.000707975,4.082798895447707
geo-7fabf214-b784-464f-85fc-c224b5ec60d1,7.805,30.3017,1.3875,248.1005,8.3569,-3.3279,-1.9899,1.6927,0,407493.9502,3498073.063242488,-668.5875785,371902.4033750797,35591.546847073725,3508298.0013559298,-675.3985402,0.081731961,0.7016162381977756,-12417471.32,-0.26817537,0.007140117,8.584355820093617,0.020075967477627413,2.5159079827802744
geo-7ff5918e-3aa6-4b3a-97fc-9406b761b70f,7.8563,37.1805,1.3815,241.0182,5.7899,-6.6793,-5.6267,3.1154,0,96411.91519647592,2096937.8898622731,-97.86121195,56644.78857,39767.12662177318,2097765.519602368,-99.08164939,0.019371877,0.4213340616803301,-7059353.595,-0.156152654,0.007990297,21.749779429119037,0.007192588,0.9913223756892322
geo-80251c2d-30f5-4f07-bdba-039c23b15cbe,10.5606,35.4192,1.0546,247.8511,4.8148,-4.7039,-6.2023,2.7345,0,95542.88428605496,2113869.1053228755,-231.1771462,55511.21925480679,40031.66503124928,2114536.112578421,-232.1315585,0.020990009,0.4644001786144451,-3402651.973,-0.111745834,0.008794591,22.12481988,0.006500493,2.1971252924260884
geo-80277d93-0861-450c-841b-cce153f55014,10.0672,34.755,1.3829,255.9939,6.3963,-4.8829,-2.9593,1.4018,0,125839.77193639884,2671681.4623383028,32.88782775604315,85161.09099456808,40678.68094183094,2673513.7633998566,30.987431098879355,0.02527552,0.5366199971967356,-11617639.19,-0.290599307,0.008170465,21.230819328635057,0.009104899,2.337703374912087
geo-80383dd5-5a49-440e-afa6-f55c1b8ecf9a,9.3029,29.9761,1.1314,246.5126,4.3288,-6.8047,-4.2244,3.5569,0,88421.55057980481,1891033.546883236,-116.8047978,48586.88229684299,39834.66828296244,1890999.9813213064,-115.1149524,0.019004537,0.4064418252039837,-3523946.007,-0.100799686,0.008563436,21.38656848339813,0.005652344,1.8440782686037205
geo-804f7465-c8d7-489e-bffc-ee4e36049d7e,10.4648,33.1352,1.353,248.8916,4.6434,-3.1559,-2.4661,0.1514,0,80249.29764962305,1767844.1261818449,-95.3870084,39072.59447350938,41176.70317611348,1768256.0573327765,-96.88531029,0.016241952,0.3578005102865118,-8920008.538,-0.228881977,0.008335588,22.02940309708944,0.003894046,2.324415355263558
geo-807e9271-88b0-4a4d-b3a3-2940586869fa,9.9486,32.3728,1.3815,246.5395,5.6404,-4.4777,-2.0557,1.586,0,141157.62071225818,2718377.8629578324,59.044943247854064,101505.28380900231,39652.33690325441,2720602.0125551126,59.10009939,0.028356679,0.5460857689671249,-11404287.04,-0.279311944,0.007967233,19.257747822904413,0.009541351,2.0136460496868707
geo-808b12e9-08c8-4a84-b2b5-ac513250870e,7.5032,25.3478,1.1768,251.588,4.7674,-3.8775,-4.4468,0.4461,0,88574.41250931394,1478763.7652725612,-68.9171741,48928.911311378775,39645.50119793446,1479408.2481021264,-72.31580775,0.018798816,0.3138491964978171,-5577639.734,-0.138419223,0.008415963,16.695157476963995,0.004178743,0.8792820727900545
geo-80973778-02ee-434f-a117-0a262ecb8728,8.6879,32.9058,1.1385,241.9162,4.7781,-4.2945,-4.7976,2.4975,0,110404.95308121936,2362802.5446979166,-217.1610661,71319.54514414375,39085.40793707487,2364157.814003639,-216.6444942,0.02368245,0.5068337120702993,-6666497.99,-0.18328568,0.008385721,21.40123679921972,0.009411662,1.2321623802664332
geo-809d0c51-4dd1-4b74-a4bf-f96730c32220,10.1738,32.2005,1.3102,247.8388,4.6895,-4.5562,-6.196,1.1202,0,72513.36366939997,1370551.936460455,129.78177140946596,31573.845574998297,40939.51809440062,1371190.7656669358,130.23392191699782,0.014846554,0.2806099768967154,-4339236.928,-0.115214419,0.008382008,18.90068074498703,0.002463617,0.9641481290225785
geo-80a5d11d-ba59-4c7f-8cf3-bf0bf4bb5657,10.2952,35.4632,1.3565,254.3467,5.409,-4.6312,-2.6485,0.2302,0,71823.90525479478,1451154.4045454452,-19.69284616,30107.67264,41716.23261133965,1451567.9242574892,-18.03485622,0.014526334,0.2934949570111932,-7512189.129,-0.193804195,0.008437034,20.204337252304743,0.002663279,2.139142873853146
geo-80a77257-09fa-4825-b51c-ead646c660c4,9.5375,37.4826,1.2723,248.9579,5.0692,-5.3908,-5.8022,0.1041,0,59613.61822204635,468268.8097690764,25.63404717203227,18766.79733399056,40846.82088805501,468261.3558534744,25.114318389176116,0.012327286,0.096831624,-1903843.372,-0.049551822,0.008448273,7.855064391912857,0.000312932,1.8862801282877544
geo-80bcdc39-e42b-4b5c-90ce-fccd148691ed,10.7758,25.2366,1.1339,246.9359,7.453,-4.1597,-3.6634,1.0585,0,244261.5678011117,2730080.4613710656,99.08005604333364,206406.0361825078,37855.53161860392,2733398.8861556933,96.36082528459052,0.052462732,0.58636928,-6994616.524,-0.214922988,0.008132289,11.17687275,0.010156475459946305,0.8108554248446092
geo-80dc2cea-6b15-4cb0-a9f5-c25bb9853299,10.2053,36.4823,1.1853,246.916,4.5201,-3.6214,-6.9297,0.8107,0,68190.00742965729,1230607.4977912267,25.675631515204323,27391.66883539052,40798.33859426658,1231062.9152801386,26.091719660432325,0.014441594,0.2606237323282682,-3796958.124,-0.110969108,0.008640415,18.046742391994826,0.002118616,1.0343465262216962
geo-810d7305-8c00-41bd-b134-f004cea645f4,10.4238,27.6229,1.0125,252.0742,4.2959,-4.0924,-2.1241,1.6183,0,109175.10233251032,2082177.56,-148.5988747,69339.95009243935,39835.15224007054,2083464.1092944336,-150.0895636,0.02427687,0.4630062333819085,-4599852.859,-0.154972769,0.008857951,19.07190848335552,0.006546328,1.068896724969632
geo-812482e0-3d40-4b56-9cef-365d83aca97a,10.163,31.3302,1.1713,245.8345,4.3358,-6.8621,-5.8474,1.4684,0,66350.37015706928,243679.5304,118.07280236648002,26268.38042832172,40081.98972874724,244273.6022120804,121.87364400512018,0.014106374,0.051807314,605493.3337702587,0.017848153,0.008521558,3.6726174978965944,8.406405977299806e-05,2.3317748101421154
geo-81407881-2d0c-4064-b175-d1a35815397c,10.4452,25.973,1.3743,253.3128,5.0432,-5.5841,-3.8158,2.0867,0,124563.04209978502,1921745.8471903107,261.6861851502575,85095.60326324114,39467.43883654405,1923676.1338446003,264.44652496034865,0.025070211,0.3867806393119814,-6123575.626,-0.154502368,0.007945027,15.427897511132054,0.004558929,0.5119688029199295
geo-81826ced-fad2-461e-b2be-573465bcad22,8.1081,28.5328,1.2903,244.3387,7.4585,-4.9036,-2.6643,2.3149,0,282630.3926022319,3046171.923646393,195.1773401004529,246098.6702419528,36531.72236027901,3054136.984617629,203.4112413806849,0.058174609,0.6270021387548476,-9726434.561,-0.234027557,0.007519388,10.777934728108013,0.015433665217950672,1.1332493843957159
geo-8197703c-9db8-4c68-b9c1-3692af2329f6,8.8802,31.3547,1.3766,253.9184,4.6637,-6.9146,-6.8142,3.7257,0,95491.73044,1914473.504320714,-21.69572613,54734.52163477611,40757.20880056324,1914706.8931791391,-24.44713807,0.019211582,0.3851649105399593,-4203991.371,-0.09922816,0.008199729,20.048579029752496,0.005317663,1.6185420325893474
geo-81d9a31f-d75d-4744-a786-0f9468152369,9.3225,29.6831,1.2784,243.6724,4.0507,-6.6252,-2.2533,2.7313,0,75186.35333035386,1533580.4344304942,84.86713608593246,35024.96662778454,40161.38670256983,1533975.7236291354,85.61649294059315,0.015522051,0.31660418,-4579292.735,-0.11729453,0.008292901,20.39705832908601,0.00342256,0.9414785701660429
geo-81e28b35-e7d7-4cba-baaf-8d4c9e1fce4f,10.1905,25.6597,1.0504,240.0371,8.8859,-5.8871,-5.9488,3.5058,0,380132.6042854441,3199235.294563974,-130.9647798,344303.9165106555,35828.68777478848,3214370.7407101667,-130.5635806,0.08361242,0.703690768,-4074463.057,-0.131864441,0.007880691,8.416103377,0.015467436450633974,3.061572777007533
geo-8253f98c-c04c-4b1c-87b4-f14d5d9df87f,9.997,29.4052,1.0655,257.3783,3.2738,-6.2651,-2.2213,2.5751,0,65440.85885902186,1026958.8091037634,64.61450125,24509.31485051831,40931.54401,1027264.8829270812,64.04189669667242,0.014329238,0.2248677303216028,-2085829.322,-0.065033983,0.008964373,15.692929876059646,0.001610033,1.3130046476830055
geo-8280e7dd-5ffc-44cf-8e67-8db06478c6b3,7.8816,30.4808,1.2954,245.9504,4.7275,-6.0824,-2.6327,3.037,0,112682.48097658658,2280342.028104487,27.531543654042068,73187.51607326038,39494.964903324966,2281779.24,33.46642017557858,0.023157338,0.4686323053587086,-7383097.204,-0.171671013,0.008118235,20.236881619409203,0.008869521,0.9928762309258611
geo-829a4c9f-00e7-42f1-8649-e6e1797371e3,9.1964,32.316,1.3496,253.5917,4.0553,-4.0721,-3.2754,0.0111,0,62584.81711,784339.0293710378,37.46092812816826,21454.365081955675,41130.45202598193,784376.1491846831,37.13680138207047,0.012680746,0.1589203971581387,-4647797.942,-0.113913851,0.008333684,12.532417056014282,0.000874161,1.9932633271370743
geo-82c4bf59-4e39-47a7-bdde-2e1ac47343a5,8.0994,26.0128,1.3193,243.8815,8.9321,-4.2925,-1.524,0.1602,0,291293.33082372823,2980729.6588709545,574.6112548783512,254585.81729777332,36707.51352595439,2981916.7297736984,577.9637286835971,0.059483606,0.60868043,-10597084.31,-0.245335852,0.007497378,10.232742543201923,0.014560488899824347,1.5272580699930358
geo-830a412b-dea9-4b3f-8d3a-6ac2073a0a86,7.9072,36.8176,1.1874,250.6865,5.8716,-4.7102,-6.5204,0.8628,0,75526.79492481737,1468569.9037471083,9.622231272839189,35210.193733454726,40316.60119136111,1469353.1183287336,8.775849300473823,0.015982857,0.3107763580777066,-5466149.818,-0.138139753,0.008533456,19.444356207740586,0.003887974,0.9429132633278493
geo-830c230f-d40c-4a5c-8839-a19620d79b18,8.8568,33.1589,1.3376,257.3519,3.9133,-3.7645,-2.7822,2.7541,0,134411.87533985334,2647648.250863266,209.13292032564863,94143.54720711014,40268.32813274336,2649704.5304128868,210.53232314354037,0.027314844,0.5380484377026692,-10209782.9,-0.243804809,0.008184881,19.698023289748978,0.010404376007835597,1.3846643775510112
geo-832f0119-ae13-4546-98b3-9ed47bb7368a,10.0591,29.676,1.0188,245.1844,3.1297,-6.8528,-3.6361,3.9964,0,74403.82865534289,1457715.6780573342,94.62996222801624,34501.35837973338,39902.470275609885,1457033.414394748,93.93242902900748,0.016514824,0.32355752,-710918.0132,-0.023416074,0.008856786,19.591944452345714,0.003312791,2.875781462286761
geo-8377d660-0f59-43a0-80e5-d6b8abd6a82b,10.9546,37.2304,1.3226,257.8127,3.0049,-4.0043,-1.9261,0.5161,0,59495.94951100729,557925.4177737978,74.06064005533403,17456.026692205447,42039.92281880126,557994.5352025509,75.45419882,0.012138742,0.1138314931854804,-4055327.275,-0.108917217,0.008578984,9.377536157660222,0.000376512,2.431742628679605
geo-838cd7b8-79aa-48b7-ade3-bb5ce044e138,10.1751,31.329,1.025,252.5782,6.8798,-5.3561,-6.5234,0.6048,0,85878.85164450205,1756999.0197847246,-404.4896847,45568.80294248313,40310.04870201981,1757659.7485861247,-405.4115187,0.019027794,0.3892904386084765,-3282966.033,-0.10824304,0.008931271,20.45904184953332,0.004740879,1.4785727709107594
geo-83bec991-38c2-45ea-bd49-66cf419cde59,10.8635,32.8526,1.3361,250.7515,4.8079,-6.47,-2.0104,2.0717,0,74718.61944924403,1621079.234765252,-287.4407361,33389.70755871876,41328.91189052608,1621687.6653155426,-291.8446532,0.015190153,0.3295623123614469,-5928685.763,-0.156970771,0.008403785,21.69578676258125,0.003182405,1.084638703048548
geo-83c6566e-5621-482e-9ed5-818eadf541a5,9.5539,29.7469,1.127,255.1688,7.1834,-6.2044,-5.5954,3.2047,0,205261.21880595095,2723329.0565736154,32.01743893546487,166928.16827325168,38333.05053270067,2728532.1116746124,34.618630106345364,0.04418049,0.5861702084042086,-6051951.12,-0.178894327,0.008250774,13.26762586920119,0.011447665215934953,1.039531327132785
geo-83cfadf7-56e4-45fc-9d18-a34418e20ada,10.3406,32.5607,1.1398,243.3165,6.4465,-5.0748,-6.4543,3.9282,0,240113.8963,2999540.8426343733,-317.121957,202811.1461544776,37302.75015617765,3006518.6843296546,-320.448654,0.051497702,0.6433174501440087,-6495982.541,-0.197831925,0.008000352,12.492158466137274,0.012739578295268516,1.1590431744021743
geo-8403d6bc-6c4d-48e7-a812-faf2db469180,10.19,29.3687,1.3023,252.6601,8.4339,-6.2711,-6.3703,2.6784,0,252564.4587100308,2939699.347169495,275.98084400864207,214690.4427988732,37874.01591,2946756.667320796,272.6190905072888,0.051808886,0.6030244705699281,-8479498.407,-0.22302507,0.007770716,11.639402322020963,0.011359149499563207,0.8113034514106527
geo-842aede5-8f9e-49d0-9d46-841a3e8808f5,7.9853,30.9437,1.2691,247.3159,6.5686,-3.6848,-4.7229,2.6196,0,268448.5378691898,3103318.6641656677,391.2785527991007,231478.7410970028,36969.79677218727,3111149.9702432435,391.70077351012833,0.055559324,0.6422768728027096,-9926523.596,-0.236975008,0.007652981,11.560199540657829,0.016443848194061344,0.9962197349393327
geo-8432e0e6-4b36-47be-8f5f-a30a1a7b33b1,9.3854,29.9492,1.2101,257.7486,8.6136,-5.2579,-6.2543,0.8431,0,182500.4855,2678117.9667291543,-783.2755375,143543.23944138514,38957.246027335954,2680121.533301288,-783.6417966,0.038388615,0.5633368057530983,-8514207.396,-0.234180315,0.008194536,14.674579959888217,0.010763006297751407,0.9198348425827839
geo-8445be66-2b46-4fcd-9228-30e5d509c528,7.8778,29.7397,1.102,252.2921,4.7845,-6.3149,-6.4692,3.3069,0,92636.44486101788,1856398.458584372,39.76744172,52890.50627280565,39745.93858821222,1857002.5331004711,36.62478141705554,0.020079595,0.4023873071591331,-3236676.871,-0.088548861,0.008615164,20.03961250207232,0.006542349,2.016826011992346
geo-84675abe-7ad8-4c46-8778-2e26ba95a6a2,9.9177,28.3378,1.2209,252.2071,8.8009,-4.3218,-2.3366,3.0036,0,497956.0582,3599516.5242594224,237.95043216578443,462447.3491004757,35508.70906402511,3619237.427101192,235.73526332056613,0.1044139333163555,0.7547647471556278,-8753588.035,-0.2415356,0.007447148,7.228582653512592,0.018283628,3.4440427461868985
geo-846acfdc-7eed-4648-ac2f-71aa54bee65b,10.084,36.6974,1.3605,242.7365,4.9178,-5.9066,-4.9899,3.4253,0,103563.87030485022,2400702.9363065027,123.53935613484136,63305.93943136324,40257.930873487465,2400989.2503058747,124.3259023,0.020923709,0.4850302502085997,-7543030.914,-0.192018589,0.008133539,23.180892421650395,0.007426,1.1841390738675412
geo-84f43082-ee90-4034-a26b-8801975614f2,9.2109,32.8439,1.3713,256.7215,3.6322,-6.1973,-3.8598,0.2539,0,79078.44116214303,-452232.2331,42.20144940102193,38640.38498315858,40438.05617898458,-452334.2043,43.99711618926624,0.01593155,-0.091109034,1179188.6008264783,0.028458564,0.008146816,-5.718780321,0.000286861,3.3421399288534457
geo-851e88a2-1bfb-4fed-a1e4-d886c3e96d66,10.2298,33.9324,1.1182,257.1328,3.4603,-6.5518,-5.5958,1.4481,0,69410.06832053712,-145481.1765,-101.135679,28783.221234844583,40626.84708569198,-144881.0099,-100.0745839,0.014976732,-0.031390728,1881728.9427199457,0.057944467,0.00876608,-2.095966479,3.066096165622496e-05,2.936538560314887
geo-858e4d2f-9ba4-4995-8ed7-7aa0e4172921,8.3828,29.9609,1.3462,247.993,6.3965,-6.4199,-2.2276,1.703,0,118696.29657404344,2344593.0723644784,75.94362645591484,78827.21514,39869.081437725385,2346629.1221258547,77.20933205828347,0.024066461,0.4753817808036946,-8729570.674,-0.201501271,0.008085353,19.75287468975012,0.008581162,0.967434927
geo-85ce70a6-4f12-418f-b205-bf3c95d0dd77,8.5638,27.8881,1.1681,257.2177,3.3886,-3.1624,-6.737,1.0367,0,72168.15177372635,1124023.925482027,14.42674636460076,31632.98342407264,40535.16834965258,1124555.2875781849,12.243328150902784,0.015353663,0.2391343618220634,-3512578.298,-0.093746183,0.008625536,15.575068750634767,0.002125532,1.0882812820444652
geo-85e4d90e-bf95-43cf-a429-ab33b0af00da,9.9083,26.4169,1.1967,256.6426,5.2734,-3.6758,-5.4774,2.2288,0,188512.91128478365,2499147.013735814,-107.3325385,149579.3422879248,38933.569,2503132.034189971,-103.9279473,0.039790944,0.5275151573876687,-6521025.332,-0.183178713,0.008219682,13.257166295418322,0.008939657,0.3884518020967798
geo-86035ffd-dc38-4bfd-b406-a880df9998fa,10.5847,27.1562,1.0574,240.2387,4.2623,-4.4063,-2.679,0.3992,0,66990.33529083332,1083208.5508505637,38.25522494797939,27267.580773265403,39722.75451756797,1083455.930463435,36.81556833421743,0.014702434,0.2377328271275478,-3703919.761,-0.119566252,0.008719752,16.169624262184975,0.001699612,1.274721253624935
geo-864db9e0-b108-46f2-baff-2f0798edd066,7.9973,34.4044,1.1139,242.7842,7.831,-5.0945,-6.4781,1.9694,0,168657.2985,2881038.925745089,-495.3540787,130611.53338524018,38045.76512737175,2884312.272621056,-498.1238626,0.036427892,0.6222687925623764,-8125201.566,-0.218380914,0.008219074,17.08220724008362,0.015412134196601722,1.2865458369026432
geo-8666296a-37e3-4234-845c-7aec5063fff7,7.9784,32.7515,1.2022,245.9266,3.8103,-3.1411,-5.225,2.5296,0,114875.2065039624,2413418.982861096,135.62802028385573,75495.87342372697,39379.33308023503,2415064.6871320494,134.98023506879446,0.024211082,0.5086518402178746,-7698736.493,-0.193252188,0.008301258,21.009050223364515,0.010322278,1.132655153652416
geo-869fb3f6-7fe3-4e01-b8bd-0300066eb98e,8.9456,33.156,1.3514,246.0043,3.9781,-3.9783,-4.9918,3.4793,0,144908.36447954495,2756097.6399758216,220.9755085835684,105699.28089833766,39209.08358120621,2757960.2776081325,223.2229316176274,0.029346976,0.5581674455652977,-9127668.723,-0.220343461,0.007940618,19.019589723993327,0.011085866868235145,1.1232204237880472
geo-86a204c5-a591-4c57-a886-0f5387c527b8,9.5522,36.5538,1.0008,249.9114,5.4712,-3.107,-6.0891,1.4596,0,101508.27236169032,2253410.179810426,84.46569772218103,61659.81591340875,39848.45644828235,2254697.910760012,85.89736544792274,0.022648645,0.5027835352439667,-4420367.381,-0.143838919,0.008890988,22.19927624993138,0.008423815,1.8969726375655465
geo-86bc11d0-a09c-4ac1-89e9-22bd93766f03,9.4139,27.3591,1.1905,253.5527,6.0767,-4.1913,-4.2079,2.2988,0,219315.1056403566,2732210.048820898,119.4690288584819,181024.49476521552,38290.61087514115,2737443.1754164337,120.61030465157268,0.046381146,0.5778126105710566,-7370107.341,-0.206061625,0.008097723,12.457920036302964,0.011288976748403663,0.5574779758213199
geo-86eff87d-5998-47c1-a253-1ce53b444258,10.3733,34.8263,1.0172,253.2873,5.7336,-3.0895,-3.4836,1.4172,0,144136.3767416915,2769155.640672324,3.432928082873474,104481.25668627932,39655.12005541331,2771247.422884464,6.959588722270553,0.032007583,0.614931358,-6979932.517,-0.233751224,0.008805951,19.212052524637446,0.011603432204241005,1.3929550691148778
geo-8723e277-abd3-4cdb-b1a5-e343955e8d24,8.5833,37.4666,1.397,251.3715,7.1752,-3.2102,-5.485,0.8765,0,165217.6861425649,3005911.638442348,163.54680293846224,125538.20528234322,39679.48086022227,3008133.0474271304,167.8938306309572,0.033056157,0.6014119237058759,-13993817.22,-0.314696807,0.00794053,18.19364323894823,0.013413431747107985,2.448363635475098
geo-874804d4-c368-4b8e-aa81-511b7630dfcf,8.4772,36.4583,1.2194,246.342,7.9529,-4.3642,-1.7756,1.3684,0,242648.72184952945,3210528.652,-139.3644738,205110.06042673904,37538.66142279059,3215097.107005556,-141.2025027,0.050900628,0.6734753098881935,-12060201.38,-0.308009401,0.007876107,13.231178914874596,0.017031036,1.9991880712315226
geo-874af97e-91b9-47f7-86c7-b0882a59e67a,8.7605,33.8465,1.3684,254.94,5.2955,-6.3147,-2.4822,0.0245,0,59807.10078337892,512121.0311114495,20.99802306466165,18771.68618252982,41035.41460084915,512165.04032138793,21.457331130375792,0.012055709,0.1032315936524314,-3627890.474,-0.084198095,0.008273448,8.562880066137208,0.00038721,2.1560355410696035
geo-879a63a9-dc3e-42d7-afe7-0b156c37f4a9,9.2751,30.4403,1.1058,254.6327,4.3763,-3.34,-6.6352,0.2195,0,67346.82169577685,1018155.415896472,-128.7655327,26688.36336296724,40658.458332809874,1018331.0734192115,-128.6350905,0.014579254,0.2204105013794113,-3396453.278,-0.09891763,0.008803529,15.118091548488323,0.001667232,1.2143779212963985
geo-87d63f0e-a667-49dd-ae8b-f32744663927,10.7291,36.2441,1.0752,240.7915,4.9217,-5.8713,-3.5241,1.4425,0,62946.88505222455,1158929.6219190406,36.614568617898136,22725.98804,40220.897007476415,1159384.8579531035,39.37619448022063,0.013748024,0.2531180442365067,-2951638.833,-0.096182458,0.008784469,18.411230690089255,0.001900785,1.070747756
geo-88235742-32de-47ed-8be5-477e27a1e6eb,8.3529,25.4443,1.3566,254.8148,7.2901,-5.5255,-4.4609,3.4598,0,310732.1479543138,3037445.725403764,26.78102759913752,274181.3803349162,36550.767619397695,3049122.209,25.19567726339349,0.062830688,0.6141778579785472,-8382441.227,-0.191646538,0.007392134,9.775125443,0.014374778323116387,1.2396560604026436
geo-8840afef-4695-4020-9670-cdae65a8bfd6,10.4439,31.2482,1.0031,243.1714,4.8431,-6.6762,-3.1383,3.9047,0,113950.87216507593,2125143.992032574,-108.978089,75011.91594046046,38938.95622461518,2125435.746983534,-110.4150115,0.025407898,0.4738484349270995,-2635315.486,-0.089509695,0.008682266,18.649650956194176,0.006843312,2.593475416702946
geo-88490aed-45dd-45b0-91ae-dd43319c92d0,10.0616,31.3748,1.1797,240.3144,5.9368,-5.336,-3.5857,0.4185,0,72417.01664825388,1516626.5685876089,216.38963643025403,32324.228537818923,40092.78811043389,1517143.1009674715,218.9164627554557,0.015357317,0.3216276429613915,-5544974.504,-0.159000632,0.008504106,20.942958420314874,0.003272577,1.1608707835456067
geo-88a8bb27-ef48-462e-b9c2-6af1683482e4,7.6509,28.9576,1.2488,241.3779,4.5853,-3.3037,-5.6689,1.9372,0,130664.08322554834,2333374.334931546,-67.71879176,92215.24197726212,38448.84124828687,2335573.9748045746,-69.15827395,0.027197045,0.4856796471534139,-7385284.273,-0.178105497,0.008002883,17.857809715801924,0.009813805,0.7953872421510735
geo-88b5af75-34b1-4b41-8d0c-ec8933cfc13f,8.0011,31.8226,1.0784,253.954,4.9602,-6.4731,-2.4251,2.7177,0,87458.88148168787,1853303.374721286,235.97096671662624,47430.08837527797,40028.79311,1854067.5749910327,235.33742129481925,0.019084266,0.4044064307409176,-4689150.663,-0.13163181,0.008734574,21.190567994050102,0.006506337,1.1823190713646015
geo-88c52627-b6b8-4ad8-a8cf-911316a7fe5f,9.1825,26.8059,1.0593,257.5702,7.5453,-6.7467,-2.0332,2.3978,0,203852.80325857425,2574481.5263174837,23.356814424171247,165540.29069095236,38312.512567621576,2579255.783750524,24.518791138559408,0.044715521,0.5647176791295996,-5707411.484,-0.171355704,0.008405623,12.629120057043936,0.011054827,0.9137804598108288
geo-88ca81cf-be99-4895-8e6d-893b97203e5a,10.2512,28.8561,1.2596,244.3397,7.3579,-6.3526,-2.7207,0.4368,0,103620.9490400409,2068634.5995619665,87.22826243455458,63916.96391765712,39703.98512238302,2069353.1365649677,86.90132547076772,0.021505296,0.4293205231127412,-7560133.892,-0.209327553,0.008240047,19.963478608583518,0.005723197,1.289762719025952
geo-88d80b25-dde4-4997-bd77-9a4b7529162a,9.8728,30.8397,1.2837,250.739,7.0718,-6.2974,-4.7574,1.1509,0,101680.59336188638,2099333.1025660373,570.9834724375635,61558.70168839464,40121.89167349192,2100510.897027045,573.2087392437402,0.020966239,0.4328763072271396,-7030864.149,-0.187603952,0.008272972,20.646349840764767,0.006041398,0.9530597369676357
geo-88e212d2-c1d3-4659-be27-832376884838,9.6349,34.5951,1.2407,251.7382,3.1007,-6.9316,-5.4865,2.3367,0,65034.83522965355,106706.37304095217,59.62304291244703,24400.86018370508,40633.97505,107569.21218219356,61.675063320833786,0.013566402,0.022259172,1598432.3017585587,0.043524328,0.008476287,1.6407571828873802,1.6368953220310166e-05,2.6379192314868383
geo-88f0dae5-4f89-44a5-a6ce-6d914b4e40e9,10.7487,34.9056,1.218,248.6458,8.4135,-5.6084,-5.6916,3.2618,0,293654.69941357215,3207938.722923272,246.13251743438275,256627.26270287947,37027.436710693066,3217564.311222634,250.39755737171677,0.061623732,0.673189147,-8944528.326,-0.25750124,0.007771814,10.924186567861877,0.013420490769409899,1.3794963293977776
geo-8901d917-8e04-401f-92b1-e6e4be8bb898,9.2337,26.9403,1.357,253.0754,7.3167,-6.7388,-6.0574,0.9503,0,106252.24255117313,1933701.2555263091,8.085496573,65649.62165690605,40602.62089426776,1935094.3096193268,12.243189599262848,0.021486616,0.3910382988864271,-6092572.104,-0.148800881,0.008210729,18.199157110448823,0.005271242,0.6865930266888307
geo-8911338a-3e79-4e62-9622-51f079e4dd74,9.2981,34.5522,1.214,255.6603,4.7958,-3.6773,-4.0753,3.3348,0,193868.2347165727,3095608.4692725493,-196.2621712,154720.75525458044,39147.47946199217,3099883.879342904,-198.2217765,0.040736344,0.6504612405876127,-9640050.046,-0.263131014,0.008225777,15.967589913830915,0.014484341672109744,1.289314542421592
geo-895adb67-1e01-44e8-bc85-4d78f9b8b974,8.1159,26.7709,1.0367,244.7796,7.6727,-6.1437,-3.0186,3.551,0,301105.1093541449,2975717.741769501,391.6386454481331,264769.7055779465,36335.40378,2986669.1217323765,396.10470591613273,0.066476615,0.656965418,-5025875.662,-0.14432395,0.008023585,9.882654426397025,0.01692772,2.260351752
geo-895cde52-57a1-40e5-a215-28c41fb98104,7.8174,30.0409,1.3011,245.1495,3.5604,-3.0041,-3.0674,1.9245,0,121256.86806834197,2317014.8334868937,-20.34916015,81855.23166151723,39401.63640682516,2319060.1841577725,-22.75210048,0.02488155,0.4754445738813515,-8621463.129,-0.198792777,0.008086731,19.108318319594026,0.009204233,0.8992754635495518
geo-8965399f-a849-440a-94d7-be7b0a7dec7c,9.956,30.7408,1.3041,255.3596,5.2272,-3.4155,-2.8772,2.2759,0,212968.07918802908,2985118.497,-488.6803101,173989.23395422514,38978.84523380378,2990001.167518277,-489.5186928,0.043674505,0.6121742463364486,-10098947.39,-0.266478423,0.007993559,14.016741419711238,0.011981614706414453,1.3626292306930479
geo-89732939-65d2-458c-aa13-f8419f6f061d,8.8663,25.7845,1.3579,241.9197,3.6831,-6.6055,-2.9643,0.6674,0,93790.30093,-296612.0498,-211.5128508,54883.74618466031,38906.55474315799,-296020.7739,-211.0909628,0.018958113,-0.059955078,347477.50161543227,0.008176881,0.007865886,-3.162502379,0.00012905,3.2988307029635395
geo-8994e4c2-31f1-49dd-a3e4-ff09bcc91eed,9.9968,25.1519,1.367,257.3093,8.7106,-5.1585,-2.9975,0.8619,0,274736.3718,2898194.2122039897,-436.0239579,236647.02870274064,38089.34313671586,2901762.6777801625,-436.4857036,0.055412224,0.5845435925932471,-9581951.478,-0.241689077,0.007682289,10.549000821404036,0.010879850620969635,1.4474414539836093
geo-89acccc7-db66-450a-98f8-0e77c4d9202d,8.5492,33.6834,1.1609,247.9342,3.387,-3.3161,-6.2168,0.4463,0,60168.30156458022,623454.8660731972,28.9769027,20004.606141022377,40163.69542355817,623538.3428,27.835369297301995,0.012826266,0.1329038387998382,-2622133.234,-0.070305504,0.00856355,10.361849177411566,0.000657657,1.7131950038156494
geo-89be81ae-97c7-407b-9b44-5c238d35d3f8,8.9205,31.0651,1.0154,247.4138,8.6808,-4.3328,-3.2288,2.7248,0,399616.4526338492,3319481.588042121,340.8281370309917,364179.5148077053,35436.93782614368,3333228.0527391355,350.00328779483846,0.088786804,0.7375225870794527,-4770070.536,-0.148340204,0.007873339,8.306668972620164,0.019409376322887056,3.095366560699522
geo-89d2c96f-8ac9-492e-b0e5-52749c6e7392,10.8241,25.068,1.2494,257.8215,4.3884,-3.9277,-6.412,1.5946,0,115609.98933774758,1735654.1220596335,-275.2128643,75554.82880142579,40055.16053632237,1737017.4472640106,-273.1938,0.024059707,0.3612086569397947,-4514258.627,-0.129431263,0.008335874,15.013011695633095,0.003836848,0.577014994
geo-89f1616e-d87e-493f-bb32-d047e88db6d5,9.3295,30.0076,1.0966,243.5273,3.532,-6.3134,-6.3349,0.455,0,123091.756,-751613.6841,115.04241374239764,85006.35587090167,38085.40012,-751202.1559,116.86161824194872,0.026716132,-0.163132047,2478718.902763017,0.072910423,0.008267816,-6.106125289,0.000907968,4.3647756548632275
geo-8a03995d-f7ec-4273-9e0d-325cadd7b8a1,7.5614,34.2672,1.2304,241.2318,6.6413,-6.2395,-2.1015,3.6384,0,212628.61862728916,3031852.6173386625,-256.924655,175800.7835694687,36827.83505781976,3037522.281090637,-256.8925937,0.044469828,0.6340913280418186,-10102603.28,-0.241656824,0.007703846,14.258911321119562,0.016925891079725315,0.9585978958696416
geo-8a4e2028-406d-4c41-be87-81bbb24abfd0,9.7304,27.5997,1.361,253.9126,7.4343,-3.6329,-1.7462,3.9578,0,547327.2354,3768346.178583839,-87.92431809,512165.6567232779,35161.578676871555,3795459.336359805,-84.86219248,0.1105427970068062,0.7610867863464146,-9810091.725,-0.241280439,0.007102961,6.884996643422673,0.018949066,3.8303550823511934
geo-8a74fe97-277b-4ef2-8c49-5d6c26c83271,9.0819,35.4016,1.2871,251.8196,6.7286,-4.1303,-3.9289,1.3818,0,155130.4663527222,2909984.608371004,-262.3149192,115444.70494770745,39685.76140501517,2912483.7137274565,-263.2910585,0.031958312,0.5994837641983992,-11846666.33,-0.302402296,0.008175591,18.75830503696503,0.012595872703339324,2.1971217907702565
geo-8ab0e65c-2726-47f8-9809-31974c822c9d,8.9419,30.9656,1.238,256.5921,4.8248,-3.9442,-2.7427,1.5053,0,117583.84740804076,2379733.5694397283,-247.3630525,77215.25519405957,40368.59221398181,2381501.1846920857,-247.1588839,0.024541128,0.4966783018685737,-8908744.508,-0.230408122,0.0084271,20.238609485038857,0.00878154,1.3293183639431223
geo-8ab6b5ea-5f6a-4760-9c1d-226f682db470,8.6233,37.1543,1.0832,241.2964,8.7315,-6.8949,-7.4791,1.9855,0,122389.43229795407,2442124.874512109,-859.0317678,83636.98137601209,38752.45092194308,2444084.6640235675,-859.4540368,0.026670083,0.5321674610499048,-5301167.415,-0.153925772,0.008444566,19.953723362053065,0.010453777805473597,1.8103908305829264
geo-8ac5f070-2d8c-4c0f-8091-10d6a53e1a95,7.5199,34.2512,1.3974,253.2221,8.0245,-3.2837,-1.8825,1.9705,0,398067.9607469128,3588097.8628398604,89.80161692565719,361802.6564186701,36265.30432824221,3599321.0955739818,80.65698584037256,0.079652207,0.7179676392822985,-13200188.83,-0.282306583,0.007256541,9.013782109234198,0.021819651,2.4559403510559012
geo-8aca9ef9-84ab-4592-9f30-b3865ced50d2,8.9198,29.6523,1.2991,240.7675,5.8898,-3.8176,-5.5325,0.3923,0,102722.98849993246,2110595.046269192,150.3751211,62996.29312762564,39726.69537230774,2111452.448768713,150.14765526914815,0.021089709,0.4333191315432649,-7868708.924,-0.194098861,0.0081578,20.546472382572645,0.006700554,1.0250627619396144
geo-8aed083e-1a45-4c7a-8ec2-1d954721a76d,10.7368,32.5035,1.0837,241.371,3.2136,-3.4915,-3.2692,2.7283,0,97854.44918153808,2279481.995466095,-186.4464973,58264.35062506188,39590.09855647516,2280142.7677597348,-187.8199459,0.021316188,0.4965524414725051,-5854594.349,-0.186567846,0.008625876,23.294617817910748,0.0073098,1.2788115798098487
geo-8aef1133-a94a-42c0-a97a-9523201b4b75,10.6823,29.7009,1.3635,247.5012,8.5572,-4.5932,-2.2294,2.4582,0,418795.85747280496,3483681.1533627897,45.996902985244574,382779.5916878226,36016.26578498251,3497311.477834564,36.728347889084034,0.084545526,0.7032773851314775,-10602954.65,-0.277183206,0.007270841,8.318327632,0.014738004,2.8219389630833778
geo-8b0ef184-dac2-4e0f-bd90-b49d3255245a,10.995,35.6118,1.1464,248.6455,3.8429,-5.5335,-6.7509,1.3307,0,62985.14939,377339.2405,-26.65211402,22213.26706403186,40771.88232925862,377694.8966946321,-28.98114247,0.013483731,0.080780007,665833.4355772947,0.02080465,0.008728315,5.990923957606488,0.000188913,2.3250186526975454
geo-8b488254-f555-4230-9d27-5674769f5134,9.4344,33.727,1.3775,241.8766,4.9491,-5.4002,-3.0976,3.0973,0,127732.11736560897,2655720.8144428264,-133.3672156,88485.49202,39246.625350412905,2657196.411351511,-132.64099,0.025691841,0.5341675860562055,-9631016.103,-0.234152892,0.007893964,20.791331649512568,0.009626998,1.3183451874573664
geo-8b6bcd35-8b6d-4c3a-b37f-205894f0a9dd,10.679,29.7295,1.1241,251.2684,4.3414,-3.9608,-2.4162,3.1291,0,187928.69054209004,2730208.480585526,-148.7390989,149190.9442459997,38737.7463,2734367.938178574,-150.5548505,0.040474303,0.5880064704178064,-7176018.152,-0.221148337,0.008344654,14.527896047751373,0.010305848430494492,0.7466048166475344
geo-8b80ecde-fd6d-44c7-9894-88c03c1193dd,8.2282,32.4461,1.3591,257.9636,3.7863,-3.1459,-7.4763,2.1413,0,97540.85218,2009287.9888942963,-240.103442,56677.79775169866,40863.05443319591,2010581.2781400776,-242.2403062,0.019714089,0.4060994029022188,-6682697.046,-0.153829457,0.008258833,20.599450834052142,0.006379843,0.867316623
geo-8bc8d051-c394-4cb8-b28f-fb35191ade62,8.9998,32.9731,1.2525,255.6695,8.0445,-5.7258,-6.0078,0.8263,0,119588.39675754296,2411895.1405125405,434.2603322,79425.18572187533,40163.21104,2413241.5053274366,434.7522447673259,0.024861645,0.5014172218306898,-8665299.387,-0.222384342,0.008351355,20.168303998610178,0.008892334,1.1892584946520541
geo-8becfb9d-b09b-4475-8649-f28166faa7f0,10.27,26.1953,1.2316,251.6977,7.6216,-4.8492,-6.7176,1.146,0,189805.3507954048,2445006.590904067,-394.8553527,151268.0293114194,38537.32148398585,2447559.740071925,-395.7577196,0.039691765,0.5112955288455301,-6765526.918,-0.191510204,0.008058815,12.881652601773055,0.008102586,0.303857996
geo-8bf0dd2e-09c1-4754-a783-f7e1cd8e9630,7.9215,30.6934,1.1351,257.1521,5.559,-5.2236,-2.1444,2.9146,0,176488.21366970523,2773805.473451533,172.08717143287438,137570.7576974174,38917.45597228806,2777734.0584103297,173.03035552839225,0.037893604,0.5955609406159107,-7912785.975,-0.208271828,0.008357614,15.716661275991285,0.014252633417497478,0.9932310823491586
geo-8c4d64bc-bbd3-499f-91b8-1b4ca5a255c5,8.215,31.1995,1.2627,254.1503,8.3066,-5.2006,-2.4993,3.6461,0,422616.6684492727,3501119.368825151,-63.58204289,386987.8157767617,35628.85267251062,3519302.2025933005,-63.69172486,0.087635752,0.7260083438089431,-9835768.055,-0.243223171,0.007388125,8.284385425856433,0.020423293728992167,2.4853277097260618
geo-8c50c43d-738e-4115-b644-de7c4daa19ea,9.0636,27.8935,1.3445,243.6663,8.9723,-6.088,-5.7844,0.3028,0,156615.65208434095,2333907.635271058,-938.3089517,118465.04478036585,38150.60730397435,2334718.364606193,-932.3575245,0.031775685,0.4735255589808955,-8496044.735,-0.207512949,0.00774032,14.902135286032678,0.00787474,0.855461216
geo-8c8794a5-f2eb-4423-b77c-e33aaec56b43,7.5427,29.6708,1.3322,248.2092,3.9733,-6.1651,-3.3786,1.2714,0,62027.650809896026,553846.2322944883,-10.26630249,22220.76585576487,39806.88495413128,554306.3161478465,-10.82324842,0.012625735,0.1127354606948476,-2726268.4,-0.061307274,0.008102653,8.929021574,0.000536345,1.8256796504069548
geo-8c96b807-7eef-49e2-a801-cab933db44ba,9.8064,35.0081,1.379,244.2397,3.5014,-6.3014,-4.3302,1.8729,0,60229.79030059134,501293.8951611181,3.720763944419296,19476.39513647532,40753.39516411647,501724.65560959873,3.546600211845309,0.012109776,0.100789939,-1030828.866,-0.025522664,0.008193817,8.323022422281314,0.000329742,1.8447799586946505
geo-8cea90f6-61a4-4194-9839-74356dc5fa2f,8.5496,32.9126,1.2272,249.0686,5.592,-4.9804,-2.3293,1.2079,0,93887.67042777911,2047777.467547719,118.26469977970945,53749.35695335449,40138.31347442517,2049013.854,118.46509072745609,0.019657145,0.4287406320035107,-8067373.508,-0.20905333,0.008403665,21.810930638894984,0.006843742,1.328492879500733
geo-8cfbd02a-4803-43ce-b959-b160ffa24101,9.2942,29.8626,1.3809,250.8899,6.175,-4.2762,-3.0391,1.7688,0,196032.41421527337,2816113.7448463547,1329.7491179243684,157533.61637539353,38498.79784,2819991.4809554364,1332.091254482118,0.039394626,0.5659255236243833,-10389996.04,-0.250086902,0.007736668,14.365551514117636,0.010968738334706636,1.2356576374190769
geo-8d0b4bf0-7057-47fa-8c95-a8e0fcd2ec75,9.845,28.2251,1.1662,243.1703,6.3196,-6.0886,-6.4247,1.0133,0,81732.85803025824,1568331.4443580154,-316.167443,41876.35486976605,39856.50316049253,1569187.2046545532,-318.5414097,0.017397686,0.33383561,-3804113.155,-0.109014169,0.008485583,19.188506093563962,0.003603294,1.0314167549013609
geo-8d0c3a79-d3a3-428c-bca1-f3d8c76adce0,8.0766,26.581,1.1322,250.3118,6.0482,-5.7976,-6.6056,2.1574,0,119416.8205037594,1870155.9114621384,-909.6043397,80963.34032130877,38453.480182450025,1872058.313,-911.2515571,0.02566596,0.401947963,-4464126.498,-0.120848713,0.008264667,15.66074112150118,0.006367387,0.9528368553282528
geo-8d0cc952-3aed-4a22-9ac8-3838e74dd9a4,7.7683,33.7857,1.0218,245.9495,4.5512,-3.3167,-3.0708,3.2371,0,191786.1995112819,2965836.7323470865,-160.8945362,153813.86207732026,37972.33743396183,2970337.7991587766,-162.4972691,0.042532425,0.6577336102877805,-6223640.934,-0.179734013,0.008421081,15.464286481012534,0.017726549517361807,2.050856038715774
geo-8d121722-90d9-4f67-a427-c1e205847ab5,9.3023,28.408,1.0049,251.2299,4.2763,-5.6958,-2.8647,2.7912,0,97234.70668,2014129.0709810315,58.26015853927476,57504.073729080126,39730.632950373205,2015032.0811830447,60.01835446278703,0.021669346,0.4488609192164063,-3237560.418,-0.103639236,0.008854167,20.71409622924947,0.006894192,2.144010621816591
geo-8d1920bc-d548-4030-b2dd-250a0a749f86,8.2749,35.7228,1.0768,257.2353,5.0293,-5.0663,-4.7971,1.3447,0,69940.59124004682,1305868.8043066987,150.49601316836754,29323.824171537737,40616.76706851005,1306523.1352754668,151.59840559448648,0.015265396,0.2850219606016472,-4056416.643,-0.114080224,0.0088669,18.67111474400834,0.003124957,0.942214994
geo-8d3fd01d-5002-4b49-83f6-80b1205ae8d9,8.9651,36.8645,1.2264,242.8664,3.09,-4.8739,-6.9179,2.1134,0,62326.85653693813,716836.8996118627,9.359405497,22147.209722162414,40179.64681477506,717256.9694031173,10.461438568478052,0.013049436,0.150084854,-1110447.371,-0.029010531,0.008414151,11.501252260123797,0.000799777,1.7060461710507895
geo-8d6ef5c8-3e8c-4ef0-89be-8844128b38c6,8.4776,33.6141,1.003,247.1832,5.0703,-3.3597,-2.6992,3.7237,0,266194.09653873293,3163133.840460443,-536.6813605,229335.54895306684,36858.547585666594,3171789.6642804723,-541.5049258,0.05934336,0.7051658636981921,-4723189.806,-0.142225044,0.008218633,11.882809880421926,0.018670664,2.898165173121176
geo-8d939af3-037b-40f5-a7bd-53eaeb02f0a3,9.9623,30.4297,1.0752,247.0857,5.1116,-6.9142,-5.9026,1.8079,0,66039.85993627827,894344.2188166899,-53.73995202,25891.51565880542,40148.34427747225,894932.5439085606,-55.80627602,0.014423551,0.1953308080660311,-829912.9167,-0.026059336,0.008768623,13.542491151247818,0.001219079,1.827916026688631
geo-8da11927-51c3-4e56-aabc-bae0b80a0c9e,10.6332,29.2887,1.2598,240.2843,3.4295,-6.5214,-4.3873,3.4909,0,77540.62287139994,1548641.333146366,-17.82852224,37376.158635239495,40164.46423616059,1548506.193030351,-15.68887425,0.016088433,0.3213181838346934,-2829829.369,-0.078505707,0.008335163,19.972000169701662,0.003090699,1.579879624241669
geo-8dbbdc7b-77a6-4556-b0ff-db830d839b8d,8.4489,32.866,1.0784,244.7542,5.2591,-5.8043,-3.3759,0.5044,0,60159.74056215414,845837.9394398432,166.18279743151493,20376.31781288176,39783.42274927317,846113.6349,167.97005833102153,0.013127363,0.1845689738333097,-3348609.286,-0.096595381,0.008681033,14.059866806871439,0.001283416,1.4798320036868442
geo-8dbd27b7-180b-4e3a-8ab7-edf9638ba6ac,8.9294,29.3319,1.0826,242.5701,3.546,-4.7015,-7.3645,0.6481,0,73303.01155200225,46845.00718496803,237.31675154783483,34311.215662989474,38991.79588901273,47088.82887635012,238.2322039200376,0.015972987,0.010207694,151992.0087835233,0.004420776,0.008498167,0.6390597902206983,3.71435248869701e-06,2.548228089986729
geo-8dc26535-4e6d-418b-a810-dbd59740adad,9.4067,34.2011,1.3429,243.0448,6.6905,-4.1771,-6.6887,2.0948,0,176684.2340245509,2959472.471584873,-1629.483899,138205.9120518563,38478.32197269561,2962951.236338023,-1629.717439,0.03586253,0.6006997152642779,-10365654.68,-0.258234151,0.007810107,16.75006538033056,0.012210337994674737,1.3071397268433786
geo-8dd7b9b5-d16c-4259-91f1-d6e73a4a243e,9.2232,33.2977,1.2056,255.3554,6.4448,-3.8621,-4.5071,0.9741,0,132896.65008649215,2629090.529201012,-26.69532679,92764.10047786294,40132.54961,2630717.393518586,-25.1455481,0.027988997,0.5537055035179174,-9677597.372,-0.264770915,0.008452161,19.78297065795077,0.010580987016374428,1.6915971701982244
geo-8defb26f-a968-4fe2-ab5f-0d1931be48ce,10.6743,33.2573,1.1362,247.1684,6.3804,-6.691,-6.8093,2.833,0,109225.71651053074,2057483.669893347,-531.4026726,69722.82870583862,39502.8878,2058593.987181289,-530.6645569,0.023449398,0.4417160599058831,-3674475.74,-0.114007616,0.008480732,18.836989452891302,0.005818313,1.708166891355327
geo-8ea5e98d-7613-4ab5-a5be-8805a59ce42c,10.2207,29.4876,1.095,257.6729,6.3451,-6.6206,-3.1,1.5511,0,94869.87507316135,2022809.757175308,211.53174192630183,54281.62933035676,40588.24574280479,2024017.325821846,212.81873443430567,0.020600091,0.4392338909685547,-5320745.355,-0.164011928,0.008815131,21.321939716009524,0.006008432,0.9837597449938774
geo-8eaf71f0-c9bf-42e9-9853-a2370b4c2e9d,8.005,34.5556,1.2377,254.3344,8.1645,-5.974,-5.8814,0.3968,0,95912.53358375945,2044134.5205947452,309.17054034810457,55319.78224,40592.75134361205,2045136.9814906963,309.8422844053126,0.020023848,0.4267579888352275,-7870730.657,-0.195792333,0.008474584,21.312485909983902,0.007241893,1.1048566038822665
geo-8ef2ed24-a36d-4ed2-bfce-39bcf1c480e2,8.4754,30.6274,1.2377,245.5951,5.1836,-6.8047,-6.9468,2.5269,0,77241.45942875017,1366179.2583637163,-86.986672,37302.84313,39938.61630344396,1366971.777464189,-87.28371627,0.016125852,0.2852199338221981,-2779667.24,-0.071149667,0.00833802,17.687123838253264,0.003055271,1.4289279092032074
geo-8efce000-30b9-4866-a87e-1122e02edb7a,8.0361,29.7669,1.2292,243.7078,7.9781,-3.0678,-6.6472,2.3502,0,359249.15603415226,3321258.279676247,12.315167277560832,323242.9451671088,36006.210867044065,3332200.88,11.855812648769929,0.075174619,0.6949893155344615,-9311088.185,-0.233570151,0.007534434,9.244999532749112,0.01913203,1.7910833193635578
geo-8f0d1d4d-dc70-4930-8fa4-bc303996a59f,7.9322,26.0979,1.3085,257.2401,4.7573,-3.7771,-6.0799,1.134,0,106271.6347717982,1860321.5470195024,280.9845339,65959.71084459634,40311.92392720229,1861756.4495539372,282.23715580166686,0.021768153,0.3810590044610032,-6320978.023,-0.148384288,0.00825725,17.505344215455544,0.005826945,0.6376821373019403
geo-8f1e62f8-481e-44a9-ae08-d52a0224eab2,7.64,33.5992,1.0352,254.5898,8.1329,-5.8153,-7.3769,2.5867,0,173769.3148610512,2755341.1039388548,-115.0528133,135537.40913782915,38231.90572322169,2759042.257117472,-114.3527206,0.038388481,0.6086998684926653,-5488897.819,-0.155604272,0.008446008,15.856315633989142,0.015437009967637047,2.124818902458645
geo-8f2f4e24-c2e5-4796-ae3a-314a2418e119,9.4131,37.3415,1.225,245.1878,4.9687,-6.8412,-5.0226,3.4044,0,82124.78753284631,1817086.1617857935,-15.1533505,41824.67059951032,40300.11693333594,1817030.0918238133,-16.36576917,0.017201106,0.3805902261732011,-4563816.142,-0.122302447,0.008442598,22.125916137792693,0.004898157,1.2282477324876624
geo-8f378041-feaf-472a-b417-1c23ddcb5937,10.967,26.1618,1.1218,249.5092,4.755,-3.2338,-7.1156,3.0553,0,216092.4076698229,2589227.9185001687,107.8594107609742,177677.23643657807,38415.17123324511,2594928.973,110.21547417079604,0.046579589,0.5581185123799088,-4594891.653,-0.146099851,0.008280501,11.98204021335338,0.009040972,1.3758179343936427
geo-8f513831-8527-487a-9816-e85207cd17e0,9.6873,33.0802,1.035,253.9411,5.717,-4.2161,-3.01,3.8778,0,269611.81223295967,3079879.9004493426,204.0364629506866,232348.8504308537,37262.96180210606,3088731.339354809,206.31810348702825,0.059552738,0.680293939,-5289241.219,-0.166155822,0.008232427,11.42338636776108,0.015206896181385897,2.06214467
geo-8f675652-58bb-49ae-8109-030d67d755b8,7.6341,32.7704,1.2243,255.1111,3.6436,-4.5958,-4.1957,2.5574,0,84497.53847190883,1728367.759364032,102.93992876119206,44144.39568,40353.14279275353,1729142.8070222288,103.70921046176105,0.017701456,0.362077125,-5712986.25,-0.137947242,0.008455319,20.454652178283368,0.005466313,0.8523572055650122
geo-8f6fc7d5-e956-4ada-9476-9640ebc630ec,9.5739,36.2514,1.3149,250.0573,3.0828,-4.5364,-1.8809,3.9065,0,111284.29587457668,2564404.5166826174,134.1571735785535,70819.44919752805,40464.84667704823,2564100.506063396,131.44355532540726,0.02275613,0.524385963,-9391470.924,-0.241043982,0.008274469,23.04372325,0.009142466,1.5237349425726046
geo-8fabdb18-b81f-43aa-b9b4-614a8f11e62b,10.0553,30.3439,1.157,240.9275,6.7567,-6.3557,-6.3193,0.1062,0,67395.26301482858,1017447.7707184036,65.16298089046273,27305.45786508723,40089.80514974099,1017699.0233905574,64.95804677021887,0.014385392,0.217172308,-2714701.494,-0.080466394,0.008557048,15.09672527718374,0.001493014,1.1980174540039397
geo-8fc73382-3192-4b84-a3d3-48ddf8cdc363,9.7294,34.8535,1.0743,246.4095,8.4703,-5.205,-6.1325,3.58,0,321801.6806894497,3193682.653,343.7678847622279,285674.1202864509,36127.5604,3205473.037152101,333.6561128457579,0.070287064,0.6975556360959704,-5736741.219,-0.17527589,0.007892479,9.924381519160313,0.015919219564415166,2.028704821530785
geo-8feec8d6-963f-4fe3-ab59-e129db186335,8.9831,33.0907,1.1487,252.285,3.9194,-5.032,-5.1947,3.8484,0,111576.9264385602,2346333.493527782,517.0704357030912,71709.33608,39867.59035418814,2346387.1622705185,519.0958873001838,0.023870875,0.5019768486574374,-5283411.109,-0.148958284,0.008529266,21.028841431832955,0.008928762,1.7005243712418445
geo-8ff34b0e-a858-43e7-ad0f-a25b4a744f68,8.282,31.9304,1.3475,253.3948,8.2561,-5.3614,-2.8208,3.7378,0,411256.6289702816,3511611.671254557,416.4612862565816,375753.4282540556,35503.200716225256,3529384.165981141,417.01570987751165,0.083356431,0.7117585346787382,-10909592.67,-0.250059841,0.007197495,8.538735728,0.019470641840509458,2.3397511633570316
geo-902512a0-daf5-440f-9251-0832dcfa2d3a,8.3679,33.2993,1.3335,241.8202,4.8811,-6.6454,-4.0812,2.7412,0,80147.83494353334,1689989.0384991798,78.64081273297121,40186.27948021719,39961.55546,1690580.0890783493,77.97022771211931,0.016305111,0.3438078975306237,-5413939.735,-0.126050168,0.008131338,21.08589758,0.004496404,0.9399367707242823
geo-9026dd8e-16a6-4683-8f6a-f27748e70726,8.7264,31.4075,1.1624,248.3363,3.874,-3.8728,-6.0075,0.0254,0,60581.87387820889,419999.5428,99.54387662015009,20529.54852024504,40052.32535796362,419902.6452605567,101.4835567167997,0.01290906,0.089495407,-2184099.001,-0.059097118,0.008536254,6.932759189141451,0.000292157,2.0397219957263997
geo-9030c312-1f04-40f1-a9f1-476132cdb2d6,8.0055,30.0751,1.3901,247.4416,8.14,-6.3906,-3.5791,1.753,0,188820.61088080105,2711425.0755616007,-875.5541809,151188.2540426885,37632.35683811176,2715290.970748378,-875.2806142,0.037854339,0.5435805091311714,-10200220.18,-0.226306684,0.007544412,14.359794001902028,0.011748689267229585,0.8411937454007691
geo-904c978a-5a93-4668-ac1a-6f156479e18f,9.6987,29.1908,1.3023,253.2937,7.038,-6.2552,-5.2418,3.2407,0,217178.0277253452,2789253.4553614394,81.24598001503156,179050.21938216704,38127.80834317625,2795202.4564516298,73.02618562313799,0.04455925,0.5722818450871834,-7916270.477,-0.206447127,0.007822788,12.84316597113997,0.010748714775323484,0.5318180070388381
geo-905c494b-3766-46ea-b79f-28b67294b293,10.8416,34.2921,1.1833,250.5455,5.3732,-6.2194,-4.0462,0.0364,0,59209.57946872516,406142.0822311768,70.34435967,18204.97524901352,41004.60421971123,406115.0966006158,70.28353211378541,0.012546588,0.086062044,-1748451.281,-0.052748891,0.008688884,6.859398189877475,0.00021746,2.0094269753222362
geo-9087f304-4e6c-4776-9643-f9928cf7aa70,8.5146,27.8081,1.0062,248.8159,7.657,-4.4442,-2.8093,0.6028,0,191889.5155012232,2680412.0846570795,-1330.013001,153711.9829758584,38177.53252536593,2682073.7286845786,-1326.473093,0.042747642,0.5971211968551529,-5948258.647,-0.181992442,0.008504847,13.968517652753102,0.013329408,1.177489128207761
geo-90b5be11-9922-407a-a8d2-6c6d7dc8c369,7.6305,26.2549,1.1746,251.8258,7.3942,-6.6714,-2.7937,2.3589,0,189480.35658821667,2465314.812493031,-90.21639907,151918.47656038695,37561.88002783042,2469858.061982117,-91.7382637,0.040239283,0.5235503110884016,-7060924.855,-0.177005515,0.007978496,13.010925548608219,0.011434416,0.42407921056782105
geo-90c111d7-5b7c-42ec-ad0f-af68f4481c9b,7.9398,35.8457,1.0448,252.5264,5.5891,-3.0444,-5.5303,3.9044,0,278053.24091141927,3254899.2835841635,-135.2993054,240826.91128597505,37226.329625445775,3264347.778449803,-136.4579299,0.061244884,0.7169343873016052,-5726114.843,-0.161637734,0.008201244,11.706028935016384,0.020606270071549738,2.547062468408258
geo-90d21e8b-ece1-4aee-a265-f67fb68336ce,8.8481,29.9238,1.2337,254.4289,3.9963,-6.7765,-5.9341,1.824,0,69105.93329,297600.66230841045,-12.23094354,28809.56068557998,40296.37261,298431.5292836637,-11.69524562,0.014440073,0.062185332,-19593.67727,-0.000505732,0.008421854,4.306441547473509,0.000139116,2.173677613739492
geo-90dc2cf5-3bc2-4899-90c6-de687d54544f,10.7193,27.2078,1.242,253.9634,4.8887,-6.1756,-6.7391,0.4435,0,87776.43645303478,90972.99079511754,49.14022256791687,47456.08696053589,40320.34949249867,91339.50896628044,52.13864951,0.018303893,0.018970466,470930.6104185518,0.013512237,0.0084079,1.0364169983568625,1.0686603330746229e-05,2.574946420285518
geo-9111a840-9909-4e85-8302-a770837f5e61,8.056,34.544,1.0408,256.6712,6.3749,-6.4554,-1.7288,2.9791,0,138885.0775260779,2675530.551782758,-35.13017119,99496.78470549356,39388.29282058505,2677792.2223219685,-37.4845973,0.030632705,0.590119109,-6592091.786,-0.191081923,0.008687496,19.26434862147357,0.013759734,1.629240700369195
geo-9116c0b7-c413-4096-b22b-464407fe9aa4,10.8881,27.0793,1.378,243.5459,4.5605,-5.2691,-5.1215,1.6201,0,85773.44900625332,1625024.4006993636,-6.484020348,45306.74788182771,40466.70112,1626005.9753354527,-9.994322403,0.017250083,0.3268121623117001,-4609079.718,-0.120336861,0.008138303,18.94554106808632,0.003122442,0.8640876290145352
geo-91447a32-39ea-44ff-8fb0-78946c1f0bc6,8.8231,33.2006,1.2351,246.2618,4.4938,-5.9508,-6.9266,1.7788,0,66272.12214248658,853982.5060623259,20.380499358608542,26026.057971036545,40246.06417145053,854578.4162,20.19817609115188,0.013845534,0.1784135375831856,-1698831.376,-0.044454464,0.00840814,12.885999096667641,0.001148377,1.525890022053555
geo-919036b3-92fe-4d98-a3af-fa084f1e3d15,9.5239,34.9613,1.3196,247.5172,4.0599,-6.913,-3.6438,0.3366,0,70472.33699044648,-425673.6208,4.031460652567127,30448.934861031496,40023.40212941515,-425767.3808,2.532024681226545,0.014392651,-0.08693584,1477693.5872589147,0.037694431,0.008173985,-6.040293809,0.0002526,3.2056560149307427
geo-91a29547-ff61-4bd5-a52c-8fb9c8240624,7.8176,27.8215,1.2192,241.822,7.0459,-4.7391,-5.1866,1.3495,0,167416.5711114572,2448527.818826965,-209.5527079,129932.35829708164,37484.212814374914,2451212.1181236315,-208.7144416,0.035128309,0.5137641992885837,-7795577.208,-0.19434304,0.007865112,14.625361172860686,0.010747423387705325,0.4419701592633678
geo-91afaf86-cdb9-43d4-b0ab-f3d815ee8d40,8.2847,31.5125,1.1443,245.1363,7.6287,-5.7443,-6.8727,1.1167,0,110164.9660677297,2177911.4658698738,-166.0064732,71104.36551110519,39060.60055662495,2179282.168,-163.3655903,0.023597684,0.466515513,-6145666.42,-0.166954684,0.00836686,19.769546922302773,0.008361911,0.9876092544708451
geo-91c07099-8344-421f-b6e1-65cb7be841f0,10.5144,29.5564,1.0452,256.5064,5.5693,-3.3013,-6.5257,0.0778,0,85366.05027498816,1732562.7816925503,-814.6048001,44636.68600781992,40729.36426716826,1732817.5458996724,-814.4328985,0.018804736,0.3816550772068063,-4328355.179,-0.142855089,0.008971962,20.29568869722187,0.004409687,0.851552099
geo-91cdc79e-bfc8-477b-a771-3c9fe4105fce,10.5166,31.1451,1.2748,250.6462,3.3948,-5.7267,-6.906,0.9783,0,89589.57255034776,-238594.8025,70.71390801619908,49549.39559969152,40040.17695065699,-237869.9468,70.10578519622418,0.018513458,-0.049305011,2283107.892603003,0.062281101,0.008275872,-2.663198358,7.357951029670411e-05,3.146718048169227
geo-91cdfb7e-ccdb-4c35-94c0-86dbc424ee42,8.3783,33.5426,1.1741,250.3518,4.8289,-5.1832,-3.8712,1.6026,0,75227.20169452568,1534449.8259290513,-42.05179569,34907.29066776639,40319.911026760274,1535240.0604506347,-41.87218511,0.015981255,0.3259782907709418,-5254374.754,-0.140329103,0.008565511,20.39753960488868,0.004037119,0.9041750591121767
geo-91d8fdbd-e7fc-4913-9c8c-b4807c85c1ac,9.929,25.532,1.1959,243.6048,5.1122,-6.9477,-3.9374,3.3488,0,130360.83649779488,1884685.039944472,-57.85289235,91943.49952,38417.33698,1886921.725497572,-60.28253831,0.02752236,0.3979030901095202,-4195416.462,-0.118045955,0.008112477,14.45744819209065,0.005075739,0.8830987501517545
geo-91e6f5d2-fc9a-4e67-91ff-b48d96ff8d91,8.7347,30.9006,1.1981,252.2146,6.6185,-6.7232,-6.1228,3.6288,0,164746.4704535297,2526229.547454064,-123.546125,126360.39334289718,38386.07711,2529463.559925478,-129.0169211,0.034768211,0.5331372583702984,-6388650.045,-0.171066993,0.008100982,15.334043518502206,0.010358102457458085,0.9539209419755017
geo-920622a2-7b0e-4db8-b787-777eef8a2194,7.5472,25.5918,1.3524,249.1293,8.7012,-3.0136,-2.2024,1.6619,0,458516.56827351486,3516885.951211098,-10.57833889,423364.6363629433,35151.93191057155,3528555.273,-12.05293785,0.092815523,0.7119079906157093,-10868927.39,-0.236949255,0.00711709,7.670139302606846,0.021375289410783174,2.8734760656873575
geo-921d34c7-b766-451c-a423-a6fd7c4ae4ee,9.3637,28.63,1.3446,256.1119,8.9443,-4.0253,-2.2034,2.8271,0,521922.3663017173,3711362.2927890113,-63.67448594,486469.4842075477,35452.88209416901,3731531.506752058,-62.03737877,0.1058898203754451,0.7529769021326863,-10470322.98,-0.259913793,0.007192793,7.110947015141929,0.019273738,3.7019373283930657
geo-9222e227-718a-4482-9380-22226c58ea4d,9.3339,32.8445,1.395,246.0312,5.2459,-5.1241,-3.0973,0.8028,0,74795.54107,1549223.333991419,214.0940839986976,34022.06556156383,40773.47550666094,1549936.2289668282,217.15966518649333,0.014972613,0.3101243975054553,-6974038.849,-0.163791365,0.008163705,20.71277661563132,0.003279887,1.337609876
geo-923ed42c-f8b8-4497-8c4d-1d3449c25371,9.7374,28.5672,1.0995,255.7862,8.5771,-6.9554,-6.5714,3.8711,0,294382.78347961145,3012656.9886807804,138.88508933323328,256949.6118175141,37433.17166209843,3023263.129474176,138.2659113313642,0.063854515,0.6534748640547514,-4982599.402,-0.151839901,0.008119579,10.233808353433911,0.013959340179004161,2.0673008025903736
geo-926f24dc-d5bf-457d-83eb-21a4ee2444de,9.4978,34.9242,1.2881,246.9097,6.4879,-3.7324,-5.393,1.3378,0,145177.92281332187,2825589.570494572,178.11148361856812,105617.8663116277,39560.05650169469,2827755.345064501,179.62458889267631,0.029899986,0.5819417151087312,-10810680.89,-0.281992781,0.008147512,19.46294254483776,0.011349744538333774,1.8860375214366645
geo-92b43897-1c7b-46f2-8be3-e3555116bc70,8.9514,28.3291,1.3277,250.5617,4.2421,-3.4069,-2.8806,3.4415,0,245299.99176331057,2925423.320682644,42.96444408417692,207408.8714553676,37891.12030794391,2933021.3579724943,46.857232203853314,0.049990382,0.5961803215510606,-8852499.528,-0.217599015,0.007721898,11.925900607063133,0.012639050143507831,0.7099311371974485
geo-92c19b88-532e-4024-915e-1c3b1ace5cf0,9.5473,33.4972,1.0811,251.6812,7.5258,-6.3682,-4.4706,2.8109,0,171223.36830091462,2777417.6880148854,-3.695714349,132757.11512941093,38466.253171504846,2780809.0203122958,-2.842783745,0.037326049,0.6054665839988428,-7042972.864,-0.21206032,0.008387191,16.22102003701815,0.012222214922455558,1.1023283569025197
geo-92ceff32-2453-4753-8fe6-1b05029ee9c6,8.187,29.0514,1.3416,247.8142,7.5933,-4.9336,-7.1154,3.0736,0,278253.1689805969,3026983.3343099407,-64.01751531,241702.27141462857,36550.89756596863,3036125.3112935782,-63.19620218,0.056497896,0.6146136314435453,-9014211.9,-0.209706168,0.007421435,10.878522409644198,0.014686885642355147,0.9063981042059934
geo-92ef59d7-9a70-45cd-9bba-972d37651487,9.769,36.3503,1.2221,240.2349,8.3312,-5.1994,-4.0509,1.8057,0,212626.8020778294,3186179.0293912464,-746.9454324,175035.476,37591.32610626102,3190535.4155055145,-743.3404972,0.044579307,0.6680138645684695,-10900807.66,-0.30311921,0.007881351,14.984841977847113,0.014540219755132552,1.8528257763540568
geo-9311e7cb-d421-4df2-90f1-e3b9282fccf8,8.082,28.3877,1.1569,242.4126,8.1088,-6.8872,-3.6028,2.773,0,222412.7372366296,2740871.395251842,-35.40326807,185627.3238123813,36785.41342424876,2746973.568508885,-31.86731878,0.047465063,0.5849288820328209,-7343088.754,-0.192013243,0.007851954,12.323356248863458,0.013475268061531738,0.705536244
geo-933ba321-9ae3-4b95-9ddc-117b59cb0e92,10.494,30.3112,1.359,251.0557,5.6681,-5.8143,-5.7121,2.66,0,129442.21666269396,2245819.195062912,-34.37039484,89946.87337,39495.34329758557,2247756.7435661918,-37.21797003,0.026156977,0.4538228900600149,-6919274.5,-0.176996151,0.007982615,17.349974783846275,0.006247149,0.6279273335435206
geo-934f799a-bbd9-47a6-9b7d-57359da81b46,7.6861,29.0844,1.3535,254.6613,6.2485,-4.5455,-2.2485,1.9683,0,207506.2182706608,2808716.4172165315,689.5733363149034,169356.22751467556,38149.99075598614,2813440.255802778,689.8542307,0.042001124,0.5685094543242911,-10158414.44,-0.226951141,0.00772186,13.535577105226709,0.013385034026982993,0.7622421072040969
geo-93779d3a-5b33-4856-b47e-8f7981902451,9.1225,25.4219,1.1438,242.8925,6.1865,-6.4456,-6.3205,2.7044,0,138764.20799675002,1942817.0272873996,47.74998280432033,100828.14964820431,37936.05834854444,1945468.7648566647,49.29458674943319,0.029721714,0.416129292,-4056758.084,-0.113830209,0.008127113,14.000851194516327,0.006042168,1.0806367746494416
geo-938965b8-ab7e-460a-a344-8fc6dc8b122e,9.5975,26.3134,1.2122,240.6669,8.4983,-3.5634,-7.1461,3.211,0,464679.73179198586,3506366.355092085,100.30856498424644,429391.4233348538,35288.308457132705,3525297.688225106,103.12072099786114,0.097668114,0.7369811196568432,-7557124.925,-0.206485214,0.007418525,7.545769946905518,0.018013775,2.984748425971491
geo-938e5679-633f-4a95-b439-632ae093cd4d,9.8228,30.2444,1.1598,243.4171,7.1401,-3.389,-5.8264,3.8974,0,424458.09884105454,3464349.650878253,-358.0840539,388970.4763913563,35487.62244969783,3483069.354422192,-355.5648669,0.090529426,0.7388846804166432,-7099971.792,-0.207560334,0.007568844,8.161817763254728,0.017691642312016146,2.564309870562223
geo-939552d5-3ee9-4850-a1c9-cb40768b1ed5,9.7905,37.4532,1.2549,255.5917,3.2051,-4.1194,-5.2807,0.7753,0,59009.51160521567,449066.9387025798,66.07847250617148,17631.531446031204,41377.98015918463,449165.9999367758,65.69346579861477,0.012262276,0.093316866,-1768544.732,-0.048025297,0.008598369,7.610077197501915,0.000283117,1.906611997763496
geo-93d46cfd-4849-4fa5-908a-1c9275f286ed,7.9915,25.8631,1.2755,247.2579,4.3881,-5.0188,-3.2545,3.6282,0,185559.42202622737,2439129.973620299,-32.42325705,147909.1107917703,37650.31123445693,2444014.994298696,-29.09276214,0.038346114,0.5040496252861625,-6638790.384,-0.160361829,0.007780449,13.144737933466642,0.010119718128223414,0.607255161
geo-93dabf69-90eb-4047-b581-8397c0554f6f,10.5784,30.4373,1.176,253.5199,8.2335,-6.8117,-4.4226,0.5857,0,106735.97639585104,2114904.263223036,-1485.739269,66676.72960596933,40059.246789882585,2115675.2724866853,-1485.871518,0.022658386,0.448961239,-6786613.726,-0.200101253,0.008505671,19.814352523272067,0.006065238,1.0185105795471212
geo-940b1758-41b9-45ae-81b6-aae3c48387d3,9.8197,34.9744,1.3833,257.2084,6.5974,-4.5789,-7.0377,3.5377,0,245067.86728901693,3166773.5516510387,-86.87627872,206656.23224710848,38411.635041907895,3173939.1834935746,-86.83178306,0.049217911,0.6359951685228106,-10423835.85,-0.257436169,0.007714314,12.922026811113339,0.013111716194138633,1.1474998212237781
geo-941bbaf8-2976-48ae-a468-9cb35c312d85,8.8274,27.5269,1.1311,247.5283,7.66,-4.2641,-6.3482,2.8265,0,317338.3935975756,3087162.3350235005,295.32368159629243,280576.67005165207,36761.72354592402,3097486.0464930567,296.63074061912414,0.068225727,0.6637201723295267,-6607517.33,-0.187158549,0.007903494,9.728297606933735,0.015885005,1.6095622410529125
geo-944038e2-4d0d-43c6-b932-0690183feaca,8.7659,30.9563,1.2557,242.317,7.4185,-6.8979,-3.3077,1.3098,0,106595.17879514674,2205519.8212718773,906.8944321387604,67412.75485833823,39182.42393680833,2206988.1834059563,907.8355276,0.02214587,0.458211681,-7657263.525,-0.196635028,0.008140371,20.690615149775336,0.007624053,0.9983966902380234
geo-946f65c3-6acc-42db-baf7-687bbfea7b12,10.1794,31.8312,1.3656,242.2335,5.0322,-5.5635,-4.033,3.2546,0,139397.89639240343,2518421.453074639,31.143687053100138,100539.80416566454,38858.09222673892,2520370.385997271,28.431038519985197,0.028125816,0.5081329052965364,-8446081.072,-0.215200294,0.007840217,18.06642365667643,0.008073885,0.9591657609980824
geo-947590ba-e08a-4faf-b98e-7d6366386443,10.9052,28.7985,1.399,257.619,4.8382,-5.1227,-4.3679,0.3571,0,68842.92478443665,951170.7176964236,380.96676409848266,27048.581165913587,41794.34361852244,951471.2143812292,380.6195984701619,0.013769531,0.1902472123510789,-3897192.499,-0.100250551,0.008359399,13.816535550672521,0.00105646,1.477126432156334
geo-94cadf94-b9ab-48ec-bbc8-3c6410f8cf2a,8.8455,28.1209,1.2864,248.3004,5.9708,-3.3091,-3.9583,2.3846,0,269256.3870475258,3007042.3439646554,18.754185128233644,231870.7088751841,37385.67817234135,3014462.5340130334,22.986863104912075,0.055479711,0.619594739,-9143847.917,-0.230472849,0.0077032,11.167951768712914,0.013814754862955903,0.9926098426432427
geo-94f78eba-a03b-4fdc-8eca-81a7a04bddd7,8.339,33.7963,1.1367,252.0364,4.7197,-4.4015,-2.3792,1.994,0,100653.43403294504,2206923.366,-102.6696391,60629.21879465172,40024.21523829278,2208320.9141440187,-104.8903887,0.02160602,0.4737327720930184,-7480598.388,-0.20506748,0.008591455,21.92596196555525,0.008566492,1.128777819
geo-955c4c7e-3603-4173-8acf-a300ed20306f,10.2178,29.9686,1.1175,241.3958,6.7154,-6.0685,-5.0237,3.2304,0,191913.3064289909,2695754.8264018423,172.84676713570067,154229.12087372932,37684.18555526185,2700213.6939068385,172.0099248729598,0.041409026,0.5816614957343889,-6152593.918,-0.186403845,0.008132737,14.046732228019271,0.010539824055016005,0.9483402255656074
geo-9562777b-77e8-4a99-a39f-0e4a6588539d,8.7963,32.6887,1.3462,245.0394,3.4677,-6.106,-4.3906,0.2725,0,83510.26613587885,-534205.1803,-256.061664,44228.201631458855,39282.06450441812,-534282.4202,-257.2224121,0.016935768,-0.108336081,1578910.7804070874,0.037943114,0.007966307,-6.396880348,0.000424714,3.505383986554156
geo-959d8855-63f4-4fb2-a817-c73e662baf06,10.8495,34.9892,1.1841,247.0707,5.0278,-6.4478,-1.5031,1.4586,0,65653.46599019745,1256582.7262282996,-36.70595055,24743.98755574213,40909.478434455086,1257117.359418445,-39.1198281,0.013906109,0.2661577172654757,-4860539.648,-0.14424593,0.008666816,19.13962511005772,0.002078349,1.3812088067392754
geo-95a5dae3-a7ec-4259-a43a-fd86bc1ab393,10.7343,28.0856,1.3027,245.9753,6.5271,-4.5967,-6.7204,0.6067,0,116818.90125893248,2017095.2182952787,406.2838011460652,77318.71159380654,39500.18966512633,2017848.073208499,405.74680086275794,0.023965625,0.4138110123323083,-6459715.09,-0.17717441,0.008103498,17.26685661787156,0.005077857,0.7272686144254354
geo-95ad6ab9-f353-41b9-bc8b-b7d3ea0de757,9.8478,27.0351,1.2393,243.8484,6.8623,-6.7004,-2.5424,2.1858,0,163058.54364750916,2366509.4376909663,-95.76063361,124961.32463021454,38097.21901729529,2369706.210695889,-96.80165257,0.034027273,0.4938463313022815,-7120328.917,-0.196220261,0.007950136,14.51325017845583,0.007883055,0.47955348929016267
geo-95bc4bba-0cd0-43a2-9efb-6e3e541fd2c6,7.7942,32.6374,1.1093,251.4548,5.9467,-3.4247,-4.3365,3.8788,0,320666.26708448696,3253262.608363721,104.05317336404684,284092.5201526682,36573.746931818896,3265502.087,105.07814475137154,0.069349563,0.7035736583157942,-7470052.357,-0.198902457,0.007911295,10.145322231560415,0.020216116144931323,1.6949540535404515
geo-95dd1600-e65a-47f0-9fc7-e7dcba538858,9.8519,31.5605,1.1855,255.862,5.6096,-5.9128,-2.2142,3.2834,0,166808.9266748099,2720077.5705189435,-221.5357645,127658.31029821996,39150.616376589634,2723199.6676082774,-218.9927336,0.035318301,0.575919528,-8303810.183,-0.234579375,0.008290998,16.306546806225132,0.010716519075064022,0.9925878243326969
geo-95fecc34-6a47-4535-9bc8-2381d4341d0a,8.1626,26.5862,1.0128,248.2543,6.1583,-4.5167,-4.8605,1.3899,0,136964.31515077222,2201993.8224772266,-438.3488218,98588.90961846884,38375.40553230352,2203877.590105904,-441.0102746,0.030447306,0.4895054515347284,-4637935.289,-0.136020122,0.008532614,16.07713527463881,0.009344083,1.3998841628418046
geo-96125818-4b48-495e-8eff-629ff6c4c98f,7.6821,36.516,1.0487,247.8236,8.4555,-4.0551,-7.0666,0.4921,0,138110.9269980881,2645820.529373084,92.51326736403011,99037.45589907352,39073.47109901371,2647158.514,91.10319362410816,0.030386799,0.5821264049793938,-7659026.007,-0.212031675,0.008598577,19.15721360272764,0.014041217586975213,1.293825900840248
geo-96470322-3437-4531-96d1-4d5e0fce123c,7.7609,32.9363,1.171,252.9304,8.4848,-4.0011,-3.3166,1.2747,0,290760.0280216326,3277291.457605276,70.49472892055233,253237.76008487627,37522.26793675567,3282698.0525170434,79.39784574769223,0.061821957,0.6968240252863859,-10271970.57,-0.264656007,0.007978015,11.271464925575843,0.019915182,1.3835958750290769
geo-9651e07a-e5f4-4363-8e9b-06f5c8fa2fb2,9.1349,25.8641,1.3498,255.9748,4.6167,-6.4616,-7.2486,3.016,0,100857.08434144838,1681603.409589348,0.023658765,60366.448236905926,40490.63610454213,1683012.961479556,1.3607818948633508,0.020430047,0.3406328608359854,-3383305.021,-0.081304284,0.008203614,16.673131298306732,0.004043146,1.4926754860987155
geo-966f531d-5c13-4e65-82a9-92ca352c52cb,7.5058,31.0571,1.2589,250.0601,8.8329,-6.7407,-5.4797,3.0915,0,256373.3855422397,3000918.474508005,141.8469281996455,219730.07447706067,36643.31106517821,3008981.2258798927,140.39179991704674,0.053217302,0.6229226351034494,-9188495.86,-0.217812165,0.00760628,11.705265225409228,0.016455889540034827,0.8148323917735973
geo-96ba2bca-22a5-4798-becb-71036eea64ec,8.0738,36.159,1.2726,257.7145,6.6283,-3.9668,-4.8866,3.7686,0,313806.6206695795,3400815.8996357694,-512.2705799,276629.45675686887,37177.16391271139,3412358.3681003554,-516.3438622,0.064899151,0.7033314515807958,-10111698.4,-0.246042974,0.007688664,10.837298118119188,0.019502587,1.3232957380559958
geo-96d87139-6917-444d-ba90-dd065c07b9d0,8.4844,27.9924,1.0506,243.3087,8.2552,-4.5673,-3.782,0.5685,0,203554.88086907257,2678432.891280425,692.3122489019388,166081.07544545017,37473.805423622056,2680075.8420947143,690.0193213235345,0.044770542,0.5891034937166918,-6733466.392,-0.198812044,0.008242071,13.15828379965605,0.013020036110317174,0.7101462753232651
geo-96fb5e4c-ec14-4f6b-a70d-1a4c8f6ae3d9,8.5473,31.4619,1.1352,256.3217,4.2389,-5.7675,-2.9786,1.0845,0,61032.43792,735032.8336319828,-76.25350137,20418.963476668225,40613.47444375388,735378.2800049137,-73.87227606,0.013106561,0.1578464384149918,-2997822.657,-0.083295163,0.008721595,12.043314320662882,0.000927878,1.5983073195698403
geo-971370d8-99ad-4163-b61c-d34facc78372,9.3925,25.1092,1.3064,243.1035,4.609,-5.0572,-2.4033,3.7445,0,224556.1981920913,2644280.080610059,1.1764946639385414,187113.0577639829,37443.14042810795,2651196.551296723,-0.308399706,0.046022716,0.5419442973628839,-6948980.643,-0.177788686,0.007673918,11.77558269110025,0.009953555,0.5407785360890891
geo-97142773-4d31-4282-af4a-351ad63cdfa8,10.775,31.1406,1.1229,242.8119,3.7241,-4.7785,-3.0318,2.9793,0,100372.52423239744,2231126.604089745,4559.962957993167,60679.96249066189,39692.56174,2231685.6167467493,4580.396149259567,0.021629034,0.4807800983357942,-5473855.624,-0.172372805,0.008553209,22.228459642241553,0.006828508,1.2275636228836213
geo-975d773f-81f6-4f15-99be-6027492e7787,10.2139,27.0261,1.0095,253.2796,6.317,-4.4879,-2.0512,0.6459,0,141289.44423571383,2345630.837074345,-474.5848267,101846.34507261853,39443.09916309571,2346701.292454005,-474.3994437,0.031445296,0.5220422190025703,-5487957.204,-0.183441211,0.008778387,16.601599997527924,0.008493169,0.8262087010808169
geo-9773c3f4-859d-4938-af49-683a2653661e,7.9007,29.9976,1.0231,257.8475,4.4302,-4.1496,-5.2048,3.7637,0,172156.22545251696,2586181.1030299086,205.55798181125044,133445.43664679496,38710.78880572113,2589641.1143288906,207.76111592859155,0.038164779,0.5733224533848111,-4223110.894,-0.122873435,0.008581629,15.022292085180679,0.013242880412157947,2.43965345
geo-977c396c-1eaa-45c7-8d75-131d704aa1b6,8.6767,33.5007,1.226,246.5971,8.811,-6.0989,-1.9724,1.2946,0,208608.2688441062,3036706.544385028,2531.586138671731,170768.0260178635,37840.24282624341,3040255.356382984,2532.1956080568007,0.043681278,0.635867526,-11185699.63,-0.287575675,0.007925112,14.5569807,0.014832995,1.6821947479193116
geo-97c4cc46-cd7a-4c1a-aa99-040cdbf9278d,10.3696,31.1118,1.1336,252.7175,8.2351,-5.3202,-2.396,3.6763,0,411546.1627779101,3378543.7339105266,-110.2303095,375703.3115,35842.85128111559,3395911.2697789064,-116.7359358,0.088417999,0.7258580081776942,-6807573.376,-0.208593928,0.007700561,8.209391896903062,0.016173033,2.4606148808381616
geo-97c78cf8-89ad-4b5e-9fae-5e677863120e,10.7205,32.5669,1.2656,244.0126,7.8949,-6.0571,-7.0931,1.2209,0,122107.97373975372,2289241.1331106257,-922.8293864,82745.0121,39362.96163527674,2290652.421380198,-926.1012911,0.025301091,0.4743367439154017,-6902749.264,-0.194568088,0.008156066,18.747679311996702,0.006680495,0.8395938966295027
geo-97eba8fa-0175-48c5-a8ae-bcf17ab5d351,10.1023,27.1343,1.0393,243.4915,3.415,-3.3211,-5.6051,0.2721,0,63955.32435,622252.8677453964,-65.39606372,24251.08596773817,39704.23838108088,622281.1364039778,-67.92419604,0.014109232,0.1372756713158328,-1982795.903,-0.063399542,0.00876095,9.7294928,0.000593768,1.6617151199171383
geo-97facaf9-002f-4549-a482-14b201520eef,8.3207,26.0863,1.3598,241.513,8.3637,-3.2567,-4.1428,0.1646,0,274954.66152903164,2937323.5578088034,-814.9228452,238166.02942200936,36788.63210702197,2938442.924299586,-818.3692441,0.055561167,0.5935564973433455,-10338468.31,-0.239190672,0.007433984,10.682937839548732,0.013477656703228024,1.3211795230520686
geo-983b6d59-64d5-4c10-83bb-75253b7dc778,10.022,26.677,1.0171,246.9268,7.8974,-4.6413,-3.0277,3.542,0,428442.9886223043,3353399.868312182,-90.41110227,392654.93255143845,35788.05607086496,3371386.9416170893,-96.25445693,0.095125047,0.7445385491616191,-4076102.747,-0.132027541,0.007947447,7.826945375148589,0.017606381426555885,3.5603705481896952
geo-9856684a-8768-4333-8dee-6e07f3d73e52,9.2965,31.7749,1.2142,250.4804,8.5923,-3.6405,-5.1287,0.4846,0,246825.7643567637,3120233.019790778,3903.254727602814,208631.69042673876,38194.07393,3122214.113703926,3898.158173939946,0.051850409,0.6554638204810489,-10501296.89,-0.281966452,0.008025006,12.641439713241475,0.014710522672206246,1.57802459
geo-9871c0a5-0042-4268-a43f-70453ceaca2f,10.7493,29.3637,1.2186,244.3892,3.2122,-4.4395,-2.9643,2.9186,0,105329.55785120264,2249142.6333059226,113.52031978167744,65304.43756142273,40025.120289779545,2250041.255580604,117.89888009805972,0.022104473,0.4720053211147262,-6289495.657,-0.183944741,0.008399632,21.353385309784027,0.006597262,1.0238261785088387
geo-98746336-45d6-4620-b13f-2cb02c287b6c,7.6293,34.3234,1.3338,257.3491,7.4612,-6.1483,-7.1353,1.3703,0,101390.29897001476,2079627.6155929123,-105.0419144,60702.39596753805,40687.90300247793,2081260.7219833971,-104.6935278,0.02062927,0.4231292362635363,-7567645.276,-0.170947274,0.008278478,20.51111039930874,0.007469843,0.8516962471545505
geo-9883df72-8094-4dcf-95a6-2604ed668c1e,9.5697,36.2258,1.1193,242.9162,7.683,-3.3963,-3.4718,0.2178,0,161069.75772800154,2917823.746089105,75.61183247404973,122206.99231341464,38862.76541458748,2918708.8180031017,75.54606044125998,0.034743581,0.6293896948323117,-10877906.8,-0.323706941,0.008382856,18.11527990882339,0.013176226738113849,2.482164346238167
geo-98b3b7b8-4da8-4ac9-8a74-5f74110f1278,9.8808,36.5102,1.3469,241.009,8.7066,-4.5876,-1.5072,2.4745,0,389710.1977689179,3420354.517588737,144.23735961672173,354589.7487884186,35120.44898050011,3432946.6666040085,168.9006802584105,0.07901811,0.6935152057824555,-11362502.94,-0.289246367,0.007121027,8.776661573574888,0.015494229841849734,2.7474708566646506
geo-98cd7c97-4014-4232-975b-af652247cdcd,8.2049,31.6905,1.2815,249.0192,3.7975,-4.7922,-5.8695,0.5459,0,61867.93795335666,328798.7586891639,4.381357733306942,21821.71173242777,40046.22622092878,328923.37246794434,5.396359435707822,0.012764516,0.067837351,-1691180.263,-0.041205934,0.008262244,5.314525900912577,0.000178531,2.1079502024641594
geo-99182b21-1b8e-4bb9-a967-fe159a3c9f5f,10.1608,34.6796,1.197,256.8937,3.2519,-6.8837,-1.8763,0.4373,0,77677.69556912921,-692865.7479,184.1222056430334,37244.871473192565,40432.824095936536,-692920.961,185.2582910043228,0.016398105,-0.146267027,1784067.055909902,0.051566876,0.008535503,-8.919751581,0.000670216,3.7721169873993627
geo-9918a03a-094a-4525-925a-d22a78987efc,9.161,35.2707,1.3177,254.5539,3.0304,-6.3035,-4.7225,2.5797,0,61789.834089132295,607380.8358449886,-193.710412,20588.44674053893,41201.38734859208,607815.9765794855,-196.9770379,0.012625783,0.124108747,-917750.2503,-0.022993279,0.008418813,9.829785834492453,0.000535195,1.793469713136919
geo-9938bdfc-748e-4a3d-aadd-0571b7691b43,8.8129,37.3108,1.0729,254.038,8.0395,-5.7235,-7.0212,3.1973,0,201248.45698720415,3047863.7988307816,180.91430885025608,163069.2645,38179.19247383966,3052695.002,185.0857055078854,0.043973639,0.6659711268703284,-6569793.542,-0.191244293,0.008343999,15.144780956132083,0.016019247,1.8538536584075787
geo-995ac427-fc60-4111-8fc8-415bb3773bb7,7.8148,31.0438,1.3698,245.1309,8.971,-3.6153,-4.9813,3.2176,0,503297.6245467356,3719591.521062146,300.6199472,469147.6412,34149.98339311043,3740905.176835102,303.1893426064929,0.1014157784533577,0.7495073515929102,-11320021.81,-0.247876899,0.0068827,7.390441241227738,0.022881476934200277,3.3110014117764686
geo-997e7b6f-0009-4b3f-914a-77b8dc16e68f,8.7978,29.2148,1.134,245.4894,6.6805,-4.8074,-3.4638,1.534,0,166417.36630795934,2601559.307102137,-115.8655968,128243.13542496196,38174.23088299743,2604290.713847381,-117.7887283,0.035742282,0.5587497757062952,-7714468.348,-0.214167783,0.008200524,15.632739327744783,0.011295638005181729,0.7504341485754533
geo-998149cb-5318-497b-a1df-0eda21915d0c,10.0696,31.0303,1.1593,245.4235,5.2612,-5.6245,-4.2421,0.0153,0,60549.60396417553,609358.6431025531,-196.2456666,20201.248860393844,40348.35510378132,609384.5237927231,-196.0088198,0.012915954,0.1299834761848642,-2616620.053,-0.077478644,0.008606741,10.063792381913656,0.00053409,1.8087353749826676
geo-99b1ebfa-0627-40e8-9215-ee01d1d19759,10.787,30.6283,1.1511,256.2992,8.2084,-5.5287,-5.3616,2.526,0,263982.2341530399,3032485.6774691474,-39.31619965,225906.6240438378,38075.61010920215,3039567.900563478,-44.19911364,0.056427241,0.6482057407592834,-7652697.463,-0.232206326,0.008140455,11.487461219496717,0.012398672668734756,0.9797030479420719
geo-99b88b5f-ed00-4575-8c6c-e704f9e53e12,9.4977,30.5931,1.3963,247.431,7.7614,-5.5188,-6.04,2.2512,0,217967.98304467756,2885073.445729468,2.1961106820850773,180231.0049855591,37736.97805911824,2890273.0213950174,1.3716103739603938,0.043627227,0.5774598332982012,-9781954.458,-0.235301632,0.007553178,13.236225822845359,0.011175713045086862,0.8994400647609891
geo-99be5898-5e8f-40ab-a425-20270d4fdfd6,7.9944,37.1775,1.0607,253.3971,6.117,-3.4598,-4.771,3.8757,0,293135.3733815431,3285937.711632049,198.28279093571143,256217.29044447583,36918.08293706679,3296400.824325873,202.50859329291671,0.06427416,0.7204892530777006,-6204172.687,-0.173617032,0.008096457,11.20962534724562,0.020668990578753738,2.2747665608425276
geo-99ff47ad-4437-49f4-8243-ee9110c10cfd,8.2646,25.2602,1.181,241.5843,5.7519,-5.2275,-6.876,3.9493,0,225475.62357426927,2569758.7058520457,-38.54696265,188717.49052267175,36758.13305159666,2576968.5930957543,-38.12410276,0.047808881,0.5448805821000283,-5157667.384,-0.136093103,0.007793995,11.39705776223567,0.011434863,1.4490996506856895
geo-9a4e450d-f5f4-490c-93ef-684412c144a8,9.0652,31.0902,1.001,257.9482,8.3239,-4.3551,-3.4576,2.142,0,317781.0893178079,3142362.904603246,204.65613276254996,280671.9157267594,37109.17359104931,3150801.792910536,208.4385174243443,0.070884891,0.7009418112408183,-5224793.33,-0.162938267,0.008279319,9.888451548,0.017251889592510325,2.284813489413171
geo-9a648ae0-3818-4ac4-96bf-be75b1fb735f,10.6746,32.0231,1.0434,249.2309,7.978,-5.4314,-7.1843,1.7858,0,164486.74185661742,2618419.369276168,239.26408546925228,125854.19267028502,38632.54918633351,2621044.4799191565,239.82267526288055,0.036244905,0.5769727145176776,-5104803.607,-0.167261545,0.00851446,15.918725969772288,0.009926795,1.5472809957065818
geo-9a8d3212-e187-4cfc-8151-0ffd3f1491c6,9.46,32.0574,1.0105,243.7308,4.0805,-6.9154,-7.3516,3.256,0,70117.41771840215,1011327.3644615436,18.615842848705377,30434.67563802292,39682.74208,1011740.7463734326,18.52448390433571,0.015600776,0.2250153044025828,891650.0569748875,0.028661557,0.008829166,14.423340125318553,0.001703661,3.2079727293686444
geo-9a8fc726-1803-4385-b6a3-98a0ab86d5fc,9.302,33.8953,1.0694,248.3452,6.1142,-4.9723,-6.7069,2.7187,0,133393.46373670982,2584071.5381805017,60.89330917126821,94209.32748737949,39184.13624933051,2585998.5089053907,59.85564249544938,0.0291821,0.5653098215228566,-5151082.599,-0.156984768,0.008572154,19.371800280116435,0.010935707,2.031278906
geo-9ac602d7-3231-4ab5-a597-c1d88817b293,7.7808,27.7691,1.1969,256.6495,5.5829,-3.8127,-1.7314,1.5327,0,188469.08226907303,2682337.379,518.1256222756145,149534.6667301796,38934.41553889219,2685835.479093658,517.0116307554666,0.03978775,0.5662688404187286,-8712168.611,-0.220377393,0.00821941,14.232240891239478,0.013118108074955072,0.6823512851285071
geo-9ad3db18-3c81-4cc5-80aa-d276da8b7258,10.4495,25.2444,1.1491,257.6468,8.6063,-4.2046,-6.3016,1.8187,0,339933.02063548384,3079025.822577091,-95.92382676,302123.60347180325,37809.41716368148,3087179.8697178643,-91.65021887,0.072717506,0.6586564588065756,-6620599.884,-0.201256589,0.008088041,9.057742660071794,0.013215163077392419,1.6976117095542675
geo-9af1616f-43d5-4723-831a-acfc93cadbb5,8.4996,32.7524,1.0911,248.2718,3.9331,-6.0508,-4.263,1.8259,0,59993.47381750999,733767.6268,95.96742294,19961.069956656786,40032.40386085368,734160.4198986526,98.58759630992576,0.013044078,0.1595393851228933,-1784710.149,-0.05113936,0.008703997,12.230790785458478,0.000953208,1.5090076410818634
geo-9b2cfd00-675e-4843-9755-0bd6a8614fee,9.4767,30.5801,1.1006,253.623,4.7981,-3.4646,-6.3634,2.3837,0,141182.28437476794,2539574.953579231,-45.44306467,101646.18352340034,39536.10085,2541822.1805709293,-43.24347705,0.030607983,0.5505738048906146,-6008695.299,-0.177589863,0.008573063,17.987915161068955,0.010181788800019586,1.3385139953598941
geo-9b32ce80-cd05-49a7-9f6f-b443b09ec5bd,10.2311,30.516,1.323,244.0288,4.0203,-5.4562,-2.2846,1.0291,0,63592.46716,919779.5729597722,172.65785444942065,22962.918579150104,40629.54858421609,920188.7317,172.79925254773917,0.012975851,0.1876782392608141,-3983957.405,-0.105063747,0.008290293,14.463656058459062,0.001095861,1.5473732785626417
geo-9b7138e3-fc5c-48b1-86f0-82ee15fdf7a4,9.973,30.6919,1.1285,256.1174,8.8718,-4.1337,-2.1091,0.0634,0,258712.5639378775,3089404.901299219,-530.7534922,220282.1276137716,38430.43632410551,3089906.7074399134,-533.565764,0.055650476,0.6645477582706387,-9672485.714,-0.287098367,0.008268265,11.941456782288563,0.014095377219629382,1.7360753294018434
geo-9bb48c67-e10b-4f56-aeea-6b84c4ca712c,8.0343,32.6716,1.2366,253.0194,4.9139,-3.4947,-2.3246,3.6283,0,273697.6228227884,3235276.041777266,-157.1624624,236154.4033834189,37543.21943936972,3244352.858900995,-163.1690981,0.05714562,0.6754967546275256,-9687083.412,-0.237735212,0.007840272,11.820621634964008,0.018077927,1.0528491383471292
geo-9bd9ec7b-e63d-4971-a3cf-c4a848fdf346,8.918,33.2342,1.3485,257.4735,8.5318,-4.9903,-6.1906,1.9325,0,248341.21185737711,3141604.413451873,466.4920860351125,210209.52649078763,38131.68536658953,3147364.215,464.8899162248754,0.050332731,0.6367268983470855,-11166382.48,-0.269726787,0.007728326,12.650354687228102,0.014470683775497113,1.4027506106777632
geo-9bdcc07f-7b4b-4a78-b4b0-47dee60eea5a,10.3627,28.7068,1.1264,246.3434,8.9371,-6.2812,-4.7141,3.6426,0,376697.8623988805,3295055.0713003604,-190.3956092,340555.0024066814,36142.85999219964,3310203.9911675816,-190.5837241,0.081094185,0.7093478180673549,-6156779.25,-0.189626596,0.007780666,8.747209369113055,0.015455949005277986,2.1996191913427903
geo-9c2349fd-8fa3-4536-b304-beb8a1fa83dd,7.9523,28.7543,1.0609,251.9371,3.7793,-5.2713,-2.8179,1.1735,0,62590.63084079291,786585.6144782755,55.614150896902544,22751.90185081957,39838.72898997422,786963.6536768014,54.54175712674643,0.013725959,0.1724961394820392,-2915165.782,-0.08267876,0.008736482,12.567146295090868,0.001191012,1.4744175468686556
geo-9c2db28f-e10a-4906-b98e-7dfd8b52d881,7.7288,31.9062,1.0876,256.2891,3.8856,-5.2034,-4.1875,1.9174,0,67576.64348729061,1139014.640510328,-124.7777095,27263.550956961928,40313.09253032856,1139554.8496855744,-128.1784547,0.014707401,0.2478954938971714,-3255143.459,-0.089181116,0.008773708,16.855152634571994,0.002530902,1.0894089880504467
geo-9c4182d8-1029-4ba0-8aab-0825d246376c,7.9,28.7497,1.0602,243.0255,7.1091,-4.72,-7.0722,2.2044,0,184445.8669730657,2539345.6237559384,-163.4628865,147113.72273303996,37332.14424002644,2543290.404639422,-166.9359037,0.040456565,0.5569829404783786,-5354386.898,-0.151439543,0.008188432,13.767430332970001,0.012499908191448873,1.4286059721365645
geo-9c603a89-bb37-471d-83e2-5d2b6321db36,8.7358,30.7042,1.1626,256.6975,4.0818,-6.0054,-2.0701,3.5834,0,113797.81242520169,2354936.5029266365,1.346400234416052,73576.72859393735,40221.08383126388,2355650.582761639,2.038992421860556,0.024252234,0.5018766961042312,-6231861.664,-0.171440933,0.008571746,20.694040181787532,0.009177862,1.2791002551863406
geo-9c63a571-24a8-47b8-bc50-abac229cdf29,10.4561,37.3544,1.3494,249.8324,8.9774,-4.3079,-7.419,3.2917,0,399977.5812480782,3440416.3072286067,386.1708866383418,363586.2632029852,36391.318045093125,3456110.4064649893,376.7366523948886,0.081046516,0.6971234594730638,-10465708.31,-0.273551329,0.007373848,8.601522856589222,0.014794483,2.586416125614724
geo-9ca92123-dc28-49dd-b08f-c18ec745df2a,10.7504,28.0497,1.3586,254.4707,6.7387,-6.4569,-5.8727,0.379,0,78846.53098733307,1358999.7156312836,31.15088371429733,37496.299246710485,41350.23174062179,1359538.5334741147,29.686493710996444,0.015937853,0.2747050235690301,-4275110.63,-0.112527129,0.008358395,17.236011510127504,0.002234389,0.9551181538873982
geo-9cac5011-30c9-4989-bee5-e258f8b1c313,9.873,25.209,1.3231,244.8387,7.5042,-3.8959,-5.4581,1.8374,0,299706.5771512031,2988155.874404321,8.731770481160694,262636.78873059206,37069.78842061068,2995344.1731875623,12.485518943712153,0.061152598,0.6097079875386326,-8388873.199,-0.217306448,0.007563738,9.970271266008265,0.011985185,1.214262099559675
geo-9cb34e0c-2d76-4995-9bf5-96af5f0ec829,8.0749,29.8849,1.1765,253.6522,4.2539,-5.2133,-1.6259,0.0462,0,61474.91599538877,524351.0453,129.15223793618372,21279.460457882808,40195.45553750663,524328.1029405975,130.58295961536516,0.013051069,0.1113192554826508,-3753356.308,-0.098230203,0.008533414,8.529512189116996,0.000488488,2.310094576364991
geo-9d077bcd-7827-4376-9b98-66b841b05ab1,8.3362,34.1203,1.2467,244.4428,4.648,-3.4306,-2.2829,0.6627,0,85962.76935,1831436.621707624,-4.060211517,46001.28876777719,39961.480584270656,1832271.486243955,-2.63972283,0.017899167,0.3813417227926091,-8447632.588,-0.209569219,0.008322459,21.304997913773878,0.005552782,1.6722257761109058
geo-9d450b9d-a045-4956-80f2-2f87b1c6053b,8.6948,29.969,1.0423,252.9582,5.9808,-3.7605,-3.7931,1.922,0,190609.4966257824,2815799.305188004,656.0956616,151979.42847181766,38630.06815396508,2819599.7728675343,658.7124228,0.042023044,0.6207899353464105,-6243823.969,-0.187810857,0.008516598,14.772607635159854,0.014108468247595428,1.4119030806032087
geo-9d4f0a43-68d4-4f6e-b536-5b76e83a2075,7.5259,29.6089,1.2971,251.7999,3.1461,-4.7922,-6.9602,3.8326,0,103152.12564466956,2004920.564449552,186.68109497731527,63270.20654843572,39881.91909623339,2005386.0922619796,189.40744922950185,0.02118913,0.4118434016351761,-4878331.412,-0.110699601,0.008194051,19.436541437410156,0.00717391,1.553963311886955
geo-9d7e7500-9bf8-4cd0-9b1a-a6740886de04,10.9927,36.9028,1.1877,254.2377,5.6667,-4.1222,-3.9128,3.8133,0,242891.0482440567,3205088.606006104,-562.173129,204649.2192486745,38241.82899538177,3212092.074,-556.2091358,0.051406611,0.6783401153322473,-8557264.971,-0.259089007,0.008093639,13.195581431167579,0.013324188044127248,1.1369528661778212
geo-9dad1642-73d4-400a-9192-a12a41f07ac4,10.4751,27.0464,1.0255,249.6466,4.4197,-5.2146,-5.8352,2.9474,0,112630.42506010736,1818364.4402699876,-88.06081144,73354.41637573425,39276.00868437337,1819628.5680086345,-90.29654725,0.024946258,0.4027454309964713,-2218411.416,-0.072993642,0.008700911,16.144522577266223,0.004928936,2.157236628447957
geo-9dca1213-98c6-4526-8461-76dc4d2a7556,8.8981,34.6663,1.1587,244.3592,5.9531,-6.4696,-3.5775,0.5723,0,61854.09075532204,963232.4948215872,54.80522321944706,21735.253689863493,40118.837065458094,963613.7635898108,56.66261118478019,0.013193679,0.2054606278569823,-3863420.129,-0.10585686,0.008559206,15.572656279628976,0.001510115,1.3891180732918862
geo-9e0ce3b4-294a-44de-9180-2d4c6e5dbcb4,8.4614,28.3467,1.0843,254.0704,4.315,-6.7592,-6.0835,2.4751,0,68035.00616,883692.9835487165,148.59225955985417,27912.05667,40122.94949565349,884344.2316261716,149.95150289312994,0.014817931,0.1924671180903747,-1077703.833,-0.030473655,0.008740488,12.988798464273907,0.001393545,1.7331481574998628
geo-9e18c843-8f6f-4283-8fc2-88745af71489,9.704,30.3967,1.3301,249.9282,7.7566,-4.8715,-6.3914,0.98,0,165745.21291847643,2609220.336822072,-426.4320162,126932.6419774318,38812.57094104445,2611217.0443377555,-426.5854752,0.033749227,0.5312923770539667,-9356981.633,-0.235201437,0.007904655,15.74235714491164,0.009259052,1.106329565049033
geo-9e25f233-1104-4a07-b91a-113cbbb9d104,10.5273,30.4257,1.0368,245.2653,5.0815,-5.2574,-3.816,0.9715,0,68873.40877786822,1343218.5656389715,78.67614848928261,28748.510237212824,40124.89854065545,1343750.4308702324,80.81816626541035,0.015208271,0.2966026039385482,-3169489.758,-0.105343595,0.008860127,19.502716497903442,0.002660009,0.9973078521771607
geo-9e2b3094-d0da-4d1e-a353-1686c7505d3c,7.5608,32.7702,1.3433,255.5226,6.8964,-6.2481,-2.305,2.5529,0,173524.0061731533,2851383.3849490825,729.8581617590155,134682.55502292165,38841.45115023133,2855286.5209556115,737.1912151386439,0.035217364,0.5786992092232202,-10795612.9,-0.241045693,0.00788298,16.432212740085088,0.014098994949770212,1.0784386445587761
geo-9e67737d-421a-4b61-b986-82c76b4eb8ea,7.5142,28.495,1.0224,247.7768,4.3224,-5.5245,-4.2293,3.4736,0,119905.92705842928,2284624.646710782,-262.4781635,81082.94959352145,38822.97746490861,2286046.0346627184,-264.7351456,0.02658143,0.5064686265480705,-3935049.343,-0.109921046,0.008608237,19.053475526672536,0.010866069,2.459191542486508
geo-9e783e98-a10d-454d-8c4e-0d083cfed390,8.6737,37.0349,1.1642,251.4033,4.2153,-5.5948,-1.5075,1.124,0,60608.04701101973,877407.0584046288,-39.41134094,19991.858340073155,40616.18867094744,877782.3024612386,-40.56904506,0.012908198,0.1868686570420991,-4352997.898,-0.117266159,0.008652113,14.476741978587507,0.0012815,1.7356864768545328
geo-9e805181-0495-43fa-b55c-d0a3e97e70cb,9.7264,35.0542,1.077,245.4579,7.823,-4.4905,-6.3607,1.3626,0,161976.50678067916,2889252.4624236277,468.5957781115794,123186.9675709492,38789.53920972985,2891700.017060013,469.02251571984783,0.035358686,0.6307098028037873,-7372621.515,-0.228430044,0.008467524,17.837478532215528,0.013018386569732355,1.3618267873369991
geo-9e9c2563-c421-433e-ab26-40fce2e5a9f5,8.6401,35.4452,1.2785,244.9148,4.0487,-6.8995,-6.9764,0.5546,0,102008.27221631624,-601336.8938,-260.7368893,63193.485492238506,38814.78672407701,-601016.1756,-262.1934291,0.021063173,-0.124167016,3281267.628,0.082227376,0.008014627,-5.894981659,0.000567994,3.7583541889498653
geo-9ebb8aca-18d0-46e2-9bdc-fcb7555f0eaa,10.6121,36.1119,1.3086,243.0449,4.3854,-5.2697,-5.1167,0.7773,0,60298.31046223714,667145.7182785425,45.90194151567574,19455.35036178867,40842.96010044884,667387.0611830675,46.40876497747706,0.012348318,0.1366228621392815,-2240018.098,-0.059839966,0.008365802,11.064086425711045,0.000559881,1.6171237562671088
geo-9ee51c33-1fc2-43b5-a6b3-db85d1d35167,7.8156,27.5218,1.2024,245.5431,7.7041,-3.0879,-3.335,2.3972,0,408249.3821219066,3384594.571676328,93.02312581599205,372604.76211315393,35644.62000875204,3397790.745374554,95.45896648,0.086037865,0.7132975641236043,-9132803.029,-0.226864422,0.00751356,8.290507517940766,0.020721886229442613,2.3603446747300896
geo-9ee7777c-1c5f-4e3a-a5ab-de24c758e349,9.6307,28.0226,1.0572,253.656,6.5197,-5.5264,-4.0426,1.7153,0,138115.0506146128,2260569.185674289,-467.5898666,99090.54997756083,39024.50063705116,2262567.0245652064,-468.2962591,0.030320255,0.4962604228558859,-5223515.894,-0.163493625,0.008566963,16.367290716071555,0.008139759,0.8979570848830312
geo-9f0a018a-809d-4b95-8e1f-f3446c07388d,9.7043,29.3475,1.3173,252.1689,6.5111,-6.1311,-5.866,3.0544,0,176524.59231703338,2556675.7188024176,-161.0315892,138008.15515928162,38516.437157752014,2560638.7808997766,-161.2350743,0.036066393,0.5223638863656316,-7494003.667,-0.190193828,0.007871025,14.483396818788275,0.008950189,0.45427254098401876
geo-9f1e8803-28f1-4894-982a-d3317289875b,9.8887,30.5388,1.0283,251.6467,3.1498,-4.6407,-6.9882,0.5116,0,81238.35995864912,-249214.6321,117.05676729770649,41659.22313,39579.13682935708,-249078.6027,120.14717127884064,0.017982524,-0.055164927,1037743.0322845152,0.033645889,0.008760997,-3.067696495,9.795734795406382e-05,3.1051886659216508
geo-9f2d8d5d-80e4-4bc8-9aab-3037e0c75dd9,7.6825,35.5126,1.088,241.1634,4.6118,-3.1335,-1.5937,1.2034,0,102504.60746290062,2130998.477432738,-54.35044978,63461.83225303143,39042.77520986842,2132432.417561269,-55.6360566,0.022306609,0.4637386634721491,-7973167.457,-0.217719093,0.008496275,20.78929455150617,0.008910338,1.273498119816153
geo-9f549d04-a0fe-4def-9c4f-a5efa8e6b65b,8.6402,26.2779,1.0254,250.761,4.154,-6.8718,-6.802,2.2546,0,74009.00949963626,467959.0153428587,-83.85433065,34591.50362,39417.50588,469123.50070088106,-85.13882262,0.016395957,0.1036716451461571,294694.32825155085,0.008950877,0.008732509,6.323000652,0.000395955,2.188185118241058
geo-9f60587a-8c1c-4949-8b7c-aa7219114966,8.6039,31.9464,1.2691,242.6882,8.1066,-4.6192,-6.5424,2.6737,0,290988.0608050759,3183064.2717812774,-71.12575236,254487.62591916896,36500.43488590575,3191871.8900259123,-76.18865934,0.060236683,0.6589178724480713,-9608602.63,-0.241992924,0.00755582,10.938813994549148,0.016062655616328927,1.185883478660079
geo-9f63b3d7-19ce-4c28-aa43-8b920118ea2f,8.0204,25.6563,1.3828,253.9126,4.1586,-5.254,-2.7316,1.1213,0,79016.70812997241,1169156.3036219142,-128.9764538,38747.38360906448,40269.324520906885,1169975.606854769,-125.6284171,0.015868011,0.2347881236572868,-4938696.93,-0.108500079,0.008088455,14.796317529437244,0.002187794,1.1866602840125955
geo-9f740fdd-9f26-43aa-9b7f-6f21deaaa199,10.0398,28.2855,1.3378,249.4126,7.9935,-4.8073,-5.6236,2.2951,0,296842.8170531981,3101599.0094139134,74.05669480417167,259489.33983312204,37353.47722007607,3109819.2515755408,75.61786185626593,0.060320464,0.630265856,-9366300.456,-0.23809643,0.007592011,10.448624090702076,0.012594259195642783,1.2849394181257014
geo-9f8ba6e8-bf7b-48de-928d-2cc69030fba2,10.1343,34.0151,1.3167,240.4681,3.3142,-6.82,-1.7477,2.0823,0,58462.732574038026,545722.6213385119,-70.30049277,18006.571948050547,40456.16062598605,546114.8935517169,-72.26878239,0.011946642,0.1115163899477935,-1856443.278,-0.048169779,0.008268735,9.334538385584477,0.000390601,1.757953917560792
geo-a035138e-580c-47d5-a901-a847c06d3b8a,9.3338,29.3952,1.0574,249.1313,3.0404,-6.3244,-4.6255,1.9647,0,64807.02445399037,140252.47997890093,-3.379278499,25046.07388302376,39760.95057096634,140995.11258937867,-1.360819718,0.01422326,0.030781347,397315.5124,0.012044049,0.008728136,2.164155524197425,3.231222660150133e-05,2.376223853278444
geo-a037a677-8788-4c44-93a0-1ca7b454f89a,9.8876,25.3636,1.2455,241.8749,4.6688,-6.5308,-5.2749,1.5074,0,71050.90377260109,780882.3922233946,58.373482702996654,31360.723761232544,39690.180011368335,781651.8999132104,57.83725496282086,0.014799028,0.1626481832318606,-1623066.654,-0.043891887,0.008268645,10.99046388941963,0.000851643,1.5512543364848843
geo-a03dbcf7-250b-47d7-a38e-37962064e74a,7.985,27.5538,1.1382,253.1337,8.3509,-6.267,-2.7255,1.5559,0,206255.28985002576,2644920.209,167.8352209110192,168465.20915981347,37790.08069021237,2648834.5580879943,167.27151388400802,0.044255727,0.5675144941246038,-7698453.836,-0.206275927,0.008108489,12.823526663216024,0.012838938611324667,0.5131242289746921
geo-a05d88ce-38e4-4ef8-8862-892825b457d4,10.1926,27.6335,1.0255,253.2111,4.7712,-3.218,-5.5817,3.082,0,215486.80968739672,2690910.444308036,114.54648724253632,177138.74307686512,38348.06661053175,2696479.451978555,119.7402623449347,0.047727687,0.5960036737766572,-4046224.342,-0.13132769,0.008495342,12.48758774707232,0.011093357775158212,2.156873700503362
geo-a0bf9735-9fc4-4def-b615-2543ac408a7d,9.6693,36.7564,1.301,246.769,6.3451,-5.164,-5.968,1.2574,0,87295.78266518899,1983520.8842733733,235.51266735119705,46590.11901,40705.66365862003,1984646.006871147,235.26135215004828,0.017917025,0.4071077948553869,-7176510.436,-0.187053976,0.008354591,22.72184089,0.005455995,1.1113654987086767
geo-a0c8cce0-54e1-4d8a-87f6-ed322848a44e,9.9234,35.0217,1.1837,250.0485,7.4135,-6.9656,-4.2463,2.3198,0,118133.0376150725,2498488.415926765,-899.3742369,78421.38298914384,39711.654625927615,2500093.3645903915,-902.3754635,0.025029788,0.529374655,-7417494.601,-0.214027032,0.00841398,21.149785583842444,0.008989094,1.1995453829550198
geo-a0eecaf8-8ede-4791-94e1-9e88a2237a5a,9.3823,26.1444,1.2317,256.7947,3.3767,-3.4422,-4.0684,3.7956,0,207785.61072370436,2610001.4968949803,85.94070351534702,169004.34683442093,38781.26388928358,2615697.390394954,87.98698598267771,0.043441584,0.5456710824889373,-6322236.653,-0.168291672,0.008109607,12.561030996345234,0.010101891282838449,0.7838312495390523
geo-a0f969ef-5ff9-4642-8722-2b04ad2b2fbf,8.7424,32.6271,1.2451,244.8031,3.4738,-3.8856,-5.8966,1.4745,0,67578.46574659378,1155529.760749087,65.48522725,27378.258839557777,40200.206907036736,1156061.471887823,65.26739505912256,0.014077287,0.2407086978815925,-3840584.184,-0.097689181,0.008375806,17.099082495925426,0.002109614,1.0947356654620073
geo-a11e156c-9075-4b9b-909d-7added69ba3a,8.0191,32.4272,1.1602,255.7513,8.7895,-4.6247,-4.689,2.3732,0,330971.6275160015,3281569.662792938,54.352842346383454,294122.7546709669,36848.872845034326,3291394.582141408,56.10653238876172,0.070582581,0.6998232986653796,-9094330.017,-0.240143891,0.007858302,9.914957627702647,0.019440225,1.5542653698887523
geo-a18b3434-1552-44df-9915-af41f26cfe96,10.0813,29.8825,1.3875,244.791,4.3579,-5.3397,-4.0305,3.3778,0,138461.4107420049,2362933.756928812,-38.75949421,99461.95943230463,38999.45130970066,2364959.5618461394,-42.12777186,0.027777265,0.4740370328404574,-7521012.47,-0.187615563,0.007823785,17.065648430606146,0.007095094,0.6481186552718445
geo-a1ae7226-6427-447f-980b-c14c0aee46cb,10.711,32.4762,1.1025,243.7485,3.305,-6.3972,-2.8962,3.99,0,82062.01472617236,1845527.4087325176,-20.08059611,41937.21181140769,40124.80291,1844540.1087399835,-22.5196935,0.017785007,0.3999745644644495,-3053266.976,-0.097363345,0.008696059,22.48942357667865,0.004754281,1.9178025767543803
geo-a1b11714-0e61-478e-bec0-b8aae1620b0f,8.5574,27.9346,1.2844,256.8941,8.6658,-5.4514,-5.7105,2.0561,0,271579.8253523317,2965361.607541552,-210.6290045,234065.29527135237,37514.53008097986,2972278.551570603,-214.9646584,0.055988453,0.6113340981017952,-8928145.266,-0.221674729,0.007733893,10.918931859884914,0.013901623887255448,0.9538530289678567
geo-a1c8a2d2-12ed-49c0-96d7-5ecd8f2fe395,8.7288,33.0488,1.0542,253.4671,8.8099,-6.8399,-5.2527,0.0749,0,87680.48946,1874488.9035925893,-34.9801481,47313.603796453885,40366.88566517404,1875084.118307836,-35.59039666,0.019264905,0.4118573198952459,-5257779.8,-0.157029609,0.008869249,21.378631838191865,0.006185704,0.918917973
geo-a1ceee06-124e-4923-8bad-6ec2961e6af6,8.7409,29.4489,1.0183,252.1787,8.1843,-5.1,-2.7874,3.6134,0,403547.07944362186,3331336.6019289056,-31.11454516,367680.1452584958,35866.93418512639,3348129.171421767,-30.25238601,0.089585054,0.7395369328647892,-4533547.571,-0.139250446,0.007962204,8.255137434080497,0.019916531665628377,3.2740388011754082
geo-a2150abe-8c19-4071-9679-fbae348ecb76,10.7708,33.2987,1.0993,255.8868,5.8503,-5.0524,-5.1692,3.2369,0,166351.8106279489,2787131.8236067737,-36.05776168,127094.22236473112,39257.588263218735,2790021.7465807823,-33.8830851,0.036085376,0.604590348,-6427959.94,-0.206049594,0.008515792,16.754442365765776,0.010802507696894323,1.2365575040240506
geo-a22ecac3-d78f-45f4-abd6-3d238b0a7ddf,7.9558,32.9673,1.278,256.9149,6.3678,-4.9516,-5.6076,0.4517,0,82651.09637348632,1649317.495038892,306.0681025136497,41834.63704140054,40816.45933208652,1650064.6609385589,308.3441439173472,0.017068499,0.3406049581173017,-6786904.242,-0.163264887,0.008429072,19.955179875484152,0.004641605,1.073087782743986
geo-a26e3f10-fa71-48d4-8ec7-945ab5ec2f33,10.3158,25.4834,1.1843,257.7184,8.1253,-4.1089,-7.352,3.4548,0,427487.9080157636,3366942.193381191,-162.1911655,390529.23202684463,36958.67598891915,3384650.3537921817,-157.8031811,0.0905603,0.7132629733366308,-6346872.652,-0.186635603,0.007829394,7.876110950153574,0.015698081267803504,2.6790886264915215
geo-a273f97c-d4a7-4a46-93a0-3991e453ddc1,10.6502,30.8445,1.2189,257.9463,7.7546,-4.2532,-4.3078,0.7934,0,202142.5495910368,2910966.8723134794,-1907.775226,162922.33565931593,39220.21393172215,2913114.573002617,-1908.063656,0.042409399,0.6107192916386497,-9973662.856,-0.285615187,0.008230041,14.400564741083834,0.011147452785549076,1.777476106925397
geo-a2827a46-88cb-46ac-8f8a-d131c42f1e46,9.1164,29.573,1.1711,240.5981,7.2344,-6.2921,-4.4799,3.1822,0,216077.1986906073,2791713.226858145,-41.78346706,178970.24834626657,37106.95034434125,2797562.310394685,-44.26450481,0.04594148,0.5935630355672881,-7106747.172,-0.198436485,0.007889492,12.919980654023034,0.012301567366673767,0.7316250845150158
geo-a2c948e0-69be-4fe9-b69c-96777bc321f7,8.924,36.7198,1.3826,249.879,7.3071,-4.9919,-2.9665,0.7545,0,117753.08885484154,2552811.757138165,536.3655507522288,77458.69975755585,40294.3891,2554295.141530818,540.1585926810258,0.023648225,0.5126784084502276,-12242820.33,-0.283756397,0.008093912,21.679361297138637,0.009375202,2.346121783936336
geo-a33b8574-69a4-4caf-af4f-72cde6500090,10.3884,37.258,1.3067,241.2928,5.0488,-3.6534,-6.026,3.2259,0,163163.43201664995,3024798.0390537875,-37.30089982,124222.0919300573,38941.34008659231,3027521.750530939,-38.83577169,0.033437616,0.6198817633341979,-10300517.23,-0.277094436,0.007980334,18.538455594297204,0.011773868563344303,1.6462617742071488
geo-a34804e5-d734-4da1-9382-7df0f0740a3c,8.3961,30.3289,1.3217,252.8473,5.0981,-6.7967,-6.7626,3.0249,0,88420.88701156272,1718748.2191271365,75.8679141,47985.87458,40435.012427008616,1719523.3719489535,75.71859911828679,0.01804824,0.3508263824061167,-4017801.736,-0.096078911,0.008253445,19.43826031627998,0.004666132,1.386569502591346
geo-a349e152-bc9f-4b62-9984-9983266eeb28,8.9473,36.0898,1.1443,247.2158,8.9993,-6.0256,-6.8473,1.0183,0,129850.70170725034,2596480.421625778,113.91339246521552,90407.87976795544,39442.82193929504,2598183.468418746,112.7130442599518,0.02781443,0.5561743049857963,-7789765.016,-0.219918414,0.008448732,19.995890568844022,0.011004744642795845,1.2050930239078534
geo-a34ba1fb-a56e-4bad-8e71-1482655d8c6b,10.1778,36.4338,1.1148,252.5098,3.2385,-4.5191,-6.639,0.6069,0,62220.122420354826,25023.00371727492,26.742125354283928,21624.632636329658,40595.48978402436,24997.92977490336,30.131475064380183,0.013435381,0.005403293,699355.1752919295,0.021190239,0.008767678,0.4021689888075014,9.130894353037661e-07,2.5228058964781375
geo-a3508902-1022-494b-acb2-8bd118d2bc0e,8.3805,33.6581,1.3267,241.2269,5.9812,-6.0227,-6.2355,1.7292,0,82734.62651639244,1722098.0206172825,-101.1657512,42764.91876343289,39969.70775295997,1723178.1276869564,-102.8139531,0.016865194,0.3510442682234159,-5600766.661,-0.133307242,0.008147656,20.81471921887599,0.004680626,0.883518989
geo-a36d8a8f-093b-42bd-9ffd-cd822f8d611b,8.3798,35.6834,1.1508,249.9517,6.9936,-4.9886,-2.1471,1.4241,0,141490.7865659297,2735218.682321182,-155.1731479,102158.88428952589,39331.90227640414,2737563.488939162,-153.9227045,0.030253001,0.5848336593309382,-10232008.51,-0.27817684,0.008409748,19.33142608580144,0.012992155014164111,1.7988991367936893
geo-a3a6e0da-44fe-4317-9d7f-88e2bbd7f874,9.7014,29.4934,1.123,246.4575,8.2543,-3.2042,-7.0293,1.2116,0,283655.0425404894,3051195.8039021683,-77.52444594,246343.6649080868,37311.37763240416,3055813.8304778687,-75.96045509,0.061122429,0.6574764125046477,-7500248.926,-0.22409211,0.008039871,10.756712718994368,0.01418326,1.1170829536224283
geo-a3c5e20a-473f-4f30-b0de-d5727438275e,10.2749,26.8948,1.3664,242.1857,8.1342,-5.9678,-4.5523,3.7493,0,378322.2979786302,3351628.906066813,25.667935807441253,342316.2571461102,36006.040832519684,3367312.637718491,23.29159124332241,0.076300913,0.6759642444608395,-8726962.426,-0.219676702,0.007263248,8.859189437087158,0.014155329,1.8725308462081753
geo-a3ca6d61-478e-4e3f-9da0-c6b2fd74161b,8.2818,36.8302,1.3283,253.8203,6.9321,-3.0747,-1.6979,1.8946,0,306778.7114458432,3374093.974458273,233.9988376988956,269226.8157548839,37551.89569,3381885.242183984,237.33607328102988,0.062509365,0.6875068743978043,-12789946.9,-0.302260362,0.00765155,10.998461915940053,0.018166844,2.1458011691445678
geo-a3d9821c-e655-4293-8658-fbb211d43787,8.1569,25.0859,1.1443,246.0423,8.6071,-5.3106,-2.2438,0.8246,0,243828.03321707537,2717138.1475537107,-374.6711901,206716.0888137709,37111.944403304646,2720111.4417981133,-375.1112962,0.052217916,0.5818990116821455,-7892539.293,-0.20933197,0.007949454,11.143665934157356,0.013213571783271882,0.7607223562362576
geo-a3e49498-68e1-49d7-be8f-2d18bfe84103,7.9748,31.4596,1.2576,253.0858,7.3372,-3.9918,-3.1841,2.7657,0,338936.1672633425,3323283.6787476297,-336.7038767,302342.71964147134,36593.44762187071,3334587.2803789377,-342.0597258,0.070380159,0.6900804851695107,-10258390.25,-0.250902379,0.007598596,9.805042954196013,0.019007710965136742,1.6655850857415853
geo-a42302f1-23cc-40c1-87a4-7f1021b8f17b,9.3143,37.0052,1.2733,243.5183,3.0023,-6.1427,-7.3197,0.6696,0,112008.86163617036,-762293.0507,-7.874872297,73239.44100181574,38769.42063435533,-761815.2499,-6.836596139,0.02316048,-0.157622108,4491787.739942102,0.1173310316835661,0.008016452,-6.805649477,0.000849052,4.157736310514101
geo-a4331d58-8a67-4bd9-a698-eec562889400,10.1419,35.7677,1.2123,250.451,5.1309,-3.0067,-7.2018,2.1097,0,128244.65476472308,2628606.189158109,101.62907344632444,88100.32177,40144.332992644246,2630487.345112571,103.98401357186528,0.026959786,0.5525895843825702,-8124443.436,-0.23190422,0.008439158,20.496808962373812,0.009583766,1.282831087371712
geo-a437f073-9b02-4265-ad5e-4ba433bc6e2b,9.0428,36.0384,1.2056,242.9033,6.2127,-6.5611,-4.6162,1.237,0,69734.19703589335,1355899.166776716,119.13186826227285,29542.310563546704,40191.88647234568,1356617.3779906435,119.27424146985702,0.014686527,0.2855621830138282,-4513240.363,-0.122264919,0.008464658,19.443819881927332,0.002870441,0.9732249658085748
geo-a474f92e-ed3d-4cb0-885c-097296996e08,10.7559,33.7977,1.3305,240.2015,8.9934,-4.6428,-5.6369,2.2033,0,334317.77810873894,3353417.243100514,-143.4073937,297940.1102,36377.66791,3362671.529530765,-143.8741081,0.068066951,0.6827542628690756,-11073578.19,-0.292961063,0.007407973,10.030627931517913,0.013795333764279872,2.267087583963215
geo-a498316d-cd97-4fc2-a491-56d85438bd7f,8.4131,35.6806,1.0073,243.9059,8.2073,-3.5794,-3.8349,3.1317,0,396599.6781746202,3311782.166348479,210.52776732466052,361729.8626983974,34869.81547622323,3326933.444513597,204.86244328390228,0.088323224,0.737537863,-4062288.645,-0.123443012,0.007765509,8.350440882,0.020580822067561125,3.5175231226473933
geo-a4a633bc-8b96-4d04-940e-6292a086e81e,8.9967,33.4177,1.1967,246.8377,8.7301,-6.9668,-4.8958,0.881,0,110376.18235301095,2319070.9258919405,-430.3576408,70824.55578946433,39551.62656354612,2320360.896500853,-426.8480891,0.023297993,0.4895050422169257,-7866882.038,-0.21057355,0.008350167,21.010610046966328,0.008477762,1.1182439753359603
geo-a4a92686-16f0-483c-abd1-5aa84d428545,10.9848,34.0519,1.2736,251.0397,3.5475,-4.0346,-2.5944,2.9319,0,108450.27692773537,2526456.6434035907,232.1161163800048,67798.99625207474,40651.28067566104,2527239.342121709,234.545452,0.02242285,0.5223624986271346,-8956734.958,-0.254018924,0.008404891,23.29599070629443,0.007906822,1.7313675885327084
geo-a4a93204-82fa-4f69-8503-87ed49adf327,8.1978,32.089,1.2103,244.7028,6.0757,-6.2735,-7.0951,2.1443,0,88267.19947934365,1808831.071012786,-108.9523055,48563.64453764629,39703.55494169696,1809993.468,-109.290587,0.018561969,0.3803844086604719,-4669068.569,-0.11807496,0.008351063,20.492675440961435,0.005618213,1.2122398237643337
geo-a4c08e57-bd95-4e52-9b55-f35ea7183d45,9.9158,31.74,1.0612,245.1457,4.9155,-4.6603,-7.2681,1.9923,0,86803.76888510791,1809028.0043287545,81.29864922251676,46995.94350944837,39807.82537566056,1809977.784132759,81.07904510754635,0.019034208,0.3966811096479128,-2809347.457,-0.088951725,0.008728958,20.840431556873327,0.005051326,1.998044432055563
geo-a50790a6-6f20-441a-aa80-2c11e134d8c2,9.907,25.2,1.3181,255.6826,5.2798,-6.1741,-4.342,3.4012,0,172286.90987600072,2261576.850434164,-139.758541,133529.10756374412,38757.80231225557,2265730.0885703694,-136.9980975,0.035200387,0.4620686479947376,-5669943.802,-0.147680911,0.007918666,13.12680604731895,0.00685995,0.5215456595940732
geo-a591baea-7fb3-44b8-bba9-9b61260861a7,8.958,34.7058,1.1502,256.8812,3.0499,-6.3701,-3.6112,3.1588,0,64011.55761965953,985338.1374,142.7706589273176,22961.41783778806,41050.13978187229,985398.5186692833,142.8484422160815,0.013686147,0.2106726135656778,-1927576.57,-0.053336398,0.008778597,15.393128585905064,0.001577085,1.451474512863189
geo-a5b3a473-4b4a-499f-a95b-5772f2df17f2,7.6462,36.6251,1.3947,248.7339,7.6284,-5.4286,-6.5063,1.9139,0,140939.04960414913,2721407.7446636395,-365.0854202,101761.5836080569,39177.46599609173,2724059.1154355286,-367.2368644,0.028215462,0.5448154845557105,-11010976.33,-0.234110368,0.007844763,19.30911094056034,0.012356724,1.220011578926739
geo-a61b57d6-1013-4377-a641-08b81bec31fb,9.1611,25.351,1.2325,246.1187,7.9939,-5.4202,-1.6168,1.9237,0,297400.6228467104,2964969.129365016,34.677283421602255,260509.0180856656,36891.60476,2972384.045605467,36.33567921245515,0.062176685,0.61987749,-8394885.198,-0.224283712,0.00771278,9.969613045811478,0.013351013507996725,1.2881751388220737
geo-a61bc5e1-edcb-48e7-bd12-31ef077ba5f9,8.2596,35.2875,1.2849,240.0084,8.1862,-4.8791,-1.797,2.6772,0,341754.4389804004,3355981.572238199,881.9873197198365,306417.3906074017,35337.04837299974,3367199.8788603973,873.0165531980235,0.070431501,0.6916276545293247,-11321303.27,-0.271619754,0.007284013,9.819862420077182,0.018434688854923376,1.9367299219729992
geo-a62088e8-3036-4d00-8913-d2d8cb085a8e,7.7959,37.265,1.2873,244.6229,3.8932,-3.385,-6.5154,1.9092,0,80351.45708856425,1656090.653270012,147.47218925614385,40321.51473591587,40029.94235,1656991.700453448,152.58872840040834,0.016552257,0.3411517260548732,-6131504.839,-0.144989101,0.008246053,20.610586457003237,0.004752028,0.8787677424278955
geo-a636eadd-d601-4b3a-87c9-c8cdb9da24fd,9.4073,29.4714,1.0246,253.0412,3.5627,-3.741,-1.7544,2.0741,0,104803.76948272488,2144652.431964984,14.545905114619302,64880.535609718354,39923.23387300698,2146012.023133944,12.324643174726091,0.02322358,0.4752358437556127,-5153284.873,-0.16342302,0.008846586,20.463504724593793,0.007641938,1.1594684453337192
geo-a63e5135-1907-49a5-a10a-793dd34d4942,10.3945,37.3922,1.1781,251.9716,6.4588,-3.3464,-5.6908,1.6981,0,156603.24301937988,2953120.4009997714,-55.62680015,116903.9789548228,39699.264064556926,2955750.4522515475,-53.84146481,0.033232049,0.6266680121123653,-10130373.12,-0.300438767,0.008424353,18.857338737450874,0.012026010471389695,2.0348657532144703
geo-a671bc3e-0fba-4ee0-8219-89526279d217,8.5076,37.1096,1.0676,249.5079,7.742,-3.1783,-6.4813,1.2974,0,198502.8822535205,3089510.3196203765,316.0108976,160077.2259231304,38425.65633039055,3092843.222435484,317.1007294515136,0.043448146,0.6762294525076579,-8431242.268,-0.24607173,0.008410531,15.564057733300654,0.017109260112535433,1.279768479458879
geo-a6d4f469-dce2-4b0d-afad-cdcacb9c8f93,9.5405,29.4807,1.0171,252.8833,6.532,-3.0217,-3.7196,1.811,0,259954.2673,2977208.2590329773,565.1963987592968,222239.0689,37715.19838243495,2982823.918315432,562.4489457868444,0.0577283,0.6611515640024194,-5440698.958,-0.174750132,0.008375407,11.452815490726776,0.014584147590265268,1.6972529904327924
geo-a70418f9-fe9a-4e6c-ac99-d02b2573c9c6,7.8709,37.0382,1.0218,243.9235,8.4302,-4.5719,-3.034,1.9428,0,261669.996,3207051.192975029,311.9408179672344,225171.77588153945,36498.22007231895,3213396.7190296208,307.14178975004404,0.058018534,0.711080418,-6989183.724,-0.19990627,0.008094168,12.256090658328889,0.020448581,1.7482905299007683
geo-a7a3150b-273f-4817-a899-5d6e7ffe3c4f,9.3712,25.7895,1.0753,240.3273,5.4236,-5.4259,-3.2136,2.9656,0,176163.40353781654,2375029.326649456,16.714935642743725,138535.36504415027,37628.038493666696,2379061.633909825,16.504731145304433,0.038466213,0.5186002440975472,-4864707.419,-0.145759627,0.008217941,13.481967758074184,0.009135248,1.148849553913308
geo-a7d0c650-a26c-446c-83eb-ec775de7302a,10.6453,31.1945,1.0378,254.2816,7.0804,-4.7831,-5.6789,2.3762,0,202170.2436064511,2806568.8815357056,-21.98911506,163721.2461892395,38448.99742,2810913.2643284546,-30.38473035,0.044620133,0.619425855,-5388837.119,-0.177079537,0.008487628,13.882205568288436,0.011472838485431748,1.495070017486986
geo-a7e412a4-e555-4855-8d86-2139421109ed,9.7188,26.8616,1.3911,252.5382,7.9294,-6.4848,-3.3295,3.1866,0,302270.3391045677,3080939.7767533367,-18.73767143,265178.8437763403,37091.49532822819,3091416.031654536,-22.90150251,0.060582697,0.6174990278948631,-8991980.349,-0.219650402,0.007434044,10.192663249328978,0.012488493115619687,1.1602414953334568
geo-a7faefed-2984-4607-a49d-1117bc00f2e5,10.4257,27.3553,1.0503,250.2456,8.3566,-3.0748,-1.977,1.4562,0,415522.71039319976,3315455.682715841,-940.1353989,379256.16594124906,36266.54445195098,3324120.0481521515,-943.6397582,0.091399297,0.7292749891243531,-6127993.962,-0.200615117,0.007977228,7.978999943417057,0.016237813,2.646892880769207
geo-a811959e-711f-484c-b6fe-25110716e2c8,9.6149,27.4834,1.1586,240.9186,8.1774,-3.4777,-3.5118,3.6384,0,538626.6384435084,3653975.181311536,543.4597455970892,504312.2200037655,34314.41843974222,3679026.525003738,544.5214643383179,0.1149178073681392,0.7795879112613957,-7049984.639,-0.204092489,0.007321058,6.7838738757343835,0.020120351,3.931918758351616
geo-a850d346-2b93-4f00-9723-6a364c16adad,9.2019,27.1376,1.2642,251.5014,4.8289,-5.8468,-3.8672,3.7227,0,169235.76301575906,2388651.456107442,101.71943362764098,130686.59274255169,38549.17027320634,2392369.4767668257,104.69867349898784,0.035079324,0.4951215836410473,-6196259.909,-0.161982989,0.007990461,14.114342107968165,0.008480009,0.6073142650481137
geo-a868343e-778f-40e8-b7d0-ccf170e5adc9,8.8346,27.6652,1.3261,244.7707,7.9009,-5.9013,-6.9337,2.9541,0,251574.27390001752,2840388.0345122297,-96.25283286,214828.5075853402,36745.76631,2848078.313541057,-94.84406122,0.051280158,0.5789763175316694,-7967801.574,-0.19167425,0.007491661,11.290455063147983,0.012077716626376763,0.7056750841551542
geo-a8afc053-4689-4ba5-8db9-1d6f532dc7ea,8.6572,36.7942,1.3903,250.8232,6.2614,-3.1269,-6.5729,3.4134,0,292601.5599362864,3403465.6187770297,123.87045659450406,255160.3558199553,37441.204116330526,3413320.873706413,118.56649627494824,0.058644906,0.6821423684475093,-11527703.5,-0.261652851,0.007505699,11.631741196178618,0.017108925140798092,1.2836535964728613
geo-a8bf726f-9291-4137-ae9b-58289dd50767,10.1257,34.8997,1.0824,248.7822,4.7047,-3.2454,-5.7034,1.0575,0,79084.44328768272,1762700.7031344485,77.62385561591282,38631.70656825043,40452.73671943202,1763465.3781724467,78.40948997360798,0.017237329,0.3842001113876044,-4952637.748,-0.155925425,0.008817075,22.288842531549907,0.004640236,0.9162814439626823
geo-a8d5f994-0aea-40d5-9c4f-7e72c684e2af,10.9764,34.2198,1.363,255.0765,8.8814,-4.7247,-2.185,0.2828,0,229016.85770470276,3204001.9132442093,1192.491830928005,189851.1318065764,39165.72589812684,3205283.196374561,1191.938043116103,0.046229877,0.646767304,-13750824.69,-0.358668735,0.007907681,13.99024484640988,0.012130712675748327,3.307865329226964
geo-a91ced75-f9fe-45a3-a4a2-01bc55042ee4,10.4083,30.6702,1.3536,246.5594,3.4933,-3.1482,-2.3936,2.3224,0,137241.60736231957,2607790.3458704813,40.08477031327703,97400.96359,39840.64377213131,2609942.152966771,41.16435742200075,0.027778204,0.5278263189370181,-9731447.373,-0.252981244,0.00806385,19.00145587,0.008520251,1.5639108765127978
geo-a9576c8e-324d-42a7-bf92-e6e22d28d906,9.7482,31.7682,1.1928,246.6396,3.8115,-3.5105,-2.2582,3.7216,0,208166.7266794004,2951913.407104565,931.1107639042424,170019.71567419704,38147.01100520305,2957038.121348003,917.3567762515124,0.043995641,0.6238812705890305,-8382445.123,-0.238074631,0.008062256,14.180524688995254,0.012709532978774052,0.9063481289535638
geo-a969da44-bd96-4594-b8fb-e719813882c5,10.4286,37.176,1.3189,256.2444,7.2724,-5.5353,-4.6709,0.1504,0,79854.54692585705,1774107.536947272,-358.8709744,38026.13964770587,41828.40727815019,1774681.5105377804,-358.6289136,0.016311823,0.3623955025285963,-7854817.649,-0.209779358,0.00854421,22.216737872102406,0.004008572,1.8407120496934621
geo-a98e78e7-6c19-4ccb-9d60-69ecdd34ebdd,8.8139,30.0415,1.0822,249.2718,4.1566,-6.4059,-6.3349,1.1644,0,71606.81031901867,39641.68854334709,-25.08239234,32144.38494601437,39462.42537300397,40221.95769,-26.13513401,0.015608381,0.008640834,473943.2644668726,0.013923373,0.008601714,0.5536022113921755,2.6964560874362126e-06,2.549708687633166
geo-a993db24-45fe-47b6-a8a2-c780df3619e4,10.9116,36.8398,1.0141,241.1717,3.1404,-3.0427,-3.1834,0.3388,0,57723.48289398688,710833.9367740346,171.34937495610657,17543.240074986268,40180.24281900172,710871.4981282548,171.32870052618887,0.012829825,0.1579924580455451,-3157809.257,-0.108717499,0.008930555,12.314467200108606,0.000728173,1.9213073149582809
geo-a9d3067b-535b-469c-9fc4-deacfbd5d90f,10.453,29.1505,1.0292,244.2266,3.0536,-6.5204,-4.8646,1.2166,0,95451.86160851494,-520734.6721,16.895642791856588,56667.79399264538,38784.06761586965,-519590.2417,15.843212929455234,0.021123283,-0.115237417,1962190.5287147863,0.065363679,0.008582782,-5.455469001,0.000404386,3.6889431758654223
geo-a9e288d9-c780-4e4b-a501-009ce0761e94,9.1565,25.8584,1.2121,256.9507,4.9809,-4.4557,-6.7939,1.0349,0,89651.26491445012,1551723.5614474444,-179.3340643,49137.98051115785,40513.28440329278,1552675.992788487,-180.9542728,0.018847655,0.3262235181420058,-4381970.831,-0.118865388,0.008517185,17.308440242624386,0.003699569,0.8001819164648694
geo-a9eba872-df71-4a85-a0e7-642d9b5579ee,8.0846,30.4146,1.0358,245.6799,5.8316,-6.293,-2.9176,0.4284,0,62854.98357772696,955360.9964620108,-3.218738658,23341.738395195876,39513.24518253027,955686.9514132435,-1.805143925,0.013880424,0.2109747728232958,-3529847.054,-0.101237467,0.008727571,15.19944707774238,0.001752478,1.3011683491278059
geo-a9f388d8-0d8a-40c1-9e7b-5d2e6945ca4a,9.385,29.8002,1.2919,255.3513,7.8307,-5.3738,-2.4137,1.8418,0,250450.3096,2999988.920674695,272.1046283867938,212461.1164765595,37989.19311735273,3005610.3613899685,275.21605069650127,0.051528825,0.6172318405400363,-10157796.83,-0.262631721,0.007816034,11.978379765387285,0.012921486951124564,1.4241321808737044
geo-aa581bf4-03ba-4d74-a1e5-5369360dd40d,10.1396,36.7851,1.0454,246.0606,6.3869,-5.4377,-6.3933,3.4632,0,152087.75489040496,2802355.8881345284,53.71127113330756,113333.23183149048,38754.52305891572,2804502.1770636137,53.70471107638315,0.033500511,0.6172775363114847,-4486234.542,-0.145380697,0.00853645,18.425913974165134,0.011961626838189892,2.7372403745853218
geo-aa5e7c4f-6f1f-4f56-9dc2-0f7bc7f8c8bc,8.8498,27.3917,1.0039,252.5527,6.8362,-3.3772,-3.2859,2.7676,0,350829.7781322916,3163077.922611996,-299.039941,314050.0906981402,36779.68743414944,3174721.6997586484,-300.377285,0.078191014,0.704969435,-4692224.218,-0.144262079,0.00819891,9.015990431175059,0.017875460859481954,2.748324049
geo-aab98bd3-0b4e-477c-84f8-746ead53b377,9.5839,34.6956,1.3737,249.4511,5.4381,-4.8739,-2.1772,0.5962,0,77517.52277745512,1666936.1098362068,292.5841698409393,36412.8779,41104.64487745296,1667639.7562642912,291.8567380296002,0.015607266,0.3356185174291025,-8164772.195,-0.200639417,0.008275906,21.50399097016847,0.003741103,1.877816318011222
geo-aac6426d-bc2e-419d-b878-b982e7be1aa5,9.3944,31.2369,1.1182,248.8657,5.7287,-4.0815,-2.2022,1.0469,0,125277.9359923922,2459078.4117198954,-55.93296202,85702.39177580451,39575.54422,2460591.856039733,-58.96257134,0.02703144,0.530599659,-8271701.409,-0.244090435,0.00853924,19.62898248793979,0.009539267,1.4096178334468892
geo-aad17831-ed8d-4333-b2c1-25a409f086d2,10.7957,28.6351,1.0113,248.4077,3.2216,-4.5962,-4.7122,2.5712,0,77963.67355673022,1587477.2128598676,-84.80378528,37832.23436818683,40131.43918854493,1587863.8280203189,-87.21150853,0.017338923,0.3530509009702807,-1927734.713,-0.065092789,0.008926932,20.361754910185734,0.003675141,2.1506317831355926
geo-aaef9432-4ce6-4c85-a544-64b5299504de,9.3595,27.8869,1.0479,241.4966,5.6194,-5.8148,-4.9651,3.5727,0,170971.33200693686,2432966.718900261,70.72817184473234,133258.4217299951,37712.91027694147,2436585.696883688,73.13696428477537,0.037625272,0.5354174431684255,-4080690.795,-0.124770519,0.00830107,14.230261239361177,0.009749504,1.9230597975017798
geo-aaf29a74-3b39-426f-91a6-fe077b9a4427,10.8704,33.4938,1.1797,241.1457,6.9356,-5.313,-1.6958,2.4041,0,211251.8570511829,3011847.4664475536,-265.2724638,173803.473,37448.38406247173,3016669.883883627,-268.0138531,0.044808996,0.6388481632903263,-9751450.68,-0.295387939,0.0079432,14.25714078204689,0.011950880482424804,1.8441271753109014
geo-ab1084ff-0fc1-49a8-9a48-004ce530b47e,9.262,28.4841,1.2275,257.8156,4.1383,-6.9855,-4.2127,0.6613,0,93094.60867507163,-384162.585,99.67898029,53183.217260975725,39911.391414095786,-383645.0496,98.85566219869072,0.019489511,-0.080425076,1108330.786305957,0.029886503,0.008355472,-4.126582522,0.000222294,3.402553805037541
geo-ab370f42-24dd-4821-88dd-e657aa03c4ef,10.2637,27.3989,1.0111,243.4239,3.3631,-5.4367,-7.0165,2.1848,0,68443.61641585402,681227.2782778988,57.00545946540107,28868.239666859317,39575.37674899504,681935.82,56.20326255,0.015225721,0.1515433722771715,465615.8553,0.015582641,0.00880375,9.953116359878692,0.00071223,2.4082866407372157
geo-ab3c9a85-bfd9-46ff-ae35-37af4e742ce9,8.8546,28.3313,1.0887,253.3398,3.5582,-3.7985,-6.3454,2.1733,0,86680.48377280669,1718090.1617967545,107.93907492562792,46554.26642759672,40126.21734521001,1718984.0585415985,111.28535466411005,0.018859296,0.3738092988882571,-3566638.184,-0.104502388,0.008730318,19.820957233002424,0.005023211,1.398424545
geo-ab8f7b68-50d5-4d9b-8466-9c5439e2bbba,10.5872,28.5959,1.0308,240.6493,6.7359,-4.0293,-5.0389,2.1125,0,228435.68456897492,2809921.7703348645,53.23417349317192,191134.89132450064,37300.79324447496,2814976.403445126,52.30034748152247,0.050518575,0.6214144844020385,-5060631.778,-0.166726937,0.00825074,12.300712892719792,0.011609988,1.5509080310003815
geo-aba15324-fee8-4306-ac11-e21800d24fca,9.8152,29.6705,1.2129,244.8063,5.5013,-4.1703,-1.8822,0.3189,0,97363.28055910126,2043391.1819101092,-85.46105036,57340.651517968654,40022.62904113202,2044062.9560453575,-85.95945993,0.020460261,0.4294053893440488,-8261627.123,-0.228159178,0.008412194,20.98728771438353,0.00597979,1.6982171430294095
geo-abb201ae-e17c-4eee-97b3-5d9868d4468c,9.9872,30.0691,1.3572,241.0421,4.2434,-4.9861,-4.184,2.621,0,107845.0803138398,2297153.810666247,11.008095805725574,67942.23148043394,39902.84883340594,2298442.957,11.639866281387413,0.02180306,0.4644160100170596,-7254325.525,-0.181274176,0.008068795,21.300497009055043,0.006874178,0.9981078917314723
geo-abd50982-3f64-46d0-af40-5517fb0fcfc6,9.866,33.7999,1.3612,255.4774,4.8782,-5.0751,-1.9605,0.7563,0,71502.95141246314,1399235.8203303202,-111.9421916,29943.660125869632,41559.29128659345,1399815.2139149385,-112.4722154,0.014443569,0.2826450979890613,-6843495.059,-0.17222744,0.008394917,19.568923977121578,0.00257746,1.7709168692320887
geo-ac04b700-d8a9-40cd-b0ed-d4fc95e16e1b,8.2192,35.3854,1.0377,251.8871,7.3463,-3.5146,-2.6599,3.6848,0,414508.6226415927,3382057.4377140617,-30.7431885,379258.37,35250.25264083713,3399899.8207277628,-29.667974,0.091487057,0.7464609076048956,-5442504.76,-0.157159648,0.007781727,8.159196824811007,0.021579168984716943,3.083211658535055
geo-ac0d78c4-f998-4c1d-9b98-2d2ce1bd802a,9.4271,30.5847,1.25,253.7287,4.3686,-3.4389,-4.8535,3.1846,0,189038.2456874885,2800140.671600591,306.9498063259442,150152.2718060605,38885.973881428334,2804428.042597143,310.86904034953955,0.039334545,0.5826453799587079,-8200398.51,-0.219322856,0.008091241,14.812561666646511,0.011462533753172438,0.7516543678636237
geo-ac3c29a5-f402-4dd5-836b-6c00d7fc0738,10.3759,25.5015,1.3107,255.4128,4.3701,-3.2347,-3.2267,2.8905,0,241006.2182442496,2764006.7412851825,-150.5565465,202341.26862028643,38664.94962396297,2770908.119370189,-156.3850974,0.049337603,0.5658338179050073,-7676020.738,-0.205749,0.007915256,11.468611728864087,0.00982205,0.6441708968791566
geo-ac61429f-e8e3-4753-945d-61aacc494089,8.883,26.359,1.2705,253.6866,3.1264,-3.9406,-3.5952,2.4704,0,112067.54042891228,2054942.716389044,52.04161148,71831.06276895173,40236.47765996096,2056617.5482929451,51.72304982492169,0.023190072,0.4252281116236314,-6037194.596,-0.154330202,0.008326067,18.336645102803534,0.006479394,0.7572259176445744
geo-ac707fcf-f672-4aaa-b2c8-627ffb217d7b,7.9729,30.3491,1.2032,245.9923,8.9837,-6.8788,-1.6477,2.6863,0,296050.0830105311,3107739.522177427,-739.9423638,259824.8227307488,36225.26027978285,3116980.682751588,-744.2344993,0.062391298,0.6549429109951573,-9215030.768,-0.234832131,0.00763428,10.497343863493786,0.017125399120075706,1.2340948844331332
geo-ac78f49c-8d3d-42dc-b801-41203473be3a,8.8183,35.5155,1.2593,242.8241,6.0898,-4.2282,-1.7038,2.0008,0,179601.36738851835,3027020.337,458.4696646854185,141171.49470035743,38429.87268816184,3030689.794020843,456.7000661286068,0.037277147,0.6282729559676461,-12040995.63,-0.309287832,0.007976267,16.854105180643558,0.014248265,2.171639468399451
geo-ac7f4e57-03ea-4a4a-b4ef-a46894f9f3ea,8.1303,27.0885,1.3387,246.5332,7.2163,-6.0771,-5.1289,0.8309,0,116212.79198991718,2118445.026397208,-37.04606821,76415.55413225983,39797.23786,2119983.6919098087,-38.16622961,0.0236145,0.4304691266261768,-7317825.895,-0.170019915,0.008086777,18.22901756444347,0.007254836,0.6833387053210707
geo-accc6b7f-e9c0-4fee-a6f2-0ef7883b2807,10.2284,27.9939,1.0652,247.5312,5.5189,-3.0373,-7.3282,2.2241,0,194702.27037866783,2590145.9502271404,-4.092381679,156462.1414442339,38240.12893443304,2594178.944114798,-0.611343294,0.042636567,0.567198996,-4920992.021,-0.155232454,0.008375645,13.303111181958412,0.010011826874801899,1.3844090356557563
geo-acdcf148-d2c2-4f27-ba3c-6f7f1ff27b4d,8.3483,32.874,1.2032,246.6776,5.1388,-6.1493,-3.1663,1.785,0,73949.89331507917,1496521.1098553622,23.667614558763248,33885.63559027947,40064.25772,1497292.3296740395,22.40768767055765,0.015581398,0.3153201419540031,-5229664.642,-0.134180818,0.008443328,20.236961038998853,0.003791015,0.911003299
geo-acea61c4-cbf9-44d5-9d3e-4ba2cd34a864,8.8367,27.8144,1.3955,244.4407,5.62,-3.2671,-6.3924,2.624,0,238913.67301112504,2847061.997396054,9.214640725479256,201714.79949393755,37198.87352,2853717.733110942,10.008936401623616,0.047829556,0.5699703527460307,-8853064.766,-0.205535679,0.007447026,11.916697615140139,0.011702120034050422,0.5722047782584119
geo-acf700f7-10f6-4296-a140-37fcd2243e7d,9.5853,35.0809,1.3162,246.6961,4.7842,-4.175,-6.8474,2.2526,0,98217.83339570832,2196567.330243108,-87.53018639,57805.51073387268,40412.32266183594,2197754.0514407377,-87.93388399,0.020077276,0.4490130351343789,-6935371.047,-0.177937197,0.008260873,22.364241342948134,0.006695181,1.0256319694789984
geo-acfaa624-67d1-4540-8cf8-98b36dfa291f,10.4158,32.0095,1.3642,246.3144,4.872,-3.2151,-7.4508,1.7358,0,120687.3126,2401149.1601381614,242.6339762195274,80586.60428004719,40100.708321515805,2402762.377882695,238.69513040371757,0.024359596,0.4846493069195376,-7841641.568,-0.202317709,0.008093907,19.89562206978073,0.007178153,0.9794828774200753
geo-ad2883eb-9cf2-4a6d-9671-79def6bf02c1,10.9048,33.0156,1.2856,250.343,4.1801,-4.5865,-3.023,3.3938,0,144442.1556411458,2791108.341669111,-95.07051928,104629.00785536008,39813.14778578476,2792802.038668208,-93.99324221,0.029762216,0.5751061353696031,-9475053.939,-0.261063959,0.008205131,19.323363939564864,0.00965447,1.5379228433702943
geo-ad5299f6-9bfc-46b4-8c63-5e67133c031b,9.9092,31.1559,1.3817,250.6105,5.8233,-4.7917,-1.6913,1.7439,0,160090.34823529588,2772066.413097883,-475.7217502,120627.36430686222,39462.98392843387,2774858.780581885,-473.7841326,0.032164993,0.5569573515001665,-10950997.18,-0.272009228,0.007928772,17.315637348877424,0.009964498,1.7692917143366373
geo-ad63d86c-02fe-4933-aa4a-fedbf089bd1f,8.0391,26.9471,1.3457,249.4161,5.539,-5.2094,-3.4165,3.1242,0,203305.9087899856,2613864.784634298,24.823523713189488,165891.3816686714,37414.527121314175,2619504.8883661707,27.43557317670414,0.041227056,0.5300482933597132,-8109689.586,-0.183383754,0.007588576,12.856806770601136,0.011124323,0.3712530111339922
geo-ad79e510-21f6-497c-9189-e159e383c2d5,8.2361,34.5032,1.3726,240.3737,7.6146,-3.8019,-5.8741,2.4159,0,283929.3522,3279620.340438168,90.63381862695246,247580.8895759443,36348.46264566101,3287701.4468514863,87.11946185598467,0.057182395,0.6605042540678613,-11743826.05,-0.267749002,0.007320417,11.550832327749083,0.016860861246407316,1.4333104767984333
geo-adc6ced6-7988-42b7-88fd-c6d3ded34ade,8.9844,26.0859,1.2744,244.9887,3.1103,-3.5467,-3.2321,1.9225,0,103478.69830881491,1923342.051446559,-90.6074296,63728.64433160649,39750.053977209216,1924795.523070822,-92.07664822,0.021390341,0.3975788472810121,-6114842.483,-0.156742937,0.00821679,18.586840411411757,0.005600252,0.6992495022777983
geo-adf600b5-8d2b-4b5d-9e50-5e5252d922ea,10.198,37.4034,1.3329,241.3248,6.5121,-3.9895,-5.0781,0.2493,0,87316.05340939206,2058120.290865814,31.17275455866472,46697.43659040672,40618.61681898529,2058822.2685327565,33.16721240156302,0.0177699,0.4188530054289626,-9159025.206,-0.239364016,0.008266349,23.570926656706142,0.005475936,2.0417789050282815
geo-ae021e73-ffd5-4d76-a1be-75aac15685ba,9.2343,32.6652,1.2392,244.6399,4.5615,-4.8374,-6.1497,0.2025,0,61228.14217269054,490989.9364457045,-205.7113965,21030.13041671796,40198.01175597237,491024.7732343195,-206.7957621,0.012777517,0.1024632121424634,-1950534.361,-0.052055026,0.008388758,8.019023917,0.000361895,1.863155632069195
geo-ae51e14c-3a4d-4e54-beca-b041e5431f69,9.1174,35.8499,1.156,248.9859,7.1013,-3.1218,-2.793,1.7841,0,274694.99290438165,3255508.8232320813,-103.0366991,237383.5758089749,37311.41709540737,3261802.4829395646,-101.3161458,0.058649406,0.6950751373312434,-9607471.548,-0.271375061,0.007966221,11.851358442362605,0.016867185726076168,1.3767643776024998
geo-aecbe084-dce7-4c3e-aa1b-b06f12de60b0,10.7279,31.5903,1.154,254.1601,4.3165,-4.2637,-4.1506,0.1305,0,62371.94010464742,768006.3546,84.15619543,21215.92759103492,41156.012513612666,768051.1829119923,85.60716010349195,0.013321507,0.1640321335105985,-3391067.553,-0.10238699,0.008791948,12.313331175423414,0.00079835,1.7687603865088124
geo-aefe746a-b0ca-4846-886b-1b0b82313bfb,10.3628,26.2247,1.1614,256.5391,6.1971,-4.8217,-7.3168,1.3584,0,129535.1220147805,1943105.557310224,593.1851263753389,90000.58854009701,39534.53347468338,1944616.290525057,595.8810669710456,0.027615303,0.4142463297446394,-4629794.61,-0.138848739,0.008428234,15.000607766351617,0.005270968,0.583405114
geo-af142a87-157f-4c3f-96f2-be435329ee4a,10.1326,25.1788,1.111,242.0684,4.639,-6.468,-3.8448,0.6716,0,70767.55926753966,293627.32126842416,82.74384700164615,31407.34374056211,39360.21552697795,294000.6505435755,82.68704155244443,0.015300549,0.063484729,-1011444.152,-0.031167763,0.008509969,4.149179713240501,0.00012661,2.1798330437458757
geo-af3ba6b6-f8e9-4515-aee3-34c29bed0ff1,7.7576,36.8082,1.3221,257.4242,6.9464,-4.5809,-3.9689,1.7045,0,154336.53787132597,2867501.4211320123,58.83504351128644,114521.518,39815.01985139204,2870430.0646073674,59.57523586778167,0.031499425,0.5852447421184913,-12312545.78,-0.282931903,0.008126032,18.579537034339285,0.01405393,1.8672762120102957
geo-af5d24b8-63d2-4a78-8934-f37c8d8c7ae7,8.9053,28.8753,1.1081,256.8302,5.6207,-4.5302,-1.5851,3.3854,0,250572.06047305703,3210031.865627204,-19543.95289,212792.05091522675,37780.00955783076,3217411.4655100103,-19553.19384,0.054208789,0.6944586722796804,-9092040.947,-0.259008156,0.008174982,12.810813223018389,0.017238298002164573,1.1671807190781105
geo-af6f7974-186e-4749-9f1f-1daa469ed015,7.5658,28.2401,1.3101,241.1848,5.0215,-3.6068,-7.351,0.2823,0,78309.95263484963,1321074.1158405228,164.33961593137272,38889.92847468455,39420.02416016505,1321562.3711372197,165.55712038545195,0.016030467,0.2704309459870287,-5192372.185,-0.116988385,0.008071119,16.86981119756961,0.003076862,0.9947854311572456
geo-af6fe49b-5dc9-458b-b70e-64bef4d9cef2,8.2233,29.2743,1.3124,251.552,5.201,-6.9661,-5.3708,1.8308,0,70235.50099724454,1038468.7361829336,-37.4433716,29930.622070262478,40304.87893,1039250.3103806796,-35.83334462,0.014371761,0.2124940342932413,-3050090.055,-0.072689157,0.00824724,14.785524719524359,0.001747823,1.2450232145163869
geo-af9277a3-0827-4d4d-b8ea-08e55af4b9e8,7.9789,31.1422,1.2208,252.003,3.1158,-3.3596,-1.949,0.2336,0,63684.09177549571,842966.6706729741,61.09687023413278,23384.915297284555,40299.17647821071,843060.6450077039,62.79361436067768,0.013353965,0.1767623160961844,-5016612.926,-0.124166544,0.008452071,13.236691411799972,0.001246483,1.983614821439218
geo-afb420af-329c-4cca-af5f-1c0fae6dae67,9.2433,33.0827,1.3079,243.0417,5.4381,-3.7748,-1.6526,3.5741,0,302205.5049667401,3252684.3905609865,151.8218205609949,265805.14532172965,36400.35964501075,3263383.0558937774,151.6749845441994,0.061912165,0.6663701703223267,-10356261.76,-0.262554351,0.007457221,10.763154003164058,0.015291643844941716,1.5109651706168925
geo-b01c3fc0-675f-46a2-bb7c-c2af62d6c1c3,9.5073,28.8977,1.0001,245.8999,8.9782,-3.4102,-3.1149,0.0275,0,285723.1236380177,3026505.0980887017,1477.379261781351,248627.5226986737,37095.60093934307,3026686.355838053,1473.546080525281,0.06376383,0.6754145541144861,-6029173.867,-0.195832208,0.008278452,10.59244019018564,0.015273330819919445,1.4583109731709643
geo-b0acba3f-b371-4c63-b37a-3769a651f411,8.1377,34.7019,1.1065,252.5839,3.3565,-4.5324,-5.2552,2.8794,0,76824.44456507455,1565072.8852706945,-13.38513852,36529.83663319138,40294.607931883016,1565399.5682933552,-13.30985934,0.016627695,0.3387405499662319,-3775703.2,-0.102945143,0.008723027,20.372068996151405,0.00448831,1.2180627059511473
geo-b0baad27-6362-43f7-84a9-9d75f263c3d5,10.7641,32.2855,1.1662,253.4509,3.2705,-5.716,-3.9941,3.1443,0,73148.70653447618,1496133.5378005572,-70.57561621,32010.744922774007,41137.96161170072,1496048.1543110493,-71.48420235,0.015573687,0.318533518,-2946581.118,-0.089735416,0.00875841,20.453315016519603,0.003000424,1.3519305097836172
geo-b11aa300-9816-4654-aaa5-fefa43e93df6,10.6332,29.0357,1.1295,254.8497,6.7374,-6.6333,-5.4588,1.5269,0,97853.49389,1785723.4294436278,-718.3110311,57893.33532181112,39960.15856479472,1786710.2715201082,-719.2804631,0.02104729,0.3840909268661781,-4098032.947,-0.127553236,0.008594978,18.248949102552768,0.004416256,0.915524164
geo-b13978bb-7f2c-4da3-8f54-d8cf46bf8b56,10.0089,33.3591,1.1541,251.9827,5.1198,-3.0592,-2.39,1.1138,0,127008.72430247068,2578096.674824411,-390.7110147,86988.67043670708,40020.05386576372,2579694.8477307227,-394.1112425,0.027125991,0.5506190784551768,-9889803.663,-0.288402355,0.008549041,20.29857940061411,0.009641981,2.1946810310769855
geo-b14fed50-7d3e-4da6-aa88-fed47a356084,9.8584,25.7558,1.3083,247.6894,6.7614,-4.9366,-5.2199,0.7074,0,139258.67756006456,2080132.8798023085,-464.9520654,100473.79366040084,38784.88389966401,2081286.6576974827,-465.0801069,0.028526574,0.4261067622826706,-6934002.745,-0.18149276,0.007944884,14.937186796888144,0.005862469,0.6440037238999027
geo-b1954fc2-1d94-4a24-a693-24049b7283b1,10.532,34.4993,1.3156,246.4407,8.0661,-6.8077,-7.1165,3.3121,0,201751.4827612085,2922263.647818691,-76.09142859,163602.44410871895,38149.03865248952,2927086.205990329,-78.19899174,0.041247766,0.5974521009428637,-8904761.968,-0.239589415,0.007799468,14.484471726423207,0.010788112388559935,0.9248048797187793
geo-b1a50922-0c41-4c41-90ef-c74dcfd197d6,8.4238,36.0621,1.1554,248.5348,8.8229,-3.9201,-3.8232,1.1856,0,282413.1413,3293082.578555901,-368.4938777,245185.5315256143,37227.60981484522,3297989.654915158,-369.3491558,0.060294842,0.703068886,-10304727.9,-0.275409585,0.007949652,11.660514673380458,0.018678321151086048,1.4567482934861757
geo-b2015d6b-9ae4-4928-8488-0df79596458d,8.7866,34.5988,1.151,253.9332,8.7893,-6.6785,-2.9138,3.5945,0,312015.8788429132,3228634.440188257,-123.6984666,275590.01288227225,36425.86596064096,3239938.757362956,-126.2821232,0.066696476,0.690152497,-8452555.357,-0.231494479,0.007787961,10.34766067727514,0.017255176,1.3566661949948982
geo-b2044314-e0bc-4895-9995-67ca6aaac03f,8.0579,25.554,1.3889,257.3353,3.709,-5.3612,-2.5956,0.6593,0,72137.62428104672,498461.8245180362,40.904538046610114,31771.263567389706,40366.36071365654,498848.6948358835,43.70699798222845,0.014466517,0.099961796,-3084561.137,-0.068720435,0.008095049,6.909873030695371,0.000394727,2.080490141054456
geo-b2419b46-62a7-4dc7-bbc9-1853b5775255,10.3769,26.4523,1.2914,240.3893,5.3925,-6.3897,-3.5395,2.234,0,113662.57863185942,1819618.2205168891,313.9617063549443,75067.00281731579,38595.57581454411,1821238.536595528,313.45942220175425,0.023383758,0.374349344,-5388970.954,-0.144211104,0.007941856,16.00894721,0.004298695,0.5518027859707757
geo-b25f06c6-7277-4a40-9c80-1d31173b48b0,9.7933,29.5054,1.1771,245.0423,6.5417,-3.5048,-6.492,2.5144,0,257845.9374930448,2981116.7048911205,-58.59120392,220399.0300645771,37446.90742846757,2988049.4537284174,-65.54023024,0.054731395,0.6327835861120978,-7480849.153,-0.215513335,0.007948586,11.561619833438504,0.013014619623233978,0.8784606448840057
geo-b264d16e-0bf2-40b4-90a0-1863764881dd,8.7201,32.1183,1.0229,243.6021,4.1056,-6.0952,-4.4081,1.604,0,58570.207614864594,644014.7411387094,-111.1152307,18981.56008261839,39588.64753224634,644375.1291620439,-110.2637196,0.012984996,0.1427778584937248,-1209665.602,-0.03698154,0.008776744,10.995602839134646,0.000744133,1.642929783897687
geo-b2d661f6-3c71-4ce9-b135-031097562701,8.8954,32.0861,1.1583,247.9093,7.0794,-6.3939,-5.7743,1.3731,0,92644.55137807188,2013954.341946644,132.54614565167424,52630.55764634275,40013.99373172819,2015233.7852616147,132.46946182224485,0.019767672,0.429719706,-5573331.742,-0.155225551,0.008537786,21.73850822298155,0.006607774,1.0463000135538865
geo-b2da4570-93ba-4bb5-ab77-3bf0f0fa627a,7.6694,30.1486,1.3747,245.2216,6.1329,-6.2659,-7.115,2.0504,0,95662.38379960036,1862410.5512085003,-165.9052168,55914.83693808633,39747.546861513234,1863904.5843800977,-167.9357974,0.019251497,0.3747992633938436,-5750791.386,-0.124294079,0.008000577,19.46857769204279,0.005830237,1.0020961967583053
geo-b31575fc-b45b-477d-bca7-ee464cc4424c,8.8936,35.9066,1.3985,241.5733,5.291,-4.8517,-4.7595,3.7407,0,176681.1668003842,3083838.387864124,-464.0946065,138409.31697560864,38271.84982477556,3086938.755,-466.5464219,0.035335936,0.6167624869786449,-11398289.19,-0.260629171,0.007655851,17.454256408371318,0.013614711301772992,1.3634437336114507
geo-b32ed7d0-bb03-41f8-bae4-e3a455bbbfb7,10.814,27.8037,1.1278,242.1258,5.7411,-6.2374,-3.5575,3.4935,0,180121.9995943236,2528586.899783444,268.2131646628084,142076.92740340222,38045.07219092107,2532559.9670622563,271.8576278,0.038752809,0.5440193003706629,-5575022.205,-0.172405467,0.008186957,14.038190257039156,0.008711489,0.8515054560036788
geo-b349bef2-0e8b-45ae-be92-c4817e5fc1a5,9.5508,36.585,1.2827,241.686,7.1777,-3.5864,-5.6949,0.9062,0,147183.4041302094,2878657.669110177,77.54737116012365,107906.87850232988,39276.52562787876,2880512.206911378,74.25373843893354,0.030356924,0.5937299306855843,-11520775.54,-0.302581239,0.008100833,19.558303370694677,0.011748658010613058,2.242967717969488
geo-b3635a2c-230c-4e45-a289-342fab18eb32,9.6579,34.9271,1.1406,252.7796,5.1683,-6.4448,-1.7198,1.475,0,67195.68072,1272587.8078061186,107.98679759570364,26309.71468078492,40885.96603873209,1273177.8715121022,109.16907319080671,0.014408376,0.2728735417565343,-4674208.896,-0.137487645,0.008766892,18.93853584307107,0.002454089,1.212138901874777
geo-b378009c-2406-40a1-9d84-36fe1a62c2ab,9.1407,31.441,1.1169,255.5863,8.4305,-5.9482,-1.69,2.0384,0,257786.99420172305,3023491.510408871,-39.22373738,220218.2661743856,37568.72802733659,3029668.655076112,-42.8891923,0.055643447,0.6526221015809218,-8302334.351,-0.241903062,0.008109185,11.728642555345289,0.014831812502136624,1.0297442185390522
geo-b3d11a59-3255-462f-aad5-b6ddba9f1ce3,7.9681,29.9643,1.1395,245.6747,5.6768,-5.8596,-4.2542,3.5115,0,164329.34502003551,2523598.073370838,-0.946166838,126455.7914305529,37873.553589482886,2526948.422309405,0.3342896844081053,0.035246988,0.5412863505316671,-6354991.185,-0.169930037,0.008123453,15.356953276136712,0.011704409364398092,1.0594569165767835
geo-b3e9a68a-cb38-4ed4-acf2-2d1faedb5671,8.1088,32.2998,1.228,247.672,3.1877,-6.6344,-2.214,1.4267,0,60057.97742411207,61755.48203392149,-26.17530115,20302.64085,39755.33657226352,62132.10915588584,-24.54744164,0.012571526,0.012926853,-819094.775,-0.020658623,0.008321669,1.0282644318477248,6.559627580947788e-06,2.4867200935018205
geo-b4086cc5-9a24-43fb-99c9-ea041930ce02,10.3013,30.0749,1.1741,249.6821,3.721,-5.8884,-1.7889,1.6046,0,63472.147559681456,916081.4501429744,-55.86258757,22764.184991162896,40707.96256851891,916520.3217669145,-55.68145321,0.01348122,0.1945718939507485,-3259365.555,-0.094971402,0.008647948,14.432810064943805,0.001169818,1.379781892517274
geo-b41aca66-6deb-4484-accb-89ee1e2ce2d0,7.7323,34.4314,1.1764,253.4986,7.9614,-6.3734,-2.9849,1.0167,0,112989.58843919024,2375883.322988305,-4.313335464,73108.1319,39881.456537589904,2377572.843127682,-4.755845996,0.023983281,0.5043073343546743,-9100698.21,-0.229342086,0.008466986,21.027453553979583,0.010469646068905407,1.3197766354500262
geo-b427499e-fee3-4e93-906c-a19fdc9873e0,10.0222,35.6884,1.1691,249.5952,3.3217,-6.5546,-3.7362,0.8689,0,65364.94099041351,-369195.2124,77.37124793916969,25191.76269634376,40173.17829407001,-369060.3106,79.43736539,0.013905324,-0.078540255,1593183.6938723524,0.046713945,0.008546143,-5.648214575,0.000195917,3.1137958051893673
geo-b44a08ca-b93e-4790-9465-e625294304fb,10.8525,27.8856,1.3173,243.262,3.6726,-3.9345,-7.1833,3.5964,0,160058.51213425308,2336824.5148102427,-21.45218972,121226.9442601328,38831.56787411986,2339893.188653927,-19.21651013,0.032708923,0.477544191,-5604130.52,-0.152865171,0.007935423,14.599814053314411,0.006688789,0.7172852440713783
geo-b480b412-3598-478e-b31c-e7aa9e5e0971,10.8115,34.028,1.2478,250.2633,3.2874,-5.1798,-2.4411,2.541,0,71048.92218,1499009.505001641,-144.903017,29777.693812910624,41271.22836905174,1499238.351253956,-145.4511209,0.014792465,0.3120954474145219,-4968084.694,-0.142532577,0.00859267,21.098272274455528,0.002867735,1.0094900859444207
geo-b490a9df-bb5c-4789-8b64-9a4ffdb42c58,7.7754,34.6609,1.1642,243.7309,5.3208,-6.9286,-5.9308,1.1081,0,59851.47961034463,495362.7158564879,-10.05745406,20331.934647980503,39519.54496236342,495735.9106011254,-10.4120104,0.012749707,0.1055233633903329,-1371287.424,-0.035547323,0.008418505,8.276532494793528,0.000455853,1.8043968264060433
geo-b4c54ab3-3853-478d-8b55-55178576ce58,9.83,37.1544,1.3155,245.5988,8.5285,-5.88,-4.5176,1.2067,0,145128.26528731585,2899233.091812077,296.62842640369524,105592.18011438267,39536.08517293252,2901400.558387069,296.0776640952028,0.029672029,0.5927592991615291,-11775978.57,-0.306123228,0.008083261,19.977039524811982,0.011377670732972859,2.328158915
geo-b4cc0ebd-636e-4416-9fe0-dd8ae403130f,8.9248,25.5786,1.3687,243.9807,8.3765,-4.5126,-6.0608,3.1093,0,405550.31121658353,3391401.197,-19.11901075,370010.1985782283,35540.11263835592,3407114.5123400586,-11.3827829,0.081759942,0.6837148341220316,-8876794.588,-0.211288956,0.007164936,8.362467253414568,0.016672535082644633,2.165100964816555
geo-b4d6668c-ac28-4e12-b10e-9f865c45781e,8.2024,35.2622,1.1706,242.0204,3.424,-3.3171,-1.873,2.2242,0,95890.65462,2099150.9276517085,49.46488919493825,56403.70640948215,39486.94820600208,2100341.269105189,51.31168448505713,0.020386487,0.4462824182804339,-8005116.467,-0.208692643,0.008396675,21.89108976332659,0.007729097,1.2384268337279272
geo-b503fbb9-ff09-4b82-8b90-ce379e77b249,10.4866,25.1705,1.1305,250.1587,3.3358,-4.1978,-5.1819,0.4408,0,73138.86479362313,304492.02241647034,154.5390816418328,33061.01045390273,40077.85433972049,304654.40118886664,156.02373866821927,0.015723769,0.065461259,-1167763.948,-0.035488755,0.008617883,4.163204108727416,0.000130072,2.1989356599920256
geo-b50a98f9-9dff-48bf-a3fd-54331af6b3c3,9.824,25.0144,1.0152,248.0845,4.6976,-3.0805,-5.9009,0.2369,0,88839.90525500943,1579992.190402873,24.12677037089903,49181.0992,39658.80605402145,1580331.2508612531,24.52576570107872,0.019735506,0.3509903104646142,-3735176.405,-0.119957075,0.008811858,17.784712690402067,0.003991646,0.8534215569783351
geo-b525c847-99d0-47c7-a438-0e6cf6833902,7.5593,34.158,1.2105,246.6238,5.1577,-3.9082,-3.5352,1.9986,0,125251.52096915654,2510981.891712185,23.381461767127647,86098.70311907402,39152.81785008188,2513138.696,21.39085338999664,0.026343527,0.5281222831738117,-9182505.438,-0.226594851,0.008234773,20.047516168131303,0.011744581079406709,1.1963947363412484
geo-b530825c-d2e8-4126-8d23-c0e4be5f81f0,9.5993,32.5527,1.3491,256.7287,8.5775,-5.7937,-1.6338,2.0328,0,289767.0331788975,3223941.909197816,16.000852253084417,252318.007,37449.02619368099,3231291.285,18.126552827674004,0.05870729,0.6531760754027504,-11837641.17,-0.291764751,0.007588768,11.12597894187434,0.014147219787822218,2.0501328741910125
geo-b53ae649-a757-487a-b16a-1b6c3871d0c9,9.676,36.3851,1.0324,244.0095,8.5471,-4.6452,-1.5962,3.4802,0,421354.8383833328,3266531.7432558765,443.80836317244734,387055.29525371775,34299.54312961534,3284260.842077825,440.6640759562308,0.093139802,0.7220615324568438,-4281250.217,-0.134678932,0.007583389,7.752448639,0.017151522804963713,3.3609579193886323
geo-b590d115-647b-46ca-98f5-afd5a4bf4d65,10.2818,28.8257,1.2487,242.617,4.075,-4.071,-4.3754,2.61,0,130063.65453752426,2295758.4355540453,322.8672444217709,91048.79334738891,39014.86119013547,2297646.4107701504,329.2841290504397,0.027067193,0.4777640439777044,-6823137.719,-0.187702649,0.008120916,17.651037437916273,0.007066558,0.7108810194417963
geo-b5a845ad-184c-4aaa-a63b-85423f846109,9.7762,27.2281,1.3709,250.4624,4.4323,-4.3422,-6.856,3.2464,0,166599.11503840098,2346472.284582127,77.94377286342194,127878.03521791614,38721.079820485385,2350145.475,76.71475798268713,0.03356048,0.4726839948877824,-6366542.527,-0.155798056,0.007801724,14.084542310091289,0.007274813,0.5350700119569524
geo-b5bb1a48-0e48-4a51-a332-0a6b0c73f591,10.2751,33.1353,1.0328,255.8644,5.7808,-6.3221,-1.7427,0.9262,0,68514.17937791406,1339444.278316064,-34.69201102,27567.179214377866,40947.00016353475,1340016.1771858777,-32.90746618,0.015146344,0.2961092719437301,-4065504.321,-0.133903273,0.009052054,19.54988427910516,0.00271624,0.996531665
geo-b5e24ab0-e1ca-4fae-b12d-74d6965cf822,10.0336,36.6348,1.0338,255.0443,5.4489,-5.4012,-2.7449,1.3004,0,72444.39391924397,1552853.7487564082,-256.6569854,31581.313339949727,40863.08058,1553563.8114734082,-257.2492814,0.016010589,0.3431887840959427,-4423054.83,-0.143847934,0.009030907,21.435112708478506,0.003736453,0.8970662363025563
geo-b5ebdbd1-22cc-448e-9f90-c6a170f28ee8,9.2527,25.5151,1.1592,246.8958,4.3671,-3.7578,-1.6382,3.1933,0,241675.1099979909,2747367.8496398577,36.73905481469622,203980.6976226624,37694.41237532826,2754672.3537027943,36.97621363497524,0.051553617,0.5860626300968159,-6604543.445,-0.187475841,0.008040849,11.36802151310784,0.011815978866441583,0.7897850436897239
geo-b64e014c-ffed-4af1-9c04-a2f904b8b2da,9.3767,30.466,1.0114,242.7424,7.5356,-4.7254,-5.9503,0.5481,0,122150.02536069996,2343951.1758644544,481.7941277984463,83252.62876069467,38897.39660000564,2344813.7290554205,477.9856616708258,0.027170698,0.5213817104221139,-4849949.491,-0.155104499,0.008652179,19.189117390217053,0.009228087,1.6093655633461867
geo-b654e080-8160-4479-beaf-1d13bf57dde3,10.6118,28.9031,1.3738,255.7494,4.5051,-4.0587,-4.7826,3.8403,0,234758.50570221888,2909646.901,120.84613716886152,195984.19075512228,38774.31494709618,2916532.962,126.01133482037852,0.047264702,0.585808783,-8364790.217,-0.216280946,0.007806519,12.394212905738922,0.010293731,0.6387509171530702
geo-b692ccfb-55ad-4044-a32a-9fdb52b09670,10.961,25.2738,1.3702,255.515,7.5945,-3.5272,-4.337,1.285,0,313409.9246,3059649.2723287484,33.01073313576819,275287.5797240326,38122.34486026758,3065339.6326160417,33.31734213148735,0.063159377,0.6165903719147575,-9404552.162,-0.247798351,0.007682497,9.762451767878753,0.011040619109068518,1.7232758331886555
geo-b69cc50d-ba58-4e6b-b9f1-a4c8a1d2dc84,9.8111,26.668,1.3804,243.7965,4.2041,-4.3476,-5.2643,0.5276,0,70713.30626727409,978640.1792551004,-96.40586864,30390.142649018013,40323.16361825628,979024.1624124614,-96.69425374,0.014212386,0.1966929880664702,-3679157.046,-0.091020367,0.008104349,13.83954775860922,0.001255192,1.3403974613407288
geo-b69e7570-15f3-4349-8324-9b49ab4749eb,8.4179,27.2015,1.1077,240.843,8.3933,-6.6497,-4.8476,0.0074,0,99583.67223234024,1848251.049880324,513.5025524655881,60791.33677122933,38792.33546111015,1848567.5511376397,514.2011044533286,0.021550832,0.3999787086253725,-5623253.358,-0.158337818,0.008394978,18.55978001662932,0.006049509,0.6970814254935647
geo-b70f13cb-e3ec-4851-9d34-f7c30eb4b867,9.4313,35.2387,1.0792,251.0919,8.0285,-5.9236,-2.6113,1.997,0,187595.5920924767,3064375.615,-134.1551059,149085.71793885104,38509.87415362558,3068155.464313774,-139.9846281,0.040917174,0.6683823844346395,-8917517.341,-0.267252497,0.008401228,16.335008625451934,0.015077472964230303,1.3786080773376335
geo-b724ce61-72c8-4a62-b67f-91ee19eebab4,10.7861,35.4452,1.0174,257.8209,6.1881,-4.2054,-1.5011,2.4064,0,207132.9780624574,3083575.76,22.33516469045412,168486.2043919182,38646.77367053979,3088270.5380713944,23.60964789101274,0.04599424,0.6847133836713449,-6568258.316,-0.224264472,0.008581538,14.886937795827809,0.013835769512835728,1.4368192588237472
geo-b72b1f47-3122-4a1e-8af2-a305020fc368,8.2711,26.187,1.0539,240.9997,5.7245,-4.8979,-2.6314,2.9143,0,213599.0719415582,2612393.944779101,1.1575763416489195,176534.0753222823,37064.99661927528,2618165.454241205,1.8445706805280933,0.046925675,0.5739179921548464,-5362465.093,-0.153430721,0.00814447,12.230361869240058,0.012676126,1.3776873572089825
geo-b73466fb-e982-4ea5-bf71-532b1679756d,9.9852,28.6515,1.202,256.2604,7.425,-3.0073,-4.3136,3.7551,0,506500.6865135482,3623564.2952100406,509.61659902905353,470755.1278060733,35745.55870747628,3647054.073392989,502.6210700541541,0.1067779828827205,0.7639019977478848,-7768300.939,-0.221744237,0.007535663,7.154115269127305,0.018602386,3.4773819159799686
geo-b779b5f4-d03c-44d0-aafa-700044b26872,7.7693,35.0953,1.2017,249.3273,8.7054,-6.2874,-6.9434,1.0001,0,114022.9662921545,2313080.9898875942,175.26527528495083,74449.36714004933,39573.59915210514,2314660.396850391,173.61090619294754,0.024039738,0.4876724596392958,-7793727.983,-0.196283135,0.008343354,20.286097310965538,0.009743718,0.9839579135640801
geo-b7837f0a-2806-4627-b1df-35f7a3cd81f3,8.9625,26.3258,1.3276,248.3059,7.6195,-6.7143,-5.0599,0.7027,0,112609.27448856468,1811997.3485625628,-1379.864289,73661.70922813426,38947.565260430376,1813004.0259437796,-1386.026364,0.022949572,0.3692818683075388,-6332026.118,-0.155752638,0.007937403,16.09101343376984,0.00484325,0.6682886685721258
geo-b79fbd9c-15fc-4886-90ac-b1efb0c8db07,10.3627,35.9438,1.0989,244.6118,4.7507,-6.1179,-3.4091,1.592,0,62364.84753844386,1071497.9665211942,206.10985594714856,21926.84744451078,40438.00009393297,1071934.161605144,208.5622628997837,0.013527035,0.2324096113464082,-2943821.052,-0.091100315,0.008772837,17.181120596193022,0.001659149,1.133761729087355
geo-b7c43b64-613a-430f-af47-a57e0b66b1e0,8.4542,31.376,1.0196,251.4052,8.4764,-6.703,-6.7665,3.1901,0,212563.12202146612,2770847.539617957,69.11219500769982,174998.18223899868,37564.93978246812,2776432.5406277347,67.61241103698417,0.047170049,0.6148809488274317,-4314528.865,-0.130202718,0.008336021,13.035410438402032,0.014235072527281595,2.4366762948552965
geo-b7f60799-047b-4dbf-ad14-ffb54cbcdb6b,9.6628,31.6721,1.1035,245.0704,3.0954,-3.5927,-1.5634,0.7021,0,64100.64428125839,991910.0839211488,68.4772288,23936.43310708619,40164.21117417169,992184.0220899234,68.80228449367912,0.013885513,0.214868048,-4627349.338,-0.137795053,0.008702148,15.474260751091588,0.001520866,1.8066045737658853
geo-b8217a6c-0824-414c-811f-f77a00ce525a,9.6474,28.2058,1.098,240.4238,3.6914,-4.3034,-3.3846,1.5484,0,74308.43267305876,1490068.7016996094,19.67571576035823,34739.62908278969,39568.80359026956,1490718.478493295,21.06986454645101,0.01612171,0.3232803469459083,-4162396.86,-0.124370805,0.008586449,20.05248459829013,0.003448248,0.8853648739463789
geo-b83ea066-c63f-4674-b41f-1b1fdca2ac48,7.8148,27.7801,1.0729,254.6425,3.3698,-5.464,-5.4314,0.5443,0,87733.65006219239,-307792.184,-70.92740575,48677.07476390596,39056.57529828683,-307532.8725,-71.54637274,0.019174145,-0.067267827,123978.39032849723,0.00345396,0.00853575,-3.508256909,0.000184309,3.422015274245495
geo-b849ce12-d4dd-4755-99f2-6d817a6877a2,10.7448,31.7239,1.1329,257.0494,8.8008,-5.6112,-5.0088,3.9176,0,407299.9554704668,3387665.412043211,521.6035553,370956.5362591706,36343.41921,3405278.745,522.5032122647366,0.087522845,0.7279600971267517,-6520514.938,-0.203488964,0.007809632,8.31737241,0.015698817462639635,2.427247034633515
geo-b87379e1-6c81-4c78-ac7e-5d858ebcf77f,10.8684,34.3501,1.2036,250.9861,4.3168,-4.1589,-4.7627,1.6609,0,77378.54033240824,1735947.6068113174,47.62837413780241,36312.52307320516,41066.01725920338,1736653.6472768076,46.89907639,0.016305412,0.3658034912170321,-5511641.018,-0.163939831,0.008653495,22.43448376454132,0.003919045,0.9946895140251295
geo-b8812458-65e7-4bbf-9a14-0a204f26b976,10.4187,35.4443,1.1711,250.3069,7.333,-5.1785,-6.7247,2.9062,0,194605.11505961616,2927019.1598836007,-277.4188442,156248.00239815496,38357.11266146198,2931416.5464167884,-289.8997223,0.0413676,0.6222023390966289,-8080548.463,-0.237329408,0.008155295,15.040813079280678,0.011827688364921145,0.9692580029208605
geo-b8c5ba96-a04d-4a97-b18e-dc6b5c77727d,7.8498,34.8499,1.0913,251.2846,5.9615,-6.7681,-4.4784,3.4878,0,112395.23284749722,2428716.848233653,-176.6829965,72915.69940392062,39479.53344357695,2429550.9169243067,-176.9461986,0.024436145,0.5280337673857551,-5510320.518,-0.151714941,0.008583305,21.608717618202277,0.011306154816825774,1.9494704511110288
geo-b8ce4d5f-74f3-40a0-9b37-d425b033613d,8.2226,29.714,1.2953,248.0982,4.5368,-6.914,-2.8542,1.3072,0,62065.213227256194,601638.7254680804,-42.08626427,22054.011833334276,40011.20139392279,602121.0558684887,-45.0789311,0.012755342,0.1236458722398693,-2649090.836,-0.06291951,0.008224568,9.693654370688119,0.000591834,1.7425604537881498
geo-b93c54bc-698a-4780-97cc-e19b65101e81,7.6958,26.0974,1.337,257.0887,3.9546,-5.5127,-3.864,0.1534,0,79315.85368397806,11443.145540433386,23.64697235637543,39493.46813512205,39822.38554885616,11460.832578023885,23.58323782075968,0.016120925,0.002325816,-1582214.661,-0.035235045,0.008095523,0.14427311828513553,2.2374179889720327e-07,2.8719696478109635
geo-b9646440-b5fa-427e-964e-1806a65bcd67,9.0313,25.3196,1.1353,241.4603,5.6787,-6.504,-2.8567,1.0611,0,78486.12277442636,1403469.1708506066,184.78939338357296,39156.39923247095,39329.72354,1404281.6535910617,187.18108840755443,0.016854225,0.3013830321878236,-4189141.681,-0.119637272,0.008445678,17.8817493,0.003201382,0.8645243685385151
geo-b971f503-4018-4517-8483-81b5bd639f4f,7.5572,33.1344,1.084,245.795,8.7886,-5.094,-5.5776,3.4258,0,351535.50312706025,3289093.777618809,220.6942339541838,315915.76526964246,35619.73785741655,3302507.505193415,220.41150634368955,0.076586321,0.7165694182274001,-6962258.979,-0.189133701,0.007760156,9.356363008461196,0.021627472,2.0681989499495734
geo-b9788c76-6ee2-4ba6-aa2d-8495818ff7f0,8.2774,27.1103,1.1403,250.6759,5.8558,-5.2756,-3.3637,3.672,0,243914.41921510984,2800857.9223695924,212.7048016353043,206478.90586338931,37435.51335172035,2808673.374914515,210.75833212187877,0.052294679,0.6004973682989316,-6461764.084,-0.173171499,0.008027707,11.482953453028507,0.013866868637989407,1.1532233898432327
geo-b98c1e5c-7a1a-4053-8c59-0b33d5b5cf29,7.9574,31.5297,1.1228,250.631,7.2395,-3.4025,-6.2796,3.3156,0,347369.1025519529,3295821.5134581937,70.33865031006188,310970.83607005153,36398.26648190113,3308708.0681534326,79.83160472923608,0.074840323,0.7100814244809763,-7654423.576,-0.203827565,0.007843553,9.487952409253989,0.020169505064990167,1.8295666184734658
geo-b99314c7-29ca-43bc-b27e-6855cb6887d1,9.3718,31.5109,1.0881,255.8258,8.9503,-4.9834,-6.104,0.8388,0,197008.41369659727,2835026.952011036,-74.70147861,158388.6201184228,38619.79357817428,2837203.518065707,-76.34885012,0.042862025,0.6168010449077621,-7702547.688,-0.228555748,0.00840399,14.39038516,0.012921630467480008,0.8600795814555625
geo-b99423b8-4041-4c93-ae70-2bf224d740ed,9.2812,26.719,1.0035,249.094,3.7878,-3.1273,-2.9872,2.6401,0,168074.15515767815,2444469.2698440235,-38.07836205,129562.57582129892,38511.57933637866,2447873.679886837,-39.76661541,0.03747155,0.5449859512716673,-4132886.712,-0.132290753,0.008585978,14.543992605827851,0.010186303461947497,1.8677760696451375
geo-b999d3b1-7f99-4111-8831-3783e05624e5,10.2137,36.9205,1.2136,255.9857,4.9817,-6.1138,-6.6913,0.8512,0,63398.59975187719,462375.53163098544,-2.862598777,22115.627139837783,41282.97261203871,462641.0590077487,-1.634955034,0.013323015,0.097166757,-339276.1663,-0.009708949,0.008675441,7.293150533932652,0.00029424,1.9703988076522374
geo-b9cb88fc-8b4d-497b-8978-85df5ae99b72,10.7837,27.4376,1.2931,248.6139,5.9626,-3.3918,-4.9101,3.1343,0,322476.38303288544,3166351.5032287184,-188.5953073,285046.4220926762,37429.96094020933,3177458.6197625617,-188.9132043,0.066312776,0.6511160827402408,-8454888.841,-0.23035356,0.007698504,9.81886324,0.012514087,1.4285769154421342
geo-b9d9bc56-6d03-4bb6-abbd-6430300cffeb,8.9223,31.3488,1.1986,248.1798,3.1383,-3.7552,-2.8753,1.2635,0,67973.74462818737,1222580.8477213748,-232.0076234,27604.663590984543,40369.081037202304,1223073.796639041,-232.9863744,0.014340288,0.2579254861732746,-4943005.918,-0.13157182,0.008518306,17.986074688231888,0.00237335,1.254888244845858
geo-b9e9489a-162c-4ba2-ac16-dc4701b15923,10.3394,27.1318,1.2567,244.8256,5.4074,-6.1387,-3.8297,2.7235,0,136225.92526300412,2123200.042894496,-38.78689908,97496.75851501568,38729.16674798824,2125527.353,-35.8526353,0.028288354,0.4408987092851943,-5956542.213,-0.163330697,0.008044031,15.585873531747795,0.005984563,0.4262745316882926
geo-b9edf2e7-52b7-4ccd-86c5-77fa4616f9eb,10.7327,33.0976,1.2169,244.1179,5.5109,-5.2427,-2.921,3.011,0,157662.3497023612,2809981.6981025767,3.882896228291713,118869.1292556787,38793.22044668249,2812636.247565471,9.372400179032098,0.033102394,0.589976763,-9101933.682,-0.266335547,0.008144885,17.822782061838687,0.010323119387567144,1.5160954381187959
geo-b9f9a15f-410c-4ce3-be5c-2b4c3e4b9be7,8.2484,26.9935,1.2521,242.2382,4.8574,-5.5077,-1.9118,2.1165,0,119681.6282,2203571.184511221,-12.02077719,80519.83728028034,39161.79091882443,2205659.0236104364,-10.02292163,0.024888874,0.4582525075035582,-6982185.83,-0.174400126,0.008144005,18.41194189675726,0.008103826,0.7503899751372554
geo-b9fa127d-d034-497e-9770-c88231c4bd3d,8.1796,31.6847,1.0888,243.3666,4.2951,-6.6122,-4.2896,1.2521,0,57944.67263,329882.3987772305,15.89078556590792,18625.67735447605,39318.99527268544,330199.70280816744,14.882804505829512,0.012604204,0.071756465,-1081373.628,-0.029961006,0.008554448,5.693058288547352,0.000200373,2.024287700134042
geo-ba0ffd63-d1be-4e28-b3e9-0827c3522f18,7.8007,26.0086,1.0755,246.1115,7.1512,-3.0809,-6.7527,0.2341,0,168623.89560014236,2385232.6121268896,329.59964687808485,130647.1771068553,37976.71849,2385906.722530347,327.6695782300971,0.036825458,0.5209065042113785,-6302442.698,-0.175076313,0.008293621,14.145282337581477,0.011072255825458285,0.5859606568201019
geo-ba439eed-a635-4114-b340-ee0e45e80e5f,10.0151,26.873,1.287,256.9051,7.0214,-4.6173,-7.2149,2.1671,0,223167.9816165224,2666002.710648282,-38.00320339,184650.23314503903,38517.74847148288,2671236.814000712,-35.92370163,0.045975901,0.5492359477226828,-7184472.271,-0.192599791,0.007935183,11.946170285437159,0.009587663,0.45714929889050027
geo-ba6c27e6-860b-4a55-be0f-e16aa335fee7,10.3386,35.0782,1.1926,252.9235,6.9857,-3.1176,-7.1147,1.8317,0,220812.96873090672,3109528.063081709,-395.7126841,181911.1839479806,38901.78478292647,3114110.0586035447,-396.9152892,0.046661298,0.6570928134092082,-9209568.84,-0.265082642,0.008222227,14.082180412469933,0.013293576196464806,1.2126120738188375
geo-ba82fb24-2e5f-4439-b3f1-c1eb1396abf0,10.0892,25.6219,1.0718,249.2995,7.7267,-4.7149,-1.9198,2.3867,0,347063.3824687576,3116615.6426572725,-223.3665303,310165.3509,36898.03152689283,3126947.272503922,-222.5095699,0.07585853,0.6812066433533011,-6131905.848,-0.191146012,0.008066525,8.97996101,0.014640339420203222,1.9110300574077477
geo-ba939d19-3f30-4563-a73a-b431c926b1b9,9.1916,33.0606,1.2306,244.0595,7.8484,-4.053,-3.4276,2.6256,0,348522.4695855638,3341912.6250345707,35.91474431297175,312555.8955921656,35966.573993398655,3353096.3971690577,36.83363498642544,0.072902237,0.6990450455973425,-9716706.862,-0.260404527,0.007523274,9.588801057815626,0.016922687509334747,1.8706200336096557
geo-bacface0-27b8-4bcb-9f9f-ed7775f1c9ac,9.6115,31.7893,1.2822,246.8987,6.2747,-5.7506,-4.3579,1.8087,0,110483.53314796188,2311748.8064366896,463.3145931189336,70821.63278964821,39661.90035831401,2313247.7627236745,462.9564142668192,0.022785825,0.4767688106404535,-7840959.368,-0.203345173,0.008181414,20.92392178788074,0.007527914,1.0556907113587042
geo-bad39a5e-4f45-42e9-853f-771b7c38f8af,10.6932,30.9011,1.2178,256.2193,6.0975,-4.0614,-6.9387,3.7663,0,282006.0006531136,3115988.4832644737,115.18100801210404,243874.36686891204,38131.63378420191,3125465.1688103057,121.14289850035551,0.059182472,0.6539289929755467,-7623599.854,-0.218939287,0.008004014,11.049369432026193,0.012729273665204743,1.0472450568189606
geo-bb208083-4dfc-4cf7-b925-7ebb5bb66afa,8.5059,29.1084,1.2298,252.1165,4.5406,-6.2304,-3.1089,2.7987,0,94398.72710691697,1940423.5336237997,9.178766394,54245.75670847741,40152.97039843976,1941350.513833455,10.370512628058378,0.019750165,0.4059767052525467,-5507476.802,-0.142072406,0.008400787,20.55561121524516,0.006167826,0.9864848165291047
geo-bb2e125c-f338-4665-8394-5d5ef3bac945,9.1788,30.4361,1.3602,251.7232,6.6016,-5.5763,-2.5411,1.4536,0,141210.8452192885,2556012.4593627406,692.2884074130033,101757.67578814336,39453.16943114479,2558206.9084069235,691.1999624298325,0.028526121,0.5163422096463688,-9948660.187,-0.237793999,0.007971577,18.100680973854853,0.009245693,1.2995930902455515
geo-bb3654d4-eafe-4a9e-b22f-bfb3ca9e5c3b,7.924,32.4055,1.0544,250.8252,8.7439,-3.1257,-5.1308,0.2259,0,249625.49179725169,3116987.163360988,109.52871750009272,211551.66596643697,38073.82583081484,3118242.2432500506,110.84617157608706,0.054832502,0.6846744870532396,-8511778.966,-0.238283115,0.00836495,12.486654070941727,0.018831025,1.075126709149301
geo-bb475316-1bba-4d93-89a9-49764029822e,9.308,31.5881,1.0794,246.3605,3.9216,-3.6356,-2.4182,2.1269,0,107672.27123442868,2324946.386,-119.3942871,68123.67354052085,39548.59769390828,2326389.0650067725,-119.051074,0.023488333,0.5071790079078589,-6582583.968,-0.199152351,0.008627344,21.592805276516025,0.008796629,1.151177176807486
geo-bb52bf20-5a70-411b-b8cc-5e36f9140c47,8.9659,28.1056,1.357,245.4985,7.6231,-5.4026,-3.9511,3.0372,0,310351.6009253645,3147396.882662451,76.81949360844446,273928.64928435785,36422.95164100644,3158010.762884367,75.36294527553423,0.06274714,0.6363432727850963,-9590975.131,-0.227112835,0.007365509,10.141390839544487,0.014376035981701276,1.2622540845233348
geo-bb64d166-397e-459c-87a9-da8bbd1caffd,10.4966,30.0228,1.3527,250.3385,7.8959,-4.164,-2.0102,2.0768,0,363887.84141720674,3357926.057318668,-388.8181291,327107.5902792419,36780.25113796558,3367954.791280557,-392.8256745,0.073669682,0.6798175629322273,-10883375.79,-0.284315947,0.007446182,9.227914965,0.014014778565962728,2.4515503088729136
geo-bb6d76bd-b45e-4e62-a6c9-c39e28ed4e01,10.107,31.3788,1.346,251.0368,6.7646,-6.1352,-3.9121,0.1299,0,73877.79902,1477571.8924887392,1.1334361914107165,32579.19931612548,41298.59970582154,1478009.7954062056,-0.59067169,0.014983107,0.2996653660957098,-6140386.722,-0.158196637,0.008375697,20.00021538337641,0.00282814,1.3245132742139205
geo-bb70b010-b160-42b9-b1fc-fe907c6b84f3,9.5253,33.5017,1.1416,244.4662,3.5883,-6.366,-3.4352,1.2279,0,58012.87780337531,129179.88668732172,31.85097191421906,18059.30490768984,39953.57289568625,129429.5221165186,33.222213719196205,0.012435894,0.027691565,-371667.7285,-0.010848704,0.008564577,2.2267450190137574,2.5625152429054367e-05,2.3158607413999115
geo-bb935018-420f-457a-b25a-544f9c8fd6a0,9.2793,28.849,1.3867,248.4643,6.5198,-4.767,-2.6908,0.9898,0,155492.71603576865,2554472.8455380704,-1397.373721,116452.08062025868,39040.63541550949,2556455.4409220293,-1401.879522,0.03120049,0.5125693788894098,-9864029.618,-0.236213651,0.007833682,16.428247641840976,0.009012395,1.2474225697245296
geo-bb9bda85-0113-4c31-9a11-616463eeb72c,10.507,34.0784,1.3498,243.5882,6.7975,-3.5178,-3.7807,1.4329,0,215603.5529808915,3172210.6692748894,294.6108885,177157.51994672223,38446.03303417037,3176027.204932823,295.08376657114826,0.043682637,0.6427098458815304,-12155436.06,-0.318394304,0.007789367,14.71316509128231,0.012514148410993887,2.3254254986361813
geo-bc521f84-7354-4a01-a049-85c9946e986b,7.5228,35.7198,1.1153,244.5482,6.6461,-6.1943,-3.9324,3.4975,0,162143.41122869155,2896395.006,-305.6354409,124036.07547681926,38107.33575187205,2899301.928017139,-307.5454604,0.035014458,0.6254691456037671,-7958476.301,-0.210620373,0.008229139,17.863168069857924,0.016553216416023003,1.502999838
geo-bc6f8253-883f-4196-ac5e-56e45da85939,8.4803,29.6252,1.1672,244.7022,4.3912,-4.0848,-6.5686,0.2027,0,63418.45876856387,698161.2392943574,-15.80132552,23671.802736360125,39746.65603220394,698262.5391221051,-15.79042942,0.013498336,0.1486005094980487,-2731565.098,-0.073780844,0.008459854,11.008801740865175,0.000828857,1.6135422849773267
geo-bc721fab-f8a5-4208-b322-11551f0c81e7,7.7469,37.2402,1.2671,242.0754,7.1436,-4.923,-6.9545,2.022,0,131545.45234009056,2629280.491,210.0169357650537,92663.58629115978,38881.86604893148,2631624.227835241,210.1426127729856,0.02724555,0.5445737003511897,-9316334.393,-0.222976613,0.008053127,19.987619822667753,0.012185279765145196,1.1782902552484078
geo-bc92bd8a-9ec3-4b2b-ae49-0b45656c04af,7.68,26.7597,1.0084,244.0501,5.0488,-5.6854,-2.1854,3.0339,0,147318.71250733372,2240282.344,200.46574784169457,109478.06620276374,37840.64630456917,2243167.139055899,206.0261853645665,0.032797607,0.4987546937857012,-4109822.788,-0.119222371,0.008424429,15.20704536503756,0.010310100507503167,1.8074656697982576
geo-bc977e90-531c-4d2f-b409-9cb471ef4702,7.8478,26.9847,1.1426,241.8337,4.7391,-5.0966,-7.2844,0.5956,0,68426.90367972088,572125.9999036968,42.23571804233462,29510.30050567193,38916.60317,572481.8101651683,45.27188678,0.014661165,0.1225838544262168,-1944683.239,-0.050657177,0.008339964,8.361126532651323,0.000609493,1.7430068785220811
geo-bc9b62ac-a0ed-45f5-b5b3-2d696d565275,8.9157,36.7001,1.1793,247.7671,7.9486,-3.2475,-2.1721,1.3843,0,307842.9371786647,3296757.437,-523.2264457,271041.11789328593,36801.81928537982,3302892.638954364,-530.1269948,0.065290774,0.6992132006382888,-10404129.22,-0.280919077,0.007806918,10.709219016061972,0.017454761472395476,1.7665779392214083
geo-bca613fb-396d-4e91-80c2-042fa0b968ff,9.7237,36.0102,1.2631,253.0464,4.2864,-6.0043,-6.3172,3.8612,0,94594.79812876176,2079710.1573378397,164.44034638848112,53799.80151313512,40794.996615625976,2079328.522373143,168.7491222417476,0.019609438,0.4311225103306727,-4855640.987,-0.128495835,0.008458483,21.98546007262454,0.006084431,1.5098746135770593
geo-bcad5bac-1c57-4389-92e8-b66ec7c4e18f,10.8605,36.039,1.0963,249.3609,3.5175,-3.4903,-4.9676,1.0467,0,62955.001283335856,1037554.7056307507,-41.92507542,22027.055806071097,40927.94547726505,1037880.7736471804,-41.07643547,0.013667894,0.2252591083070472,-3187057.684,-0.102821111,0.008885646,16.48089404305026,0.001487185,1.2029476043966698
geo-bcc90360-0d5e-480d-a02e-e3e7f0fdc289,10.9763,33.4085,1.0514,253.0912,5.2703,-5.4878,-3.7617,1.6782,0,77761.12750959289,1743980.961370889,-108.4430653,37013.29273710066,40747.83477,1744721.5052026692,-110.5240736,0.01709913,0.3834892680670776,-3868094.165,-0.1298236,0.008960118,22.427413506263086,0.004264819,1.1410309060035675
geo-bcd672b4-63cb-4881-87cc-dcf227ca9891,10.463,34.7437,1.2361,250.571,5.2004,-3.6015,-5.2445,2.1308,0,130637.52549467007,2703140.989,259.0454832447906,90537.53728713354,40099.98821,2705054.779868923,259.1651396996453,0.027279653,0.564468348,-9344536.807,-0.261804251,0.008375347,20.69191817938792,0.009693332,1.6368628169911772
geo-bcde2053-89a0-4c28-b5d1-5113843f8815,10.1296,31.245,1.2006,253.0036,4.237,-5.0215,-4.5415,1.5576,0,69750.50374,1310820.186146082,96.64492320083257,28726.62559072292,41023.87814428144,1311389.974034505,93.37406473035549,0.014710103,0.2764467564502829,-3855567.051,-0.110966947,0.008651727,18.79298522525608,0.00240149,0.9755843641678558
geo-bcde6d81-13e6-47ee-817f-ee20db8a07cc,8.148,25.6813,1.2863,252.3237,8.9443,-4.8577,-7.1497,1.5248,0,270416.5610218522,2837864.0665605143,64.21650257079537,233448.0091,36968.55192541145,2843511.5303956857,63.5424505,0.055708714,0.5846304530436851,-8340466.494,-0.198537785,0.007617456,10.494416672694788,0.013352481178594198,0.8824560506755943
geo-bcf0c956-2dee-4c64-91b8-8fd067deecbf,10.722,33.6598,1.1371,255.779,6.721,-5.565,-6.5903,3.889,0,220040.90953031287,2947991.5820162417,212.8425214243611,181596.0982286088,38444.81130170361,2953652.330361949,216.2590099781836,0.047218388,0.6326069532712087,-6634147.331,-0.202842631,0.008251504,13.397470444513564,0.011880705937744563,1.0702149248379247
geo-bcf3a6a6-c768-4efb-ad9c-291b6d228291,7.5382,32.9145,1.1999,245.3689,8.6268,-5.4789,-5.3542,0.7643,0,149046.2160740257,2668192.811779076,595.2123895208946,110410.33088388995,38635.88519013576,2669982.050758153,600.0677175919479,0.031432776,0.562702696,-9637237.805,-0.235554464,0.008149676,17.901781622244467,0.013370278808604877,1.1289696300389098
geo-bd192a55-d4b0-4d47-803d-8c5fd05ee7a8,8.9846,26.6522,1.3954,251.3418,7.1887,-4.2213,-3.5713,3.9312,0,445957.2680835885,3556090.798608918,106.86709536358173,410282.5100028961,35674.75808069155,3576643.370134106,107.73964675041972,0.089262681,0.7117861283704731,-9675468.521,-0.222877994,0.007142091,7.9740617613219005,0.017949420030587963,2.5603932002068217
geo-bd7b17f0-e970-44df-8695-1e572816c935,10.4924,32.8528,1.1707,240.7407,5.6891,-4.3876,-7.0036,0.5575,0,74949.22392256235,1514561.2034592654,167.59545227677583,34724.183823490515,40225.04009907365,1515110.355282384,170.1315634889204,0.01593717,0.3220556338776124,-4142354.599,-0.124123984,0.00855339,20.207830370920114,0.003146568,0.8930670854437426
geo-bdac68fa-1c11-46b1-af9c-f8693f759d47,9.9186,29.0664,1.0171,254.563,3.9576,-3.7139,-7.2616,2.1642,0,93194.20811014464,1831940.159014533,-4555.948972,53025.77254240832,40168.43556773668,1832862.2165473143,-4565.448771,0.020695729,0.406820751,-2289537.468,-0.074980819,0.008920197,19.65723188343849,0.005311363,2.362408111656168
geo-bdbd964b-2b44-4325-b016-e853cd18ddf1,9.0534,26.913,1.2342,248.4763,5.6248,-5.0022,-2.3023,1.5018,0,137867.47105082567,2280718.3233254426,1623.598302788428,98932.74518,38934.725867095534,2282790.2898514653,1623.6874992347016,0.028810237,0.4766028968756705,-7452284.753,-0.197672198,0.008136167,16.542831357838136,0.007986413,0.7008535206141973
geo-be2c3350-bbe1-4e71-b533-00d44d553db9,10.3017,32.5993,1.3327,246.223,6.2214,-6.274,-5.3124,0.7795,0,71451.48313,1336683.5265953182,-256.7574179,30454.67738061086,40996.805748242245,1337323.3101855807,-256.2811871,0.014542033,0.2720460744557617,-4468167.193,-0.117381874,0.008343756,18.707568661448086,0.002286789,1.008735554047378
geo-be785d33-5c3d-4ae0-a2d4-511e4d794ae1,9.2407,28.4725,1.2303,247.7662,6.666,-4.243,-2.5205,1.0788,0,189403.9999922829,2705801.375490488,2423.0155923647417,151064.61662647576,38339.38336580624,2708409.3755705543,2424.6323140925506,0.039621842,0.5660325722266856,-9099295.05,-0.24456411,0.008020258,14.285872397630152,0.011036417033550256,1.1154132366980647
geo-beae097c-44e4-4954-a28f-f49d826dd9c1,10.6652,26.8879,1.2102,256.8439,5.1794,-5.8309,-3.0326,0.4412,0,69263.17466,983098.9671923604,55.201016731299774,28133.60087754388,41129.57378437567,983435.1662766412,56.82986137094666,0.014568973,0.206787263,-3748905.977,-0.109909665,0.008651242,14.193674661765938,0.001276229,1.4468706354969325
geo-bed1431a-01fb-49c8-aa7d-2105bfab07f5,9.3263,26.9266,1.3355,240.6832,6.103,-5.8382,-5.6762,0.7695,0,83661.87226874847,1545729.3821901043,-145.0678166,43768.78401482165,39893.08825,1546571.1577645529,-145.2389111,0.017014522,0.314358809,-4951316.949,-0.12350403,0.008113113,18.475911909127735,0.003372811,0.8416827077057665
geo-bed6d292-96b3-4e33-a8f0-0269ccf4c4db,8.0067,33.9394,1.2947,251.8488,8.0575,-4.4401,-6.7759,0.9612,0,164731.2763790839,2846859.7675851523,1013.198687649792,125597.95893390285,39133.31744518128,2849124.898064976,1016.172861074216,0.033860203,0.585166656,-10917924.15,-0.256004088,0.008045404,17.281841251772175,0.013613059,1.3344607618091715
geo-bee1cb64-7228-4839-a9ec-910af0f1b06c,10.5711,33.275,1.2804,254.4148,4.4147,-4.4686,-4.6091,0.0041,0,61617.74666489485,618213.2715363235,-195.7218098,20150.907172147425,41466.83949274704,618186.3988806831,-198.0718694,0.01271665,0.1275866460235487,-3077462.866,-0.085181689,0.008557867,10.033039262186158,0.000490163,1.9176849022627647
geo-bf210838-57f4-4b07-9f27-922cc5801d82,9.3841,34.0061,1.2965,249.6571,6.6246,-4.45,-4.196,1.6711,0,160431.57778956153,2914286.9012747253,124.59713454224232,121070.64342993622,39360.93435962503,2917057.497243603,126.31397958806276,0.032967376,0.5988621105577145,-11065469.94,-0.285097105,0.008088307,18.165294771939518,0.012164973670436622,1.8382407029271115
geo-bf25e0d9-dcd0-45cc-8374-cae6e9638cd5,8.7715,25.2593,1.012,252.4062,3.288,-5.015,-3.9929,1.4802,0,66565.11181828473,711902.7210375919,3.471502049,26772.513410625048,39792.59840765899,712421.5594397031,2.8567689414886246,0.014803982,0.1583261024823009,-1692007.815,-0.052312207,0.008849768,10.694832496954577,0.000909665,1.522902915879772
geo-bf4faff7-c336-40cc-a689-0e7d6072c4dd,8.1773,33.4837,1.0783,250.8742,6.4399,-4.7937,-4.7854,2.2813,0,150614.39220516657,2753811.899642999,-18.06878698,111641.88703860638,38972.50516656056,2756582.649310286,-17.21322738,0.032866264,0.600922038,-7198559.637,-0.204303345,0.008504326,18.283856272458728,0.014056476127164192,1.4228361260174582
geo-bf5dabbd-2192-48be-8bbc-b5f82eadbea0,9.9487,36.9294,1.1431,253.7987,8.9598,-6.017,-2.6312,3.3947,0,339851.5709721901,3185372.5010915785,-25.76766962,303912.96599022695,35938.60498,3198088.3373942263,-24.90103755,0.072821619,0.6825449801819523,-7025067.425,-0.209325197,0.007700696,9.372834417035062,0.014905493,1.6669162098772892
geo-bf91a019-933d-4b91-a280-0778b9c6a591,8.6932,25.894,1.0211,244.6999,3.4969,-3.8304,-4.1355,3.7795,0,177033.83162587052,2395491.9260697323,304.3474542182421,139165.90414533892,37867.92748053176,2399520.874651592,297.1129439871164,0.039260585,0.5312454388680344,-3515503.285,-0.105729617,0.008399622,13.531266335195074,0.01033382,2.2851210987675867
geo-bfae7e0f-23d4-4ca2-8c18-e28833108ae9,9.5861,37.3732,1.2687,249.5346,7.535,-4.12,-4.4734,2.1763,0,242272.32,3263343.6825972227,-191.9870162,204255.1777998113,38017.14217,3269297.4453888778,-189.9189894,0.050147175,0.6754691023839458,-11397020.22,-0.298196922,0.007870636,13.469733905347061,0.015150227291549245,1.7644632979505124
geo-c0081867-bb91-45e9-8d1d-9e4f332e7e70,8.6574,36.174,1.0812,242.0467,3.4996,-3.9691,-2.6709,2.5636,0,83788.55541269192,1884460.9701666457,-13.92179367,44187.50566268924,39601.04975000247,1885091.005,-13.83739372,0.018268856,0.4108788485953933,-5587117.53,-0.162797073,0.008634378,22.49067263285453,0.006207121,0.9585241495680115
geo-c01b64ba-7996-46dd-832e-29630c564062,7.9638,27.7041,1.301,248.722,4.4711,-3.0184,-4.0752,2.2178,0,179088.5044114347,2599789.269477268,747.1071608273404,140863.8268229697,38224.67759,2603674.619,743.1363278109264,0.036757025,0.5335938154103728,-8355979.167,-0.197657663,0.007845384,14.516784748531736,0.011380238322909575,0.4964757740018874
geo-c030cc63-0ae8-432e-8920-6b4fa2b9cd5a,10.5663,35.4693,1.234,247.4762,4.845,-3.9648,-6.5341,3.3823,0,153652.9189028734,2874621.1859651827,-333.7447223,114217.30651847634,39435.61238439712,2876775.8350040168,-335.2355068,0.032104024,0.6006192976630295,-8383448.024,-0.236409656,0.008241285,18.708536137749967,0.010867402533506133,1.273593639025548
geo-c07cb3ec-4336-403c-a907-4184fedfa4a4,8.1239,31.5463,1.2653,241.1506,4.2043,-3.7067,-2.2795,3.5316,0,212731.56028383097,2985551.6903242306,755.9468106997134,175222.1422,37509.41810260935,2991194.76,763.0003721620494,0.044082098,0.6186641163602536,-9354380.762,-0.229581919,0.007772637,14.034361833010797,0.014996689931950052,0.8375706144357906
geo-c08578ef-501c-4703-8442-ef3f1d5d80b9,10.5056,28.0906,1.2299,240.2613,8.1826,-5.1714,-4.2546,3.5002,0,402613.14224873146,3399373.9117426528,4.917195430612381,366915.82547524944,35697.316773482904,3415735.301983885,6.001699419841856,0.084215251,0.7110526100339793,-8013841.879,-0.226037392,0.007468374,8.443276075778316,0.015319081831071515,2.2522074814511956
geo-c0de5a76-26a6-4287-a826-577b40c636e2,8.1956,30.1922,1.259,252.2369,7.4143,-3.6649,-5.4875,2.1501,0,286121.9838795186,3137597.1656371583,-77.09733218,248881.13900864104,37240.84487087884,3145184.3101015864,-75.31087684,0.059378531,0.6511415484526882,-9844423.494,-0.239912035,0.007730106,10.965942298786622,0.016467216276805852,1.1528928091333301
geo-c10810ad-cb9e-429f-81bd-b2387ffd095f,10.4584,34.4877,1.2073,248.6043,8.5309,-5.9159,-2.2738,0.1753,0,122475.32315252486,2607695.143367914,-53.51010442,82377.16196003683,40098.16119248895,2608387.695003949,-56.10221451,0.025782187,0.5489439155990908,-10673663.16,-0.310561801,0.008440989,21.29159634974302,0.00917151,2.7023812801586415
geo-c11c32ad-98bf-459c-ba25-2d62afcdc327,8.9088,35.9552,1.153,254.8228,3.8641,-6.8057,-2.605,3.1647,0,68765.85626453559,1301408.667900809,260.6450943503592,27852.27745101533,40913.57881352024,1301400.4045385828,263.60112656381284,0.014694256,0.2780919641441479,-3318286.199,-0.092862387,0.008742586,18.92521577706258,0.002763171,1.0937119070936612
geo-c16021a5-5088-4586-a2d1-2b30ed0719de,10.7966,26.4175,1.1491,241.7021,8.3159,-6.0578,-4.586,1.2823,0,195906.8668713701,2521771.953860644,-40.72609529,158110.36838286766,37796.49848850196,2524618.335,-45.9997253,0.04189916,0.5393385525302775,-6545367.845,-0.198997457,0.008085277,12.872299956266504,0.008576025,0.3956092023738349
geo-c187a6e8-a9c1-40a9-a521-079e934ef2db,7.7449,28.5204,1.159,244.6345,4.8259,-6.9851,-5.2551,1.9744,0,65610.33060629824,857413.8845985071,99.31476889595618,26266.09817261615,39344.23243368184,858075.6030028588,100.88487696783169,0.013993733,0.1828739539050797,-2164505.121,-0.055317925,0.008393249,13.06827563,0.001374479,1.4214642880249877
geo-c19c751b-d803-4fa4-ad29-498993f6e9b3,8.9561,33.1706,1.2259,256.7633,4.9891,-4.6181,-3.4984,0.6079,0,71287.17940902115,1350042.477937804,56.28642551413087,30211.75760788134,41075.42180113931,1350565.2989798246,58.66638975605992,0.014930593,0.282756795,-5830638.054,-0.154794355,0.00860291,18.93808240317283,0.002841563,1.4179942180046934
geo-c1a21afd-d432-40bb-9a38-9768cb7aab10,10.6579,34.8679,1.078,240.3574,5.7419,-5.3019,-3.2794,2.1068,0,99747.46631694945,2305680.125485936,96.40913470898248,60284.00187275779,39463.46444419269,2306786.191737199,95.51228988,0.021768209,0.5031759623564304,-5908419.646,-0.191483506,0.008612193,23.115174857269842,0.007561679,1.2738527357576346
geo-c1a46311-d019-4731-8c11-64f99214ce9d,8.001,28.7683,1.0906,255.2664,3.6614,-6.9813,-1.9075,1.8465,0,61600.02888007624,443131.9168116135,-79.8221974,21557.151229373158,40042.87765070267,443651.42785960616,-82.916711,0.013395276,0.096361554,-1649659.636,-0.045879676,0.008707505,7.193696575602455,0.000369414,1.9017144024225545
geo-c1b603d6-0579-45a5-9f2b-b4c2fd5a0da7,7.8865,25.7035,1.0256,242.9466,6.647,-3.2879,-6.302,2.7359,0,292521.35657497804,2902979.633599208,169.37341246505622,256082.50659188695,36438.84998309062,2912088.6559264963,171.20933947342192,0.064801451,0.6430890871972161,-4578701.116,-0.132846532,0.008072156,9.923992106385342,0.016691989373317357,2.377582423
geo-c2076293-afff-479d-adba-603440c2d29e,7.624,32.753,1.0427,243.4274,3.1333,-5.1633,-4.4842,2.9253,0,69252.95239237347,1281642.1628771152,14.548823416916676,29865.840108476084,39387.11228389702,1281862.7833880945,14.933095239392856,0.015266218,0.2825270001143657,-2403930.028,-0.067689472,0.008682505,18.506679045473792,0.00333263,1.513546552373515
geo-c2544d0f-3575-4c50-b7b6-edb4235e4f58,8.5818,25.6284,1.2048,255.7454,4.6548,-3.3077,-7.4341,2.9775,0,194695.4845,2443767.5269346926,-21.93591394,156317.2720592856,38378.21245693175,2448789.4724497204,-24.36952756,0.041013264,0.5147879193096183,-5614714.746,-0.148266267,0.008084458,12.551742188613208,0.009829432,0.9507917766080656
geo-c256110b-b0e8-4708-bea3-ad78a5443499,10.0819,33.602,1.1621,254.9595,3.5244,-5.5756,-4.9822,2.905,0,71380.24438553817,1381126.3385531448,55.80580634370266,30228.54423669517,41151.70014884257,1381265.435096277,55.90694503572386,0.015214442,0.2943821122676513,-2670393.082,-0.078950869,0.008771291,19.348859764242953,0.002736091,1.3840307667962357
geo-c25d2c36-7920-4790-8c3b-c7d71ab2e162,9.0989,28.3317,1.1579,243.2619,3.7242,-4.3121,-2.795,0.0981,0,62196.28780436888,566857.1216,-87.71925869,22472.92419269937,39723.36361167023,566840.2567,-89.55813757,0.013272365,0.1209643671238857,-3276435.938,-0.092319571,0.008476715,9.114002484586461,0.000511889,2.1095835562660437
geo-c25ebd2a-136a-46ff-9837-2f9eec6f5871,10.8285,33.7631,1.3703,247.1664,6.2025,-3.4716,-4.1633,2.933,0,286741.4262983411,3279538.6994367195,154.63267076107866,249326.3350540234,37415.09124431732,3288343.224,149.42319374688762,0.057771572,0.6607489836058149,-11390906.71,-0.293501429,0.007539772,11.437268558553223,0.012833787201916198,1.983287377681816
geo-c27332c4-fbbd-472d-968c-56ba98aa3e7c,8.837,33.8443,1.1322,242.5128,4.9662,-4.5789,-7.4575,1.8686,0,80967.99503608509,1677710.8061607168,2.857272198202061,41251.67753732231,39716.31749876292,1678614.1426866762,2.8894359282254243,0.01740225,0.3605862145897052,-3831159.998,-0.108486064,0.008536084,20.720666300468608,0.004683424,1.269815814011234
geo-c2743c8c-9202-4f7c-a8a7-cd200e4e81be,10.1908,30.3868,1.3881,240.3215,4.5707,-4.296,-3.5427,3.3663,0,196201.2858305493,2823099.5140383462,11.288158567523013,158189.08318673357,38012.20264381616,2827809.7970527387,13.927618271423157,0.039354519,0.5662639873072867,-9478946.533,-0.237631762,0.007624537,14.38879211258861,0.010015663714372638,0.9704536080749647
geo-c27d543d-6f88-4129-880a-835a191d1e9f,8.6034,25.5332,1.1143,247.0523,8.124,-4.6754,-4.3208,1.3536,0,253186.2390692093,2767267.709169041,-125.4281489,215976.3416914041,37209.89737780594,2771775.868456368,-130.1143222,0.054678954,0.5976284642938542,-6938667.113,-0.193369344,0.008037597,10.929771378343341,0.013214251266467499,0.8634077827513575
geo-c28f168d-36bb-44c7-a5df-a5e89835e4dd,10.4642,35.8226,1.019,252.4089,5.1285,-3.4571,-4.2235,2.9449,0,171042.4097252273,2988940.4401152385,51.72908146763592,131988.20875466883,39054.20097055781,2992158.9489800707,49.72302569719419,0.037962728,0.6633929717835121,-5869683.369,-0.197158959,0.008668003,17.474849921238096,0.013387079052119695,2.032902600136603
geo-c29aef98-625f-407c-8727-fbb6d30c68ea,8.5343,32.8034,1.049,243.4543,8.285,-3.0175,-7.3095,1.4429,0,272313.93210388033,3110633.264791859,1942.342827104932,235460.2994210055,36853.63268287401,3115812.307513121,1940.0413686395293,0.059921057,0.6844763034947603,-6415415.731,-0.190209287,0.008109379,11.422967751812438,0.017474271,1.6149866083274087
geo-c2fe512e-61f9-47e4-b3ca-bb84812f75ce,8.8654,26.9942,1.0949,245.7104,5.1039,-5.3132,-3.9603,2.1578,0,113365.8629711273,2023976.118004819,-313.9666613,74583.66024534173,38782.20272578594,2025555.4075242688,-314.6573357,0.024622114,0.4395906235447195,-4797143.214,-0.139978904,0.008423125,17.85348838671384,0.006938229,1.0392491057272812
geo-c314ad2f-7d3f-4f63-b2e2-42fc4a234fdb,9.535,36.5509,1.0019,252.8857,7.9239,-6.9535,-3.3717,3.6012,0,196595.10350537972,2973518.8004974998,-14.25353221,158739.8690052643,37855.23450011575,2977901.182176248,-12.77211182,0.043841453,0.663105966,-5497685.36,-0.175714674,0.008443565,15.12509084650794,0.014678960457750134,2.1454486261992747
geo-c31fd1b7-456a-4f34-bab8-945556b3ade6,8.5345,32.5955,1.0506,250.5211,8.0821,-3.2888,-4.1575,3.1411,0,434287.13441040064,3417672.81,-274.3738324,398975.9489846255,35311.18542577524,3434728.0578278527,-274.4524368,0.095518566,0.7516943954447903,-5585928.94,-0.165416125,0.007766419,7.869615605761875,0.021074373,3.1389175693445415
geo-c336d2d0-08fe-44bc-bd74-1d8ad7ff9831,10.7003,30.4811,1.0936,240.006,3.8315,-4.4424,-5.9453,3.5152,0,119872.56013084832,2180069.8620790946,-84.9905902,80961.37661348675,38911.18351736096,2180974.7556123477,-85.5685321,0.026039481,0.4735686626881214,-4013077.159,-0.126707257,0.008454242,18.186562960692804,0.006671448,1.6664692208211387
geo-c34bc05d-8012-40d3-a165-e90d588b74b2,8.3007,26.5778,1.2868,245.7998,3.2471,-5.2869,-4.6599,3.2499,0,96757.47049506498,1828792.794110333,-11.05944973,57103.48639465599,39653.98410040913,1829650.1093337005,-13.80234664,0.019930407,0.3767004763159736,-4609318.479,-0.110702591,0.008169701,18.90079168826139,0.005441614,1.2347267129364876
geo-c3627a0c-ac72-4301-8cd1-5454853e6f39,8.8374,31.0103,1.3954,252.4616,8.5662,-4.2804,-4.1733,2.4402,0,385720.9030621605,3473485.4735682444,-167.4887232,349490.38720199675,36230.51586016476,3485843.904568709,-175.6991965,0.077221783,0.6953959137718411,-11547029.65,-0.268110206,0.007253354,9.005178215629343,0.017417663,2.2697350991985252
geo-c3627f49-0ba2-4d8a-9afe-bf811727fab6,8.7736,34.2908,1.1332,249.239,5.782,-5.6738,-4.2906,3.701,0,160084.9929931579,2815590.388449993,-867.505558,121522.9050425776,38562.08795057978,2818018.09,-872.4128489,0.034389932,0.6048534552956283,-7589657.563,-0.210541003,0.008285694,17.58809702150115,0.013273108017934866,1.2947286032911112
geo-c373782f-fab7-4354-a143-2d4f032cb1f9,8.4432,32.0604,1.2981,249.5386,4.3551,-6.4554,-6.4836,2.9735,0,76560.80559232633,1385581.8259203872,-58.44992224,36148.18134,40412.62425020728,1386087.592,-55.63167034,0.015722638,0.2845450978444964,-3135855.033,-0.075314434,0.008300871,18.09779580035192,0.003052427,1.3605961102545203
geo-c3ac17bb-e413-4b11-bc49-5de78b9186e2,8.1334,26.7179,1.3185,250.3336,3.6345,-4.3248,-2.4967,1.4848,0,89219.22913082804,1586059.7839899752,-173.3942609,49179.925089101525,40039.304041726864,1587164.104,-173.4702406,0.0182229,0.3239504497491868,-6041484.485,-0.140245449,0.008179622,17.777107014276286,0.004107099,0.8455917555463073
geo-c3b96477-c630-4515-9158-8b0a400c8ab7,9.057,31.849,1.1406,246.3557,6.3076,-6.21,-6.1428,1.2721,0,76950.45928042216,1525776.0154674128,-90.23005792,36895.68006669191,40054.77921373143,1526643.4379732136,-91.87516716,0.016496618,0.3270954361543324,-3929513.013,-0.110131133,0.008588666,19.828030004436926,0.003760233,1.0194924434049233
geo-c3ef0446-e45f-4ef2-8c2a-5f4a512f6b58,7.8143,25.3041,1.2263,243.8847,6.4905,-3.1621,-2.8088,0.5584,0,206599.7257697952,2597666.9200021885,29.785150337009725,169094.3434809861,37505.38228880836,2599509.087313411,28.32417234173289,0.04326613,0.5440035977045252,-8598618.055,-0.213167846,0.007854339,12.573428693204843,0.012054899407880045,0.631131525
geo-c3ff35cb-f33c-471b-b9c3-5592cd96d958,9.5478,29.4406,1.1711,245.3528,4.6402,-6.6654,-4.0396,2.6271,0,76844.71673628344,1571513.7296077758,-162.5405737,36788.52972406639,40056.18701221808,1572012.4967918866,-163.5975251,0.01633842,0.33412904,-3465719.712,-0.099033934,0.008516543,20.450511061169067,0.00372199,1.2671157335885166
geo-c4392295-4657-4646-9cc9-f2f430be1071,9.6626,27.0169,1.3048,242.3728,6.4395,-4.047,-2.7748,2.9957,0,335104.1987,3193821.7544276486,-49.23268083,298582.6531119045,36521.54557351021,3205473.626193276,-50.10887785,0.068694556,0.6547162590678433,-9087868.422,-0.232321245,0.007488232,9.530831803829193,0.014120900023221496,1.571776875083038
geo-c46f8992-f340-446a-901a-30c0f4d197a3,7.701,35.1482,1.0339,245.7921,4.6798,-5.4841,-3.8231,0.3079,0,55410.438588537065,452534.5519842239,76.60901925933568,15906.508372044033,39503.93021649376,452570.3993251885,78.15569346531298,0.012245644,0.1000096240993455,-2345098.359,-0.066811991,0.008730278,8.166954882718407,0.000413415,1.9857471715048334
geo-c4923524-68db-4a86-836c-a7f8689112ef,9.5598,34.1092,1.2398,251.6945,6.197,-4.7497,-3.6972,3.702,0,257767.2842347533,3167553.926763461,116.33597730994786,220199.19465141837,37568.08958333498,3175532.841627235,112.5057032325546,0.053783922,0.6609196880548971,-9443796.201,-0.256319056,0.007838654,12.288424949532049,0.014544497,1.1393787576600374
geo-c49787e8-461d-454e-836b-a3c0bf7d925d,9.002,27.0029,1.1918,254.5668,5.0656,-5.3992,-5.0307,0.3862,0,67573.89632215774,797300.8784810835,215.91086502243863,27141.98055026327,40431.91577189441,797577.7068620014,216.87459371328757,0.01428554,0.1685543424931697,-3068777.246,-0.083819438,0.008547512,11.798947846368886,0.001004595,1.5290111180740114
geo-c4a22ab1-1921-4a9e-8b0f-232809652e9f,8.656,28.8187,1.234,241.5966,4.3459,-6.7389,-2.0795,3.5882,0,112228.18764347324,2262983.1775569385,-18.38593323,72975.54127362111,39252.646369851565,2263829.832747461,-18.93247701,0.023453657,0.4729224754156005,-6037389.545,-0.156611579,0.008203049,20.164124762898332,0.008224562,1.2213830628911282
geo-c4c5b47a-9d12-41c5-9684-d9d4b28c7c0c,8.752,25.0216,1.1139,253.6692,7.8518,-4.7913,-1.6747,2.5457,0,365915.8582203153,3171971.619071902,-35.72827211,329085.6635560084,36830.19466430776,3183797.7515180283,-33.38593094,0.079049676,0.6852485997985956,-6906796.824,-0.197366823,0.007956473,8.668581991770576,0.017078083471956017,2.029189392133961
geo-c4e30a92-fbee-478e-a523-585114598f1c,8.0136,32.8297,1.2656,246.8154,4.4099,-4.8603,-4.9765,1.0856,0,65964.28029524708,1072956.141,183.26495612686665,25837.15923463605,40127.12106061058,1073479.9212312729,182.5565096551298,0.013667971,0.2223193157865592,-4239137.555,-0.103307856,0.008314401,16.265714359399198,0.001963256,1.227736613406343
geo-c4f0bd45-1100-40ed-b35a-85a6e08304b3,10.4701,36.514,1.2821,255.2648,5.2232,-4.7297,-4.6673,3.5274,0,161024.02863420444,3018445.924898619,291.5376483090439,121149.75059856572,39874.27803563779,3020746.763664962,292.22460019318544,0.03321005,0.6225328078313584,-10363344.71,-0.280528614,0.008225444,18.745313668406546,0.011782129328437007,1.703047919288117
geo-c4f7d417-84d0-4dd5-9b80-35ab553853ca,7.6132,25.2692,1.1954,252.9716,6.9183,-4.8182,-6.6089,1.3254,0,154689.51849689864,2162316.1065549403,-384.3553315,116637.18017042612,38052.33832647205,2164697.3131432096,-383.5619045,0.032663224,0.456580481,-6413676.7,-0.158080659,0.008036504,13.978426771031156,0.008716007,0.33238979575451366
geo-c5159aa2-c4e7-4171-81d9-7a2af6f16281,8.9119,35.9047,1.3564,252.7758,3.1947,-6.9982,-6.1012,3.5105,0,67520.32158070715,834164.9086739139,-41.43217356,26392.85799130356,41127.46358940443,834517.2753817126,-44.19672895,0.013656297,0.1687137026645008,-597309.5707,-0.014338257,0.008318176,12.354279262086035,0.001016671,1.9449104328404614
geo-c53a9c3b-b97f-4f2a-89af-04130bc793a7,10.423,25.1533,1.3864,252.669,7.2079,-6.2763,-5.6905,0.3385,0,107944.19111351036,1821149.879330156,27.394798682716434,67082.83268869549,40861.35842481384,1821959.683,25.30805108988431,0.021656819,0.3653768971850137,-5943573.768,-0.148456451,0.008199661,16.87121707,0.004076989,0.6486073429781167
geo-c55059b5-f43a-4982-966d-fce2bac94ad3,8.2314,33.8112,1.3497,250.9614,7.4522,-5.2119,-7.1623,1.4013,0,128099.6144590658,2494884.910014108,-268.7175508,88536.22887220686,39563.38558685882,2496869.622512025,-274.2486791,0.025949096,0.5053879941526258,-9257708.874,-0.21119969,0.00801596,19.47613129476952,0.009877027,1.0198786987087995
geo-c5565133-17e6-4ab4-a36b-5b99873ad37d,8.9941,35.0964,1.1733,247.3192,5.6905,-5.9283,-4.8609,2.907,0,106837.75085200444,2395385.949528649,15.310556940048713,67109.94163130887,39727.80922069642,2396469.603310856,18.09466948553883,0.022701613,0.5089879133628216,-6524193.178,-0.180641873,0.008441591,22.420782264939454,0.009168691,1.3586735702258987
geo-c5598d92-bc2d-4cb9-be9b-ab572ea44ee2,10.1027,32.0436,1.3087,247.6113,5.0988,-4.2173,-6.6896,3.8334,0,209940.08421735777,2911134.1401108955,198.77727962337363,171673.43484674452,38266.649370611616,2916367.801393192,193.66735091309036,0.042991884,0.5961469503480259,-8491105.686,-0.221304111,0.007837891,13.86649982,0.011197454947355778,0.7164191729026946
geo-c570d545-57c8-4f32-8d73-9c8dd3a4947b,9.398,31.6539,1.2603,254.7015,6.7077,-6.7634,-4.849,1.0512,0,77664.19849,1573713.3552180468,-161.839899,36653.83087335138,41010.367615297546,1574584.4148666142,-165.9026163,0.016111899,0.3264761755736412,-5269574.151,-0.137384652,0.008509562,20.26304765699792,0.003610087,0.8830361089837704
geo-c590cc47-79ac-4135-8ee7-bac547ff2a72,10.4347,33.0813,1.2812,251.5695,8.4719,-5.6437,-2.507,1.8649,0,255595.9453,3139748.344621341,-119.5662881,217881.0651,37714.88026647772,3145439.8224590514,-122.2171767,0.052727558,0.6477069258005419,-11236894.78,-0.30386643,0.007781873,12.284030329876641,0.012797561980949288,2.1498472954011207
geo-c5d7679b-48dd-45d5-a84d-e223504a9cfc,10.684,28.5333,1.2719,243.5492,3.2885,-6.7769,-6.8687,0.2081,0,191685.74336671107,-1084444.611,317.6997341992339,154078.11338871828,37607.62997799218,-1084071.599,314.22900175360894,0.039642271,-0.224272531,3823210.0667991154,0.105350675,0.007779154,-5.657408796,0.00149854,5.543717738654732
geo-c5dc95ed-7203-471f-817a-69737af2466b,8.1047,36.9642,1.2836,252.4225,6.4742,-3.3233,-4.393,3.6116,0,343098.18351713923,3462961.876198809,641.4657087,306435.0527944117,36663.13072,3476186.6828960725,640.5576300517615,0.070747733,0.7140716928318328,-10224094.23,-0.247194707,0.007559993,10.093209590035093,0.020026120164849764,1.5658266591273127
geo-c5e72489-25a1-49c2-929e-27bdf083996e,10.7554,33.6227,1.3681,249.1052,5.2168,-4.3546,-2.7716,1.5396,0,107765.44857019992,2484413.5462695668,1744.6074517115887,67078.93426655371,40686.51430364684,2485881.271247731,1749.6544897950464,0.021729198,0.5009426821028481,-10314198.08,-0.269627811,0.008203749,23.05389695150018,0.007426764,2.1283522001962165
geo-c60bafba-9a5b-4bfb-8150-c40352c10aa3,8.5579,28.0039,1.3421,248.9875,6.6256,-4.8692,-6.9368,2.8459,0,219085.96603683915,2718613.356410182,-153.8477631,181724.59053382263,37361.37550301635,2724684.596612435,-157.5680043,0.044478424,0.5519278090136375,-7947462.415,-0.188960287,0.007584997,12.408888645806964,0.011330458206697154,0.47053506065586753
geo-c62bef29-7a2b-47ba-9199-0ebae1d5dd3f,10.0487,36.8345,1.232,248.7783,7.5136,-3.6972,-3.3412,0.1967,0,139553.28049417338,2804483.259561309,37.438686824587805,99623.01335719724,39930.26713697636,2805313.411322795,41.958674638061936,0.029173921,0.5862834154993231,-12660865.46,-0.348703993,0.008349196,20.09614714631092,0.010888184342218553,3.326059834603915
geo-c6771d50-0f65-4495-bc00-2341ddd28f61,9.2142,28.9734,1.3513,247.0657,5.8394,-4.9477,-6.7399,0.0198,0,71907.58804,1111853.3397038518,73.91767960141152,31356.63776633916,40550.95027469358,1112099.0520962356,73.97488032,0.014563175,0.2251794975756405,-4218526.116,-0.103361216,0.008212589,15.462253289171754,0.001751661,1.210300652875711
geo-c67919a1-2cda-471f-b9da-9da7860e58ae,8.9643,25.619,1.0487,240.4898,4.4997,-6.7477,-1.7555,0.16,0,74116.66029134335,-78425.30741,-155.0396962,35458.96550346671,38657.69478787745,-78440.56413,-156.4829361,0.016310329,-0.017258503,-1246255.185,-0.037878032,0.008507081,-1.058133315,1.0576451364167406e-05,3.138275872405692
geo-c728288e-274e-4bc6-830d-907a49fe76cc,9.5723,27.6679,1.1316,242.2393,5.1083,-3.2516,-3.1464,0.7444,0,127150.15848142674,2282886.568609532,128.8089023,88086.08471967383,39064.07376175274,2284011.2586516724,129.4813609078944,0.027332651,0.4907374262130998,-7140302.787,-0.210530224,0.008397308,17.95425657249973,0.00800815,0.9305535883587659
geo-c74c458a-ca0e-4ebd-9118-adb30868abf3,8.5927,26.407,1.0249,246.0034,7.4924,-3.4559,-5.6583,1.8063,0,284085.84615108627,2908748.748731617,-17.7973898,247133.6484178166,36952.19773326854,2915190.7064947197,-11.56239751,0.062945448,0.6444970588382948,-5063046.2,-0.153417198,0.008187526,10.238978069976264,0.015387297745802298,1.9533707755580774
geo-c751b7c4-b3fc-4c14-b239-f118037df9f1,8.072,27.4983,1.2215,255.3883,8.3114,-4.03,-3.9492,3.7093,0,495972.8622790404,3624711.734410134,-239.9360366,460557.9051,35414.95721863911,3647626.091163524,-241.6866984,0.1039810723645008,0.7599234591672175,-8667962.65,-0.215674966,0.007426271,7.3082864206606875,0.022772393,3.304634943744823
geo-c76cd766-d6b8-42e9-9253-a23c78b06646,10.7469,27.1972,1.3068,247.4923,7.6969,-4.0796,-1.9815,2.8299,0,435544.8578093771,3476289.1416707053,-824.5558993,399398.0749761424,36146.78283323477,3492180.5034029903,-829.1495096,0.089236767,0.7122407656239875,-9436966.262,-0.254039247,0.007407442,7.981472124720077,0.015025210806555098,2.773344055250388
geo-c7797801-2455-4de8-b734-ba3ad93c9afe,7.665,29.7713,1.285,253.6137,4.4779,-3.6937,-3.4134,2.6717,0,171536.22492796194,2703109.4645752325,397.0035701117915,132676.80933449703,38859.41559346517,2706897.646245988,397.5379202131069,0.03535794,0.5571790059173148,-8858549.596,-0.208068517,0.008009863,15.758242701857474,0.012892212534599344,0.7528961968768128
geo-c77b6b2a-89dc-411b-b882-d1a23053485f,10.2162,29.248,1.1058,244.3614,4.089,-4.7634,-5.3938,0.105,0,63766.07093720092,222091.9753493109,123.23026747744714,23932.807679445763,39833.26325775419,222002.05711038288,125.06000858263523,0.013804093,0.048078518,-1025525.216,-0.031345832,0.008624854,3.482917672127535,7.202162036730734e-05,2.2665191738763224
geo-c7bb03c9-ad60-4dc2-af65-4e8338f0b46c,9.7674,30.8185,1.311,243.6478,6.4116,-3.9566,-4.2142,2.6299,0,263253.26557402423,3100171.4354752763,45.82920540008551,225977.70965949964,37275.55591452524,3107575.3544015926,49.250694161607896,0.053887606,0.6346011168175858,-9932075.808,-0.258238091,0.007630218,11.776383585272303,0.013124199332201101,1.2950424283663544
geo-c81948c7-06fd-45ab-a58e-51cf1fd28092,7.7428,35.4177,1.0221,242.7695,5.2303,-4.0102,-4.7394,0.1868,0,65898.86410035582,1158049.4000360898,-192.0383128,26470.473075318703,39428.39102503728,1158342.5999135925,-193.3479342,0.014613127,0.2567983987845205,-4033791.906,-0.116274915,0.008743232,17.573131431712206,0.002711045,1.0860436607379869
geo-c84def65-da73-47f5-9e6e-10b0fd01c3db,7.5913,32.3304,1.1532,251.3359,4.5782,-6.7978,-4.6304,2.745,0,71334.68925115642,1282225.4851645275,53.20412177520196,31319.88540567971,40014.80384547617,1282699.5881405924,50.22478801617055,0.015239174,0.2739208221341303,-3222101.754,-0.08188656,0.008550057,17.974781955663442,0.003146184,1.2057468899843826
geo-c850f0a4-d018-413c-9c73-818913f726d5,9.5171,27.0471,1.354,249.1147,4.6365,-5.5885,-3.2574,0.9615,0,72152.68648,1146471.070239385,157.65524598298634,31622.66187035232,40530.02461022336,1147087.150792827,159.49836988290275,0.014599406,0.2319774556398426,-4452469.532,-0.108870279,0.008202519,15.889513283029927,0.001799853,1.204072664808789
geo-c889c8d3-d985-4509-b243-fce91318ba80,9.1034,30.3393,1.2524,256.6615,3.5566,-4.3754,-4.744,1.1659,0,65645.4686,943090.7866,84.08212172841044,24643.445831977493,41002.02276901669,943517.5825750044,85.61049176624681,0.013647632,0.1960677064540692,-3499525.519,-0.090333326,0.008526004,14.366426300036947,0.001344184,1.3344301542961128
geo-c8c9e78d-fcd5-4db3-8fc0-e69dab0cc41c,8.7109,33.7896,1.2811,241.767,6.1043,-4.1564,-7.128,3.1459,0,200323.1694637364,2956710.663522734,744.9444604611238,162769.57641478587,37553.59304895116,2961575.220713228,737.4599765388493,0.041334863,0.6100903413467296,-9237790.159,-0.231987056,0.007748801,14.75970388965902,0.013601142732705405,0.8823612806254744
geo-c95de93a-d7cc-4f8b-8264-64d5de4f606e,7.5657,27.106,1.3252,240.5326,3.6535,-6.0735,-2.6636,3.3729,0,102770.25909197485,1937491.139833561,234.92030324460643,63635.75597586463,39134.50311610954,1938550.6007093457,236.7401807928244,0.020957727,0.3951085736521464,-5592905.584,-0.126625769,0.007980576,18.852644305388093,0.006568012,1.0464420569759314
geo-c9db6eff-5c0e-48d8-83ce-c82d2c6826d3,10.3758,29.95,1.1287,254.9752,8.3893,-4.2043,-5.6075,1.9522,0,311008.9904674984,3152839.353406371,80.62678257,273419.5190202107,37589.47144728774,3160414.0277200053,78.04322233912801,0.066909838,0.6782954103610186,-7498928.676,-0.230705862,0.008086879,10.137454060948956,0.014114525814164634,1.3748876347911936
geo-c9dcab49-9472-4096-9e32-db9ec0430c71,7.9152,28.5411,1.3691,254.8666,7.3788,-3.2661,-2.4486,3.6192,0,501688.6297275316,3693407.272541296,14.512146603517564,466755.44213294174,34933.18759458997,3716453.176,18.320477525729856,0.1011101104382592,0.744367712,-10947869,-0.241388879,0.007041841,7.361951325361303,0.022282467780332757,3.2772742419522585
geo-ca10ab2d-6717-4d1d-aa70-23af7feb1c65,10.6929,29.9838,1.1038,243.3683,5.9265,-6.8435,-6.827,3.8638,0,143159.80241143348,2234134.736312091,147.02974575578023,104548.56866589694,38611.23374553594,2236104.896872864,144.03082852168436,0.03101515,0.4840187182209541,-3312722.19,-0.105443133,0.008364966,15.605880272810928,0.006973952,2.048103860988422
geo-ca268497-d7df-4579-9449-d8b83688fb48,8.1412,35.8149,1.059,253.249,3.7407,-5.9721,-6.0814,2.999,0,67080.49085630229,1092116.253250415,-36.31739475,26749.102257523104,40331.388598778765,1092357.188913568,-34.17696553,0.014718548,0.2396280283992964,-1271226.776,-0.03653259,0.008849315,16.280683687749324,0.002245106,1.8644117852643958
geo-ca944597-8572-4362-b6ba-7d294a32b578,9.015,36.8946,1.1606,255.274,8.415,-4.4639,-3.9086,3.6267,0,405637.0766003328,3396888.247913108,278.6352559809281,369890.9071948686,35746.16940546476,3413962.137490366,257.08774794699355,0.086478127,0.7241856081245666,-8216992.386,-0.226290678,0.007622296,8.374205524757791,0.018517577705027835,2.3464464148897783
geo-cab7d7be-557b-4109-a180-11ccf7675f75,9.8842,25.4722,1.3122,245.3356,4.1296,-5.3204,-6.503,1.1063,0,75297.19007378841,625113.0574841679,-9.13575623,35339.853758674435,39957.336315114495,625811.8544295429,-10.16634998,0.015405125,0.1278924858404621,-1388698.789,-0.035706146,0.008176561,8.301944028343915,0.000526743,1.7322243587846897
geo-cabf828f-8dab-4d4d-9acb-92f9343dccf1,8.6743,27.6909,1.3777,249.6116,8.0583,-3.2679,-2.021,2.5577,0,484175.2235500455,3640379.3110671695,76.55861827871841,448896.131,35279.092598559175,3657549.353915085,75.00833562091805,0.097381163,0.7321819770020688,-11030895.54,-0.257118615,0.007095574,7.518722838,0.019672237,3.2266668717148446
geo-cb17f159-c971-4b3a-85f2-ef3e93e32ca7,9.1399,29.1658,1.3231,253.4566,4.9213,-4.0899,-3.6485,2.843,0,194526.74471306583,2734314.476983664,-7.280469706,155959.90880892635,38566.83590414017,2739010.792629733,-4.899397269,0.039683319,0.5577982267662811,-8903937.549,-0.218354554,0.007869196,14.056239315662596,0.010835848935075252,0.652718046
geo-cb1825e5-9110-48e5-bdbe-c62311f42bbb,8.6963,31.3047,1.0175,249.3366,8.4058,-3.7301,-6.8016,3.9848,0,457856.1650141837,3452311.502424465,-322.656423,422740.86385456193,35115.30116,3473585.9548521964,-313.1224305,0.1016437669629055,0.7664108788945094,-3984392.301,-0.120181972,0.007797148,7.540166030782863,0.021500023540410345,4.035961203977929
geo-cb288eac-572b-40dc-adf5-8968220687e6,8.4264,36.8473,1.2315,240.6043,8.4568,-3.8607,-3.1768,3.1083,0,429425.22159590654,3503108.4345113663,-300.3500359,394887.5666330477,34537.65496285981,3519939.0924751307,-292.5817985,0.089803098,0.7325838677719695,-9947186.351,-0.255069915,0.007222613,8.157668106899942,0.020273221145580857,2.6829521628060746
geo-cb566c99-6fb2-4421-9e53-0611c08de61b,8.6542,27.8448,1.332,240.6283,7.366,-3.1064,-2.9623,2.5615,0,417509.2794159764,3458112.6191202234,-35.61053756,382126.9227994389,35382.35661653817,3472349.350241117,-41.47051788,0.084988558,0.7039364624033222,-10272542,-0.247477953,0.007202426,8.282720383981717,0.018225948,2.4751603712373127
geo-cb62f95a-3024-4a89-bfc5-06db6057656d,8.0572,28.5567,1.29,240.5661,4.6757,-4.9642,-2.475,1.5419,0,95981.67188074626,1885423.098594548,154.66684025936968,56639.10939943805,39342.562481307854,1886762.818196656,156.91149747189735,0.019753671,0.3880327115469009,-6951216.546,-0.164085345,0.008098598,19.643574253813007,0.005948434,0.809194166
geo-cb690d99-b3b3-41fc-bdb8-4d9df1b75559,8.8368,30.5879,1.3758,257.1375,4.332,-3.1517,-6.7671,1.0452,0,88767.08137568012,1774611.7175439897,-178.0278934,47706.66086302859,41060.42051265134,1775599.137656203,-176.9904855,0.017858716,0.3570274688868766,-6601796.854,-0.15303667,0.00826246,19.991777244916797,0.00459154,0.8494228859297138
geo-cb8c7ae6-c104-43d1-a1dc-da7b392f649a,7.6868,34.8029,1.1457,247.2766,6.9651,-5.0484,-5.963,2.2254,0,144020.96104157512,2718480.337456966,-41.50708146,105253.59280565487,38767.36823592055,2721138.201904363,-40.79272435,0.03083772,0.582080092,-8141226.422,-0.212809576,0.008300812,18.875588093542994,0.014030399522008645,1.2568325290044882
geo-cba0ac99-3b16-4b8d-894b-6d17c53035e6,8.8558,32.2677,1.1751,242.034,7.4943,-6.6288,-6.9763,0.1746,0,71483.72621038937,1218250.0898855652,81.87500214077201,31471.447974817373,40012.278235572936,1218670.9178838516,81.65855978,0.015181798,0.2587333934834394,-3633644.936,-0.099695392,0.00849781,17.042341725444263,0.002406175,1.0191110249398823
geo-cbfb7b54-9dd5-4df5-ae77-37c058ae4971,8.8418,28.1683,1.0689,241.2923,5.4534,-3.6498,-5.3931,0.416,0,91581.24488995648,1856322.714750382,-170.4550868,52357.41257892091,39223.83231103585,1856986.1995981107,-172.2594683,0.020033662,0.4060759637455594,-5271502.589,-0.154172204,0.008582059,20.26968204003904,0.005936412,0.8420117244581742
geo-cc54e7af-ec4a-49e9-a50d-b48f26a87a6f,8.8809,25.627,1.089,254.721,7.5039,-4.3939,-6.0989,3.4402,0,359000.2240107168,3160361.8058131826,378.4157866945376,322055.38347552635,36944.84053519032,3174263.0947619965,376.4286749990079,0.078101974,0.6875496979320124,-5302048.76,-0.155544829,0.00803746,8.803230735,0.016943430229423177,2.445299907657608
geo-cc913257-985f-4879-85bb-fe4d9bf9884f,9.6153,33.8401,1.2929,243.8679,7.0345,-6.3639,-3.941,1.5945,0,104119.2117307816,2319413.8439280307,-78.15466727,64332.88937681109,39786.32235397116,2320840.953454938,-76.39069802,0.021411811,0.4769806634462406,-8416167.923,-0.216553089,0.008183593,22.27652135827988,0.007531628,1.2664239761479437
geo-ccac33d5-243e-4638-9f52-8697e0401d54,10.7176,25.4709,1.1954,254.6443,4.4083,-6.129,-5.8942,3.7721,0,139546.16268457522,1912415.2116303493,95.31596936,100133.52285503992,39412.63983,1914854.3343329325,96.67415484,0.029471757,0.4038967107528666,-3232555.601,-0.09607665,0.008323795,13.704534577228742,0.004844994,1.4039869566169254
geo-ccaf1044-16c4-4bba-8a00-e688cb5b9925,9.1621,31.2729,1.1173,250.6934,8.6818,-5.9815,-5.7268,0.5328,0,128281.33520446718,2418517.611027003,-293.4426437,88946.65750237824,39334.67770208709,2419509.073612343,-293.7937836,0.027680745,0.5218714685814434,-7240284.81,-0.207748199,0.008489411,18.853230730504585,0.009461984,0.9712747333622237
geo-ccd0d329-7f81-4357-87eb-601a6805ffe7,10.3162,33.9093,1.2267,249.5126,7.4991,-4.0009,-3.0902,2.6923,0,332257.26219075854,3299711.4084520107,-349.7543568,295672.6650596622,36584.597131096685,3310242.472,-344.80581,0.069573762,0.6909505445515502,-9522672.366,-0.271165953,0.007660674,9.931194239954774,0.014730731,1.8855296570001814
geo-ccdf11f1-cd6e-4030-8fdb-12e9ca1cb770,8.718,30.226,1.3042,244.9152,3.7926,-3.9254,-5.7103,2.182,0,92128.37219278778,1938644.767,66.85484992,52170.51639693165,39957.85579585625,1939725.4732600907,66.86972730782466,0.018888842,0.3974753197565963,-6067411.851,-0.147396689,0.00819411,21.042863574467162,0.005768376,0.9156226505209178
geo-ccfee6e1-f810-48c8-8a25-afb925d4ef8a,10.0433,36.4002,1.2896,243.3084,8.1774,-5.6729,-1.9337,1.5803,0,197959.12684419725,3196503.2529894044,-733.658146,159718.91595547492,38240.21088872208,3200189.804,-735.3710314,0.04075412,0.6580685521464898,-12937438.07,-0.346632465,0.007872524,16.147289109358415,0.013725114182040688,2.8390114858807785
geo-cd0dd263-62e9-4b40-babe-4f699d6c0605,9.4753,26.8736,1.2785,240.619,6.3221,-3.7562,-6.1302,3.6427,0,340622.22590733826,3199501.6710502184,143.50169562728638,304342.06344671553,36280.16246062225,3212764.3178432174,141.14212819840907,0.070318793,0.6605120810121284,-7866804.311,-0.203130558,0.007491268,9.393108927,0.014656109092415166,1.5656114469658047
geo-cd2b2018-76f9-4f64-accb-fef31b0575ea,9.3141,32.9093,1.3305,243.6798,3.32,-5.9974,-4.0822,2.9447,0,69100.44325015998,1271987.2285915995,39.49350440119572,28581.993091265897,40518.45016,1272162.4320567988,39.91435267,0.014071734,0.2590296906487241,-3423183.508,-0.085651347,0.008251204,18.407801292774902,0.002293023,1.1447254927548827
geo-cd79a891-5173-4491-96dd-597d62fddab7,8.9488,34.7754,1.2615,247.3259,4.2918,-3.2886,-6.2721,3.0088,0,136400.7808302163,2714409.3467887486,-77.69134129,96906.37687188202,39494.403958334806,2716282.4588244865,-76.23787826,0.028293853,0.563054694,-8642730.033,-0.223264529,0.00819235,19.900247859779228,0.011276815933836793,1.225538757621778
geo-cde6eafc-721b-4f0e-b592-fa995da56c57,7.7782,26.5309,1.2457,250.2339,8.516,-3.6202,-4.8784,2.4333,0,413300.91633591807,3401612.7718835766,-278.6401018,377466.5696356927,35834.34670022544,3415234.7597673703,-274.9084951,0.08609866,0.7086224376708922,-9102101.311,-0.221846718,0.007464956,8.230353811068857,0.020549479243176925,2.367782412622498
geo-cde9b07e-e27e-45cf-bb32-f608b9fe8228,8.4039,31.788,1.0206,256.4399,4.6936,-4.009,-6.1382,2.3615,0,104421.65471991726,2168091.7042155084,379.39689336020353,64540.30286763222,39881.35185228501,2169356.941454456,380.5736536,0.023160808,0.4808845084996553,-4078988.301,-0.120663961,0.008847502,20.76285527202984,0.008758925,2.074880073149873
geo-ce0dc8ab-5787-47c0-9fe3-5ed085884043,10.1235,31.2143,1.2232,249.1494,6.0325,-4.267,-3.1979,2.6339,0,226976.474,2977130.9139138707,-222.0998966,188949.73601110684,38026.73801231501,2982879.877268996,-226.7179092,0.047563736,0.6238684821686798,-9323885.471,-0.259474753,0.007970249,13.116473531995492,0.012237861,1.2102484360775843
geo-ce3e26ce-ba86-4e4b-8fb6-fc11d96cbc3b,7.658,36.2438,1.0607,257.6802,8.7654,-5.9034,-5.2135,2.5035,0,218814.4930444524,3153017.533547803,157.97033157657216,180606.5502214348,38207.94282301826,3158535.4542996325,159.37250680907655,0.047978235,0.691344586,-7929824.722,-0.217188485,0.008379334,14.409546139648404,0.019866616025142628,1.5307554376450137
geo-ce4698e8-4964-4819-998f-334e42bd2ea0,7.8564,31.8779,1.2653,256.5166,3.3276,-5.3899,-3.8383,2.7816,0,75145.93036973738,1425623.8138731418,-0.617490334,34473.5877,40672.34267,1426055.2128453446,-4.063731975,0.015568466,0.2953556646303191,-4511216.774,-0.107129934,0.008428052,18.971404131384073,0.003534412,0.9630140458785982
geo-ce6201a6-e0aa-4c20-9831-b68286c07df5,9.1881,32.9161,1.146,251.1768,5.0634,-5.9457,-3.2688,0.9874,0,63619.54170839194,1024196.9184748296,5.983714288533676,23032.94324969901,40586.59845869346,1024642.6941799244,3.896036548636332,0.013621057,0.2192823824218822,-3749564.184,-0.107132954,0.008689617,16.098778629518364,0.001665835,1.2856159941963337
geo-ce6d5057-6a43-415f-8e4f-9d3f1557d8a6,10.1703,30.9536,1.3429,255.1504,8.3826,-3.2875,-6.7449,2.7048,0,425480.7855566524,3548271.2316385456,-289.1302273,388867.0000577936,36613.78549885913,3563115.433511834,-287.6311439,0.086344187,0.720062117,-10572555.84,-0.26946983,0.007431654,8.339439411,0.016227675,2.695441597004846
geo-ce817a06-98c6-4164-bb8e-00ed661e0fc9,10.2838,32.1886,1.0646,255.8431,6.9464,-6.9856,-7.1543,1.4875,0,82874.68497294931,1589529.6940823356,-151.0647891,42169.02062189056,40705.66435105756,1590505.3734196294,-152.0503384,0.018155044,0.348212256,-2123638.366,-0.068299413,0.008917189,19.179918386431275,0.003753052,1.981129805
geo-ceae4f6b-e730-402b-8105-e0bdf7a60b54,10.2267,28.9056,1.1478,241.3475,7.471,-5.4799,-6.2123,2.7568,0,232977.75352037125,2822586.524,-31.3233364,195666.9411167591,37310.812403611846,2828773.406536644,-32.78216163,0.049855968,0.6040181097455103,-6339383.73,-0.190831185,0.007984268,12.115261997961076,0.011355716220456892,0.8857913051961444
geo-ced64723-e8a6-421c-bed0-f0d01fe7cd0b,8.528,36.9194,1.0637,248.1625,6.7065,-4.6632,-3.7487,3.0717,0,212086.82820308735,3169175.9063544185,-115.568031,174366.57873325725,37720.249469830334,3174530.702311025,-114.2440815,0.046472973,0.6944374074012158,-7659471.208,-0.224481157,0.008265308,14.942822867432982,0.017999860929838702,1.5288679993526746
geo-cee446ee-f040-4062-b344-b61e10359cf1,7.7396,35.1417,1.0755,256.6038,6.7401,-5.6723,-4.3888,1.2537,0,89650.66921720329,1916108.2207169584,-102.0754493,49410.436165160434,40240.23305204375,1917346.3607171436,-101.374512,0.019578643,0.4184553027951218,-5929547.545,-0.16407127,0.008787943,21.37304983273082,0.007201613,0.9060864845053116
geo-cef7ef9e-daef-48cd-91c7-252672607de7,10.5623,30.8463,1.328,249.8669,6.5684,-5.6139,-3.5093,0.7201,0,97238.72697459089,2154716.4574183994,12.010522966009432,56387.47074440226,40851.25623,2155758.104997028,11.53740881,0.019814981,0.4390808762034875,-8171848.986,-0.218146061,0.008324488,22.159036059588313,0.005810061,1.4452258044001536
geo-cf49ee9c-1c3c-4432-adf9-1789a091c573,9.9288,33.5994,1.2523,247.5888,4.7725,-4.233,-3.1538,3.5093,0,194044.40642720257,3044972.785463314,-562.3664533,155545.76704022317,38498.63938697906,3049176.750385586,-562.0343754,0.040351103,0.6331953164548637,-9769328.762,-0.267681261,0.008005664,15.692144089737855,0.012853717550442179,1.3377064202471147
geo-cf5a4ff4-6747-4b7f-9f06-f12c9f70fc87,10.5399,33.4716,1.0919,240.0709,4.0245,-6.6425,-3.1443,0.705,0,59018.36673264897,-59843.87299,-17.06580541,19349.62534318787,39668.74138946089,-59769.35145,-18.35417221,0.012826506,-0.013005914,82946.91032806758,0.002602598,0.008622978,-1.013987277,5.108523383881448e-06,2.6216713981768196
geo-cfa2f021-a67c-4489-94e5-85162ae7d22d,9.6091,29.3295,1.1497,242.6737,4.8917,-3.876,-5.4272,2.5743,0,155145.7703228556,2496486.199670237,-2.4720974,116775.33156081688,38370.43876203915,2499309.001403241,-5.207045389,0.033182804,0.5339521215171243,-6386269.053,-0.186078119,0.008206682,16.09122952224289,0.009444349,0.8149070932921565
geo-cfc80f7e-1b7f-4ebf-920d-d5b89d894326,9.8967,33.2431,1.126,245.8581,6.1582,-3.9883,-2.4573,3.1587,0,276120.8583663487,3139462.629646355,32.04439524045061,239368.75524275517,36752.10312359266,3148108.1692982204,37.47918613118264,0.05944898,0.6759281109922801,-7749281.9,-0.233317939,0.007912707,11.369885810948105,0.014694700496355056,1.0958317454774926
geo-cfd1e887-6d93-4769-b4e1-52a642f912b6,7.8187,36.1225,1.0801,252.9637,7.8326,-3.4725,-6.3941,3.9782,0,406214.6648419622,3382298.6994352667,-85.65363834,370625.8107758518,35588.85406611115,3400374.769943518,-77.45163111,0.088596731,0.7376902788674281,-5952853.951,-0.164976333,0.007762003,8.326382556255446,0.022154589040726813,2.8469335089743066
geo-d070bd88-4374-471f-9bdb-05bacda4659b,8.8277,33.4597,1.3306,248.8402,8.5925,-6.1922,-4.6335,1.8684,0,197260.03905823012,2959059.758782203,-592.6200354,159258.0365523877,38002.00250584277,2963107.108684881,-593.105357,0.040169314,0.602572118,-11085924.22,-0.270020455,0.007738548,15.000806919178938,0.013092441010708222,1.4681203169985308
geo-d08563dc-f804-423b-a343-3ce85176c7cc,7.5145,34.1394,1.0988,248.5889,6.1333,-3.8756,-2.1743,0.9398,0,127935.98690674725,2464416.1626530825,306.17217186014926,88763.72584640516,39172.26106034151,2466167.1854549632,304.05087134607663,0.027750302,0.5345508607807586,-9096750.449,-0.239740514,0.008498481,19.262884683489464,0.012103977423491565,1.311235058104035
geo-d09146c7-d8f0-4334-9e5b-2879f2d5c2b5,10.4532,33.1706,1.1816,241.5282,5.6522,-6.1966,-4.9863,0.7817,0,63769.41283999868,991698.2511519894,96.91160944672318,23421.43545105756,40347.97738894119,992117.1889686416,98.53113680791871,0.013516355,0.2101971025769003,-2848106.645,-0.083122729,0.008553751,15.55131538752342,0.001345409,1.2248233163723845
geo-d0bdda6a-cb7d-402d-82e0-bf50a8f83e44,10.1569,36.5649,1.3066,254.9216,5.7116,-4.3768,-3.1375,0.7613,0,84387.05253693234,1956109.2801392823,-112.6316128,42935.31318045513,41451.73935647748,1957014.6248564087,-113.1718879,0.017294176,0.4008825604140149,-9004692.058,-0.239539195,0.008495022,23.18020622041745,0.005036436,2.1893042293817233
geo-d0ceabb3-0c62-48ca-8a83-3080a2ca01fd,10.281,28.1925,1.0791,253.9078,5.4929,-4.3939,-2.0886,2.425,0,200277.1820471461,2685619.543478526,51.38517500815237,161702.97030287687,38574.21174426861,2690091.2168829744,52.78099001424111,0.043684442,0.585787104,-6473186.729,-0.202563374,0.008415503,13.409513335604682,0.010624154571940825,0.6674497106104553
geo-d0e8f939-54b5-4cd4-8f1b-11ff8a79f9b3,9.5208,26.5487,1.2993,243.1787,7.0829,-6.3972,-4.8211,2.5751,0,190669.59020853307,2482735.219737916,68.32000453101024,153128.06035513306,37541.52985339958,2487337.882411336,66.17903043946562,0.039151748,0.5098003522512927,-6994268.823,-0.181130095,0.007708669,13.021138908530673,0.008689143,0.24354471786416393
geo-d0f3fa16-fb4a-42ef-b594-65bddf6614ca,10.5343,31.0416,1.1373,245.2165,7.2028,-3.8049,-3.5655,0.1234,0,151471.6163914578,2699535.747448008,427.07486514320897,112215.30653652996,39256.30985492859,2699966.722461404,431.4127071,0.032502348,0.5792586983198723,-9321245.693,-0.282453458,0.008425208,17.82205677710223,0.010138870432254818,1.8731144986863815
geo-d10cf363-3e81-47ec-ab36-889027b71727,10.43,31.8273,1.2385,241.9141,7.1235,-5.1254,-7.3835,0.5893,0,98338.77919623388,1997814.0057525127,105.18609906413096,58443.02477987211,39895.754416361575,1998552.9468495552,101.94704818506088,0.020525923,0.4169970022752438,-5862980.836,-0.16637868,0.008327263,20.315627487767586,0.005306787,0.8292942311927709
geo-d12c57b9-790e-4c66-b003-c1f49d60667d,9.0293,34.7607,1.1026,247.4589,5.5086,-4.4171,-6.8658,1.6779,0,88910.21073450925,1948588.639335101,-61.09920994,48982.55612098607,39927.65461352337,1949709.025097268,-59.26221807,0.019264658,0.4222112812969072,-4909281.088,-0.141414051,0.008653089,21.916365097296808,0.006284283,1.197467553874862
geo-d191c873-0b3f-4dbe-a142-5a1e5400e357,7.639,28.1532,1.01,257.197,5.2171,-5.4908,-2.5636,2.1923,0,115747.18625389032,2168266.183395043,261.26403294494867,76196.29906207915,39550.88719181152,2170185.139690441,260.68786122834393,0.025751563,0.4823982848221889,-4809885.301,-0.136754943,0.008801102,18.732776610560276,0.009696726,1.573906994862425
geo-d1d93cab-b0e1-49fd-8d87-57da98eb4d99,10.3014,28.0063,1.2365,241.2154,3.3618,-4.018,-3.7066,1.7592,0,80590.89594764238,1655549.0677304857,82.09892747821118,40570.76190264426,40020.13404499826,1656308.9779876454,83.43416333503424,0.016830603,0.34574487,-5061038.503,-0.142949324,0.008357761,20.54263137620453,0.003693732,0.8547427354553806
geo-d1e52595-8914-484a-b5a4-afdf6cd7cbed,8.856,27.3439,1.271,244.1314,3.4063,-3.2738,-2.8582,2.1666,0,130049.70749243331,2291633.5663984204,654.0582237,90946.16358292013,39103.54390951307,2293765.433438254,657.5695044231965,0.026901917,0.4740444095827582,-7423688.517,-0.186369852,0.008090543,17.62121276998453,0.008077009,0.6990842639428333
geo-d229d14b-508a-4855-810e-b85a0b6a551b,10.2173,33.3602,1.2401,245.5062,3.5457,-3.816,-6.4688,2.9207,0,97699.91731722697,2180772.945183351,54.12177477800952,57429.84580304333,40270.071514184085,2181409.109520392,54.72100451000674,0.020383724,0.4549878242177745,-5616443.056,-0.157558108,0.008401744,22.321133989320565,0.006449314,1.2301406235204826
geo-d23458bd-5293-4600-b239-306578fb67c1,8.3205,29.2732,1.0671,249.7372,3.8392,-4.8946,-6.2507,0.6315,0,64483.01194708011,238986.5755926212,-27.47272567,24942.23669649357,39540.775250586594,239149.97914130703,-26.99955351,0.014115997,0.052316628,-962722.5483,-0.027797645,0.008655838,3.706194366180477,0.000104708,2.2214640199436215
geo-d2920aa2-63df-4f1b-a154-4171f489f6a3,9.8088,30.7919,1.0965,245.7809,6.683,-4.7144,-3.0961,3.0572,0,268611.29125966463,3046527.880845268,153.97736846854735,231581.2314456642,37030.05981400085,3054687.006476969,153.30373622093583,0.058313767,0.6613814244317494,-6849534.965,-0.209976298,0.008038943,11.341771474156715,0.014195092738548333,1.120405216571681
geo-d2ac64e1-bec7-441b-ada9-94e9820f7984,10.3085,29.4165,1.1933,245.8456,3.7327,-6.9463,-7.1748,2.6611,0,74308.50216,516610.4807912247,55.03161958506065,34226.588168161354,40081.91399294532,517817.2479893211,58.66433122822173,0.015702803,0.1091696389444735,1140871.9124457228,0.033308107,0.008470028,6.952239188877333,0.000368009,2.5733502373551476
geo-d2ae2437-4a46-498a-b5a3-fcd7eb24c0ae,9.4227,29.5338,1.1359,245.0158,3.8576,-5.5441,-4.4936,0.5383,0,64126.03371714279,97974.49347491484,-101.0690183,24490.504409201298,39635.52930794136,98073.91486863306,-101.7428705,0.01376536,0.021031305,-735555.0581,-0.021102593,0.008509921,1.5278427152858896,1.4941947648929441e-05,2.457867717391224
geo-d2b89ec8-2134-4bd3-b507-abdef072a8af,8.1028,33.6963,1.1132,245.0899,3.4187,-4.711,-7.2982,3.0865,0,76783.48931183937,1484613.0238457744,149.36289499246854,37034.125696505886,39749.36361533314,1484909.1299128244,152.1999843,0.016590983,0.3207875745925608,-2556647.083,-0.070333747,0.008588794,19.335055454647893,0.004042501,1.7292064726544267
geo-d2dd824d-2d0d-41bb-92f7-0e80ce729c09,8.3243,33.7525,1.0699,246.966,6.4215,-4.3587,-1.67,2.2456,0,213238.5895828983,3050029.215324688,-126.0617718,175450.00636905732,37788.58321384099,3055055.904952199,-123.8363288,0.046633291,0.6670129443611877,-8373952.501,-0.237451382,0.008265679,14.303364232949763,0.017012609,1.1039567796451812
geo-d2ea165f-75bd-4a1a-a050-b18f2d13b940,8.8048,29.21,1.3205,240.1044,6.9923,-3.9544,-7.2497,2.3262,0,243082.1858777772,2904015.4646982923,-41.19760362,206196.1205862975,36886.06529147961,2910330.437445512,-43.90170444,0.049633107,0.5929488822514474,-8817343.584,-0.216117262,0.007531446,11.946640409751975,0.012710573352570516,0.6900482220658903
geo-d335b352-217b-4e7f-848a-a18dea81f68b,9.9835,34.3657,1.2019,242.9767,3.7442,-3.4881,-3.8972,0.6302,0,64020.94892432482,1107068.7777039483,-51.65391015,23565.47891776412,40455.47000656091,1107383.7272296336,-52.36425091,0.013494156,0.2333448462174553,-4860866.159,-0.13652148,0.008528812,17.292289419398454,0.001736056,1.5711278917703912
geo-d3411179-5230-4be3-aee3-35a84321aac3,9.2188,30.1786,1.147,243.3422,8.087,-6.1473,-3.7974,0.7032,0,126933.43599461956,2368417.614104376,-2288.349332,88200.45446,38732.98153239166,2369583.4948622333,-2290.098476,0.027163483,0.5068362838089397,-7678905.822,-0.216072979,0.008290448,18.65873712112212,0.008869745,1.011233613869896
geo-d349c222-985b-4b8a-91ba-97fbb4ae37f5,9.438,35.871,1.2791,256.6461,6.2403,-3.7811,-5.9382,0.4873,0,92763.39546,2075165.771447607,-262.0807596,51582.06376185421,41181.3317,2076054.9492014828,-267.3922302,0.019151159,0.4284214732426175,-8456928.247,-0.22139691,0.008501911,22.370524074837192,0.006190313,1.5784233327295534
geo-d36caa7d-6492-44a6-bccf-4cfc84866141,10.5727,30.6,1.0259,249.2133,5.1393,-3.4635,-2.6743,2.7499,0,217125.25750379797,2860564.8480289592,275.45124062951766,179207.05523979687,37918.20226400076,2865913.7740260875,273.9461509783133,0.048095004,0.6336382996898638,-5326212.55,-0.178886667,0.008399145,13.174721729363677,0.012087794213743282,1.5078419903855043
geo-d3afc9f9-8207-4c55-81dc-e1c3847d306b,8.5971,30.7962,1.2004,242.2055,8.0224,-4.3542,-2.7107,1.031,0,241668.9331152946,3003107.381719964,-166.7255526,204507.7378333281,37161.195281966895,3006628.3072103327,-167.2340646,0.050969811,0.6333781258695972,-9926409.998,-0.263234846,0.007837537,12.426534693589485,0.014853345,1.3075855798864424
geo-d3bd6509-5897-4d95-966a-661ab4451f1e,8.1703,32.7395,1.1864,241.3918,4.4944,-3.1033,-4.0474,3.6703,0,235648.45832307733,3119263.884387921,-173.5332091,198439.7606895803,37208.69763349823,3126064.7143662223,-177.9909846,0.049891604,0.6604120382550107,-8487729.761,-0.221769143,0.007877802,13.236937370968755,0.016991905583021494,1.0517223985296373
geo-d4356958-459e-4f0e-b5eb-07ea0dc5188c,8.2855,27.8317,1.3769,241.9487,5.726,-4.9534,-5.0563,0.6676,0,89073.59168623619,1692759.772774851,147.22208359060602,49290.71993156624,39782.87175467105,1693681.0115228232,148.8905062244915,0.017915225,0.3404619889476088,-6435706.092,-0.144339481,0.008003079,19.00405878700426,0.004453164,0.8224198691240759
geo-d44abead-67ed-4f92-86f5-fef6825b0369,8.6977,26.3965,1.0897,255.1539,8.2215,-4.5633,-5.4041,1.5347,0,258252.7784329104,2809666.273,-75.29188023,220494.7846739209,37757.99375898931,2814721.919180534,-74.96850348,0.05617283,0.611133426,-6425778.009,-0.186457407,0.008212737,10.879520020290418,0.013668403132806357,1.0413198643005432
geo-d46d7dc0-a031-473e-89fa-bf7bef4ef4ad,10.7552,25.8362,1.1695,254.0726,8.411,-6.6158,-2.0399,1.1881,0,203502.0003875232,2553634.981338605,-137.9709246,164988.48139615837,38513.51899136342,2556526.752700648,-137.768729,0.043286939,0.5431840576559827,-7287189.929,-0.221277108,0.008192173,12.548451496672286,0.00873224,0.8121551043123509
geo-d4761177-ce52-49bd-bc84-52fbc9eb9c3e,8.295,31.6673,1.2082,252.0318,4.0878,-5.8548,-4.655,1.3488,0,61104.01602307019,624935.7944215134,72.76323796657132,20776.283958462624,40327.73206460868,625339.4595262851,74.51598595,0.012859792,0.1315223558394474,-2178076.659,-0.05640101,0.008487225,10.22740950751182,0.000663793,1.6529053774533273
geo-d4a48591-a04a-4add-88b9-3cd494e40813,8.0933,28.2146,1.2067,253.527,7.9062,-5.064,-4.306,1.1714,0,197074.63218609607,2662397.8176513133,469.7716763285386,158983.59582648255,38091.03635961366,2665423.6942001902,469.7120588864578,0.041492845,0.5605513970665492,-8567084.72,-0.219379195,0.00801979,13.50959171212474,0.012358204198505371,0.6522398977661179
geo-d4ae3d4b-0cf9-4430-bb1e-50a43c6b506e,8.6871,26.9531,1.0297,246.8975,5.3084,-4.6106,-4.5674,1.5935,0,112000.14278710364,2033043.027713606,-620.4608347,73083.92424634624,38916.21854075808,2034479.706072125,-622.7956489,0.024781815,0.449843147,-4278369.038,-0.129874853,0.008610788,18.152146748403126,0.007414767,1.3689310975793596
geo-d4f9b9e1-1a9c-4685-80f4-1ca7db629f50,10.0991,25.7376,1.1751,255.9095,3.8366,-5.2429,-6.7709,1.9869,0,76644.57171389363,1084030.2731262555,93.82034954732774,36038.63244142685,40605.93927246752,1084850.9580244669,96.80807257913864,0.016274493,0.2301799410016666,-1711493.788,-0.049340142,0.008623892,14.143601417368778,0.001669946,1.5226427277801786
geo-d50d0832-1e4c-40a4-bd8b-7f3c66468143,9.9993,36.242,1.2761,254.361,3.605,-3.8405,-3.212,0.9522,0,65073.74354822024,1119180.1423230616,-71.52745206,23596.83135529726,41476.91219292288,1119577.023431664,-72.9029766,0.013445412,0.231242861,-5347106.786,-0.144412584,0.008569835,17.19864389688494,0.001702226,1.7409707644473993
geo-d513cbfa-4ceb-4fb9-aec7-3011d497671e,9.5688,30.2216,1.0176,245.2096,7.7615,-6.021,-1.6004,0.7574,0,135963.82060479932,2491943.612762395,-182.2400111,97168.5073,38795.31330438458,2493255.6760270586,-183.6356604,0.030183007,0.5531938678558704,-6474299.393,-0.204832279,0.008614024,18.32799050275022,0.01017999,1.0610277957161318
geo-d540f7a5-6d37-46fc-83c2-ba3584b1770e,10.9211,30.6374,1.1075,249.7489,3.5278,-5.1082,-5.8564,2.3163,0,69390.31791899656,1198956.8442964589,-116.7737071,28705.01346939743,40685.30445,1199373.1569054956,-117.9372452,0.015014444,0.259426262,-1637919.679,-0.05169542,0.008805127,17.278445758038945,0.001961605,1.6792305533713758
geo-d55ca836-d496-4a16-bda9-60d2e8d2496a,9.4386,32.9717,1.2876,245.1941,5.7716,-3.0267,-3.4628,3.7377,0,358431.3089,3390572.2158133904,-510.5199288,322365.2639605603,36066.04489584102,3404831.9714408237,-507.0181098,0.073830278,0.6983957159231402,-9781980.783,-0.254458878,0.007428905,9.459475587,0.016449234,1.8605255751514769
geo-d5924b27-1cf6-47fe-ab62-1be3a546adde,9.4597,29.2486,1.1767,244.9127,4.1763,-6.921,-2.8338,0.0811,0,89486.37398284276,-557205.8342,-58.03352296,50496.780031594666,38989.593951248295,-557350.7399,-57.55870365,0.018992893,-0.118263265,911109.5828,0.025390134,0.008276955,-6.226711503,0.000470622,3.7805566221208897
geo-d5a17551-d17f-4d3f-981c-999c64ba159c,9.0112,28.3297,1.2179,243.7612,4.4432,-6.4729,-2.9833,2.6284,0,82933.77293027093,1703606.2019514828,35.20793714141435,43180.20410043424,39753.56883,1704294.9095370444,35.38532506827369,0.01740421,0.3575132218655026,-4635240.618,-0.122191341,0.008344238,20.541766541645718,0.004514937,1.008215971183327
geo-d5ad7515-e150-4d41-8a47-6f987a7513e5,7.8273,35.1396,1.1699,244.0761,5.399,-5.5495,-2.4028,1.7202,0,84230.80717844644,1811825.3521150877,-46.03043093,44598.32882,39632.47836060105,1812913.987859005,-45.07564975,0.017911054,0.3852711705582716,-6855016.982,-0.174668515,0.008429253,21.51024563111051,0.006036305,1.0041600864479165
geo-d5d7fffd-1292-4a77-83b9-83a3a7b7ca96,9.2447,35.3415,1.2656,245.6892,3.1936,-5.9521,-3.4639,0.1836,0,71301.33828725119,-557694.443,-62.34491451,31662.93009095115,39638.4082,-557977.0564,-61.36981848,0.014770763,-0.11553181,1517140.006548128,0.039073206,0.008213138,-7.821654634,0.000459579,3.467745469276236
geo-d5fb13f4-f4dc-4d24-a947-6625f61f10b1,8.1626,34.8778,1.0645,244.1808,8.3274,-4.0935,-2.0973,3.2207,0,429183.4930980704,3406517.774926943,-126.5417255,394517.74779835297,34665.74529971894,3423740.1810210343,-126.8626605,0.094022282,0.7462742179931947,-6489875.324,-0.185970196,0.00759427,7.937205949690472,0.021717933,2.8645776150402544
geo-d605b13e-e9a8-426a-807d-16f4c00381b6,10.5397,25.7039,1.0153,255.2018,4.0165,-4.1413,-3.6383,3.6598,0,198927.0501016373,2504999.496839853,139.20936515314645,160197.37694913632,38729.67315250117,2510021.995354048,139.92407814469465,0.044198899,0.556576995,-3142966.768,-0.10624938,0.008605164,12.592553378537406,0.009355616,2.4123462768256076
geo-d62f0416-2130-4820-a702-ede231a8acbf,7.7623,25.0531,1.2297,241.7656,5.9773,-3.0971,-3.0794,1.7417,0,253103.75649191625,2785608.547742576,-142.3291776,216439.1893072097,36664.56718470649,2791305.663232619,-144.879978,0.052945008,0.5827020076255224,-8292244.565,-0.201076882,0.007671153,11.005796936212413,0.013923638290396136,0.7503832229190679
geo-d66ec0ed-4fc2-4dae-8705-a5ba238cbb3e,9.5127,36.8776,1.1492,243.2029,3.8879,-4.1619,-5.745,0.8112,0,59613.83953887933,744335.6109806029,12.877572503220506,19369.58713364941,40244.25240522886,744566.2987602733,10.578277936565769,0.012749427,0.1591887498132713,-2462977.894,-0.070282851,0.008608651,12.485953207143652,0.000847952,1.4968140249485147
geo-d6a2a024-8827-4da2-a788-2547bd5e1afe,9.211,32.2612,1.1151,244.3536,6.606,-4.9889,-2.0286,3.6429,0,296829.0641198152,3152033.0520979324,47.12302423,260544.81583169827,36284.248288116425,3162486.9068519594,49.71670048,0.064089804,0.6805707588573822,-7511567.709,-0.216469076,0.00783589,10.619017586585187,0.016006262,1.2825054418853876
geo-d6ae3e4a-4f2f-47e0-89e3-c7615e85295a,8.9006,26.2488,1.1106,251.7826,4.5389,-6.233,-2.6563,3.5212,0,137798.55593914067,2080812.836649411,60.16563265692528,98988.09055374732,38810.46539,2083121.126277529,62.73061060687584,0.029796573,0.4499400617798401,-4421855.089,-0.127746727,0.008392053,15.10039653513068,0.007240027,1.1268302734706686
geo-d708ac81-6ba3-41e6-a61f-e2e1cdb65767,9.1513,36.5689,1.0414,242.9605,5.1025,-4.6749,-4.5528,1.2582,0,70520.46739095016,1466416.0200227138,60.22613135728824,30683.155243314017,39837.312147635945,1467093.4100438545,61.07391491050481,0.015548205,0.3233123279922918,-3999088.695,-0.121508172,0.00878502,20.794190314894323,0.003635899,0.9312298721273998
geo-d708c785-082c-4e3c-8990-9ed5c5e0de96,8.4142,34.5832,1.3732,256.3224,6.2957,-3.2726,-6.1712,0.5599,0,114641.5545609764,2372232.450025203,18.61835814374588,74061.20362819638,40580.35093277936,2373392.916807353,18.028237605111045,0.023080006,0.4775854499974937,-10390061.48,-0.235479223,0.008171416,20.692605391733768,0.008628583,1.5282121797075727
geo-d77db3e7-f0f2-48f7-9d31-e61b1ddadf19,10.7579,27.0834,1.1648,245.4052,4.3445,-5.6635,-5.6264,0.7854,0,69045.20870615158,410322.6143,108.31996966219891,29011.965243375904,40033.24346277621,410698.9307659193,109.2371753065006,0.014702687,0.087375288,-712440.9311,-0.021364685,0.008526516,5.942810833990884,0.000225891,1.974285440027136
geo-d77dfbc3-b514-419b-b2fc-bfd8892fc867,8.5375,34.5743,1.2066,248.4056,4.8162,-3.6346,-7.3835,0.3685,0,68100.98895715675,1100733.092748887,106.91523157204507,27699.903692533524,40401.08526462335,1101064.3114249029,107.4552205879272,0.014335665,0.2317108846245339,-4093759.711,-0.105946157,0.008506387,16.16324681336683,0.002001761,1.1804193385061628
geo-d7983418-9007-4e1b-8156-a0962a62102d,7.8475,30.1977,1.3771,256.6841,7.1516,-4.1185,-5.8676,2.4248,0,259687.99221306812,3050522.9693028736,-131.5158574,222266.98379883845,37421.00841423026,3057808.0080421227,-129.1776501,0.052238707,0.6136416797171742,-10431921.04,-0.231382112,0.007527552,11.74687725568762,0.015273849361150954,0.8951476434331771
geo-d7cd8757-e409-42a3-8c3f-eb955f043613,7.587,29.2776,1.3236,253.5373,7.0798,-5.3309,-7.3129,0.1502,0,87902.37026470565,1572139.478442984,74.31501574,47528.85317364371,40373.51709106227,1572750.3087340305,72.33828460374812,0.017929643,0.3206728057463706,-6184584.668,-0.138131287,0.008236739,17.885063550717778,0.00431424,0.8494568679094058
geo-d7d51bdb-ae49-462e-946d-68485ab8b6fe,7.9691,37.1994,1.0132,248.6807,6.1448,-3.3701,-2.5744,0.3544,0,98527.70653097986,2091383.9487094893,-288.8182534,58958.21439184734,39569.49213913206,2092277.7216670315,-290.4596307,0.021900276,0.4648630041629409,-7162784.324,-0.207500178,0.008797097,21.22635370642581,0.00863159,1.1333854852302832
geo-d7e770ca-48b7-4874-bde5-defe4959a48c,8.2994,29.1991,1.1419,255.7951,6.586,-6.3759,-5.5502,1.1755,0,83721.37781470631,1639591.3334051557,124.20524533373413,43428.25119721066,40293.126617495705,1640611.066128475,126.79558881330904,0.017941662,0.351367773,-4753768.845,-0.127412173,0.008636643,19.58390289555387,0.00473508,0.8689605699064307
geo-d8133ec6-3702-4ded-893f-7d19eeb7c11a,8.8147,29.9361,1.3883,243.6869,7.3111,-3.5982,-2.8344,3.6109,0,467711.8191783846,3631773.0419681994,148.63256682975353,432960.1550123059,34751.664166078066,3652563.684502948,149.43275697507534,0.093790419,0.728280754,-10947135.18,-0.251098908,0.006970171,7.764980257176378,0.019153152108988006,2.947560676566775
geo-d843ba46-e4bc-4d1d-8411-2cfe8159757b,8.2622,25.8778,1.2363,253.5305,7.1605,-5.0019,-5.8486,2.312,0,224540.9137024775,2642800.891061893,-11.30019921,186986.22064764012,37554.69305483845,2648538.9712156807,-11.52045693,0.046895672,0.5519525191343331,-7174955.258,-0.181521109,0.007843307,11.769796637434489,0.011737020506765412,0.5710811596313197
geo-d8598c15-da9f-44c1-833a-a8aee56a4aea,10.4479,32.5638,1.0405,251.8927,8.5897,-6.2958,-7.3146,0.6382,0,107775.0249033016,2117367.8523898027,1141.5798038442708,67767.33586,40007.68904251401,2118170.097656113,1146.4143600508892,0.023768145,0.466953331,-3992260.55,-0.129698308,0.00882487,19.64618291009044,0.006643058,1.655235567414797
geo-d87d7850-9c9a-46f2-bf8e-1ed4907544c5,9.3191,29.6031,1.2518,251.3645,7.7433,-3.5625,-4.0918,0.8922,0,253821.9770978449,3029409.357146586,-917.9655202,215864.57133049163,37957.405767353775,3032684.186696044,-917.1094487,0.052788852,0.6300441173305262,-10060710.44,-0.267168103,0.007894184,11.935173588135704,0.013558700797693252,1.4686286534906086
geo-d8ea6f6e-9558-404e-afef-d1335b0ad7d8,7.7562,37.1022,1.1168,256.2058,7.6763,-3.194,-1.6537,2.0483,0,352609.38187825336,3424496.390527583,-195.2299821,315556.9731,37052.40883,3434349.742262863,-192.8549752,0.076113042,0.7391999458512672,-9668399.737,-0.259515662,0.007997963,9.711869753113879,0.022424614244799527,1.845619924097313
geo-d909b909-a9f0-42dd-9308-cfb437057b5c,9.1715,30.7495,1.0671,256.6041,4.5865,-5.9466,-7.207,0.2059,0,86716.41474462216,-243891.3002,35.68036659359894,47042.44575176027,39673.96899286134,-243908.1826,36.62931311333399,0.018979186,-0.053379264,961380.4753808778,0.028675607,0.008684996,-2.812515957,9.889057797622199e-05,3.1427435396427867
geo-d91f68f2-5006-4b6f-9645-25b94ab548a6,10.2012,28.6041,1.2848,248.3523,7.1198,-3.8517,-3.2439,0.2386,0,178903.3372056647,2690116.1927702823,951.7358438,139949.53797472577,38953.79923093897,2690858.151545199,950.6900511,0.036870826,0.5544156258144447,-9993200.563,-0.266470024,0.008029748,15.036702136404422,0.00959113,1.6713984400206399
geo-d968ae3d-e860-49ed-ba05-28071cfa4332,10.8689,26.7531,1.1755,242.6616,6.5258,-5.054,-2.5789,2.4895,0,244086.3223,2811629.3815018265,-53.93421768,206549.20469070628,37537.117622525766,2818009.4572447543,-51.96783298,0.051833616,0.5970712146317717,-7159488.21,-0.217551194,0.007971255,11.518996045561792,0.010440391926953736,0.7720110207279804
geo-d9701f52-2480-4086-a2b0-49ba2ba30cff,10.8595,27.9812,1.1076,242.5943,4.1741,-3.0582,-6.3267,1.6289,0,110689.09515181847,2076782.3129151403,366.3191818700281,71244.05124646146,39445.04390535775,2077989.9199970076,371.2345044281634,0.023954823,0.4494476458456177,-4631362.362,-0.148129603,0.008536469,18.76230273692877,0.005921047,1.049779828455257
geo-d9d8b0c3-2205-42a2-ac50-cd4d3944f00b,10.416,25.6056,1.1653,246.6309,5.9235,-5.0905,-3.192,0.8671,0,117645.8500304411,1942833.412688886,-1501.666413,78518.83977237086,39127.01025807055,1943807.8998696115,-1501.773347,0.02505357,0.4137410046635871,-5908998.603,-0.177140628,0.008332348,16.51425368753898,0.00523126,0.695464943
geo-d9f2a475-cc21-46b6-b119-2bdb8e661d30,9.645,33.4449,1.0652,240.4076,6.9756,-6.0086,-4.0116,3.2162,0,186721.37379281304,2858753.5865630363,62.41634470724385,149234.83259033196,37486.54120248123,2862806.8191335644,65.77050018065279,0.040897355,0.6261493130961726,-6575724.095,-0.204717857,0.008210588,15.310264317866084,0.012939089362744132,1.2444676780938322
geo-da2b7d5c-d0a8-4eb3-94bc-3cecfc8be166,9.4191,29.8574,1.3938,256.7121,7.9981,-4.4984,-3.4227,3.2545,0,422419.2892756568,3530101.6070803497,624.2788107835364,386219.6734114917,36199.61586416407,3546984.171790757,621.4234397,0.084586558,0.7068785693204112,-10792829.17,-0.254860656,0.007250188,8.356866499002924,0.016886138615830742,2.502530275880281
geo-da38f360-c75b-4e56-afb3-52aff3f573b3,8.5518,33.4617,1.2664,244.969,4.0455,-6.4864,-6.0215,3.8585,0,85319.24801135747,1767592.2943971122,-28.91322828,45294.17260195393,40025.07541,1767298.0614014957,-27.61093405,0.0176709,0.3660949677173893,-3846204.383,-0.095215107,0.008291469,20.71739186170299,0.004988616,1.5854304350126822
geo-da3cc3a1-71b0-4ab1-92ae-b133097f3e6b,10.6675,37.4272,1.2129,257.913,8.1345,-5.806,-2.7102,0.0058,0,91237.22952460968,2163518.1869178284,-86.59347039,49782.87480127403,41454.35472333588,2164109.184451024,-90.65511686,0.019172911,0.4546492994738041,-9866995.376,-0.284078931,0.008713122,23.713107008956914,0.006167946,2.7884447752668504
geo-da6a7166-8b8f-4f80-8de2-4ad559d65642,9.8125,25.3417,1.0756,246.3912,3.1535,-4.4605,-6.883,2.8873,0,95904.22568948095,1693582.0441429678,61.58413475256462,56323.73997126697,39580.48571821509,1694609.810830658,63.08083174126119,0.020939412,0.3697711131480936,-2220174.6,-0.068055082,0.008643618,17.659097208359174,0.004435437,2.0890492405605423
geo-dab629be-a304-41c0-9426-33d7e0800112,8.3991,33.3481,1.16,251.3105,7.9992,-4.9536,-5.1858,3.9704,0,368045.9704405429,3370481.0367167774,31.63275795,332026.48378701514,36019.48665352753,3385829.6576478723,28.642467521183548,0.078493361,0.7188242896600358,-7868642.015,-0.212676855,0.007681855,9.157771874753559,0.019582262274827053,1.9372150101166876
geo-dac5ac6c-1882-4fb3-8fe5-dec6c6bc2b5b,8.9206,28.1536,1.3797,256.2808,5.6718,-3.159,-7.0857,0.7861,0,133590.19201585944,2262487.6019264674,47.28380715,93739.29720779051,39850.894808068304,2263845.645951488,45.397536469031536,0.026854673,0.4548115671213966,-8084404.334,-0.190810844,0.008010896,16.936030765326514,0.007381066,0.7091147014635333
geo-dafb031b-09fb-4a9e-903c-b5fd5c4f6b9f,10.3396,29.1747,1.3178,241.7782,3.8848,-4.987,-7.1689,1.795,0,71860.64620548293,1081567.6099694546,-21.88784905,31534.648780051783,40325.99742543128,1082253.9344973422,-22.00865031,0.014680164,0.2209497284955095,-2107931.733,-0.055200853,0.008239723,15.050902922257967,0.001502911,1.4304067987780076
geo-db0c9a03-09a8-4ffb-8190-d50f993766a0,9.3186,33.765,1.0502,245.7563,3.0247,-5.009,-5.0692,1.4204,0,57580.82044067522,344589.15861528093,162.22778016095293,17660.13877236074,39920.68166831419,344839.0412767315,162.50040738760777,0.012663344,0.075783063,-519220.5114,-0.015813134,0.008781247,5.984443361,0.000196175,2.0080003407374174
geo-db29e2dd-f291-43d2-a2a2-d669e1dca44f,9.2485,36.4286,1.3355,252.1223,5.5792,-4.4356,-5.8049,1.2823,0,86260.33909784058,1919699.5200259164,37.59796708750437,45229.95792371879,41030.38117412318,1920783.8805143195,37.76097488441938,0.017542979,0.3904140410197517,-7499682.099,-0.186287727,0.008344406,22.25471798631022,0.005246017,1.1652560153919802
geo-dbfa757d-e07c-4c6e-b744-23133912569c,9.0604,30.9269,1.1444,254.1881,8.1914,-3.3553,-6.5089,0.6858,0,232133.3823941552,3000166.115513066,-4071.331562,193661.36676433563,38472.01563,3002525.6148107173,-4069.487248,0.049722318,0.6426271544521783,-8677794.875,-0.246513816,0.008240554,12.924319994695415,0.014508446134513443,0.9787316227250921
geo-dc311a3a-0a4e-41db-8851-db4626195987,9.6153,32.4626,1.292,251.3079,3.0394,-3.0436,-7.2938,2.4587,0,88256.05099,1880847.986644805,-17.83377353,47420.98555249837,40835.06543796912,1881591.7752861984,-18.35585702,0.01815773,0.3869641647693609,-5173969.958,-0.135395168,0.00840133,21.311263823122594,0.004957113,1.018208051972455
geo-dc31dc85-2534-4ffa-a148-04fd082d8f0f,10.3584,37.2091,1.1039,242.067,4.7263,-5.3875,-6.3882,2.1244,0,69901.97423359407,1376582.001398187,19.180215340947434,29681.91617218844,40220.05806140504,1377082.316882874,20.577108604337383,0.01514363,0.2982240397116119,-2293343.853,-0.071840267,0.008713266,19.693034660194517,0.00273302,1.5600071910661129
geo-dc41ff4f-3ca2-4447-9f92-857827901619,9.8032,26.6998,1.3364,247.8236,5.0736,-4.9116,-4.934,0.3083,0,72633.60445402881,1119874.7624993557,91.27195700717698,32092.177377423995,40541.42707660521,1120228.8880005744,90.54359881228832,0.014768161,0.2276975078681957,-4258143.446,-0.10882209,0.008243005,15.4181356,0.001683445,1.2402001505286309
geo-dcad87d0-dd25-4d29-b04c-8915a7064e49,10.5386,29.3113,1.2823,257.1205,3.8979,-5.7922,-6.5992,0.3171,0,107370.25232812576,-427394.9488,-95.21921848,67241.28010628205,40128.97222184405,-427190.475,-98.81345586,0.022147744,-0.088160673,2116951.963690534,0.058421646,0.00827754,-3.980571336,0.000234756,3.5297012487097654
geo-dcdc170e-d16d-4360-87c7-129d3f51f1cd,9.0702,25.0007,1.1948,250.6501,5.4617,-5.0349,-2.9316,2.3858,0,177267.27827128943,2354796.9260603557,-103.1130539,138974.84955548673,38292.42871580211,2358697.6377597474,-106.5627744,0.03744452,0.4974084449502059,-6300445.972,-0.172345747,0.008088543,13.283878158588267,0.008682796,0.28839101354268515
geo-dd24851a-0866-40d4-a2ef-e37acbe53fe0,8.6203,29.4322,1.3338,248.8019,8.7388,-3.0206,-2.929,0.3222,0,335446.0411107963,3281488.908299262,-641.9946106,298466.4382,36979.60292066528,3283609.2085098075,-632.6966525,0.068251174,0.6676646747547977,-11753535,-0.28222064,0.007523976,9.782464259923714,0.016460558,2.2026602648898943
geo-dd5be2a1-ff11-44b6-a136-6196dd4a6aa4,8.0484,26.0929,1.1633,245.9641,7.3699,-3.5714,-4.7827,1.2928,0,251594.37921672032,2805983.1199214403,199.5437060628559,214497.8578,37096.52142653668,2810401.000108808,202.77510168931516,0.053597503,0.5977625134947263,-7849316.074,-0.203828932,0.00790432,11.152805275925486,0.014131814485580764,0.7811569498774193
geo-dd6f8fd1-61c8-45c3-87b5-b602feae2d97,8.6648,37.3867,1.3315,254.2027,6.3407,-3.3369,-2.5543,2.0271,0,229127.4118152628,3231136.9275299013,206.40156389630775,190696.8205405939,38430.59127467051,3236516.887204729,202.83991603996583,0.04663789,0.6576838896974694,-13393586.77,-0.317796457,0.007823959,14.10192216606127,0.015890077,2.2496173122750958
geo-de0b37f7-79b2-405e-811a-72a354c553b5,10.1076,33.9901,1.2196,241.4302,5.9785,-3.0418,-2.0225,1.584,0,216027.3751290925,3114423.203584744,-148.8807542,178093.82636475508,37933.54876433682,3118511.720790012,-145.360455,0.045323161,0.6534148904947256,-10952188.2,-0.310368239,0.007958525,14.416798804890563,0.013445598391528672,2.0914071721381675
geo-de550680-4efd-458f-b022-f1c545787fee,10.9267,36.8884,1.2994,256.4552,5.3566,-4.4953,-3.0532,0.2997,0,70178.88910157254,1412939.522124011,1.7776251820554094,28239.104059577752,41939.78504199467,1413350.5435413478,-0.015989223,0.014410021,0.290122695,-7110155.15,-0.19724341,0.008611564,20.13339823716793,0.002452023,2.253512367022812
geo-de55d85b-3b72-484c-a909-d71ab39bdbcd,8.7407,27.6422,1.3035,248.4657,8.1059,-5.6999,-2.528,2.2642,0,287930.2268723047,3034589.884799111,-89.65420511,251044.93827034836,36885.28860195627,3042604.393984068,-88.35637784,0.059056843,0.6224191944977714,-9479329.807,-0.234471579,0.007565434,10.539323772161405,0.014108143458716183,1.213659288704144
geo-de679caa-783d-44e8-ad2d-2f5346b8aaa3,9.1744,28.668,1.298,240.5629,5.47,-4.8013,-4.7203,3.5034,0,221045.82897136555,2801694.0815502955,129.02948043447196,183791.0859080036,37254.74306336193,2808017.158914762,133.0718716030083,0.04540491,0.5754945443970029,-7943695.917,-0.202137951,0.007652437,12.674720416973942,0.011490922032636495,0.5493284711109059
geo-dec098e5-99ca-43ec-876d-5e19b7d08d96,8.6885,31.4401,1.0471,241.5803,3.9421,-6.8768,-7.1914,2.1093,0,68669.69817,224146.39990859045,62.91335183,29616.10254419987,39053.59562811166,225102.49916194152,61.11177250769883,0.015118577,0.049348907,1128713.3306400054,0.033814876,0.00859814,3.2641238548353964,8.921962617985855e-05,2.515270617821413
geo-df10599e-7575-4998-95cd-5f9c07c34554,7.8727,27.4576,1.2669,243.4368,8.5588,-3.6808,-4.3833,0.4974,0,268829.16751348536,2957636.687569744,358.5192437303697,231989.21852215263,36839.94899133357,2959969.8602916724,361.9081090014584,0.055671069,0.6124885794077555,-10006906.82,-0.237597858,0.007630621,11.00191885771243,0.015167793775079505,1.146931723445668
geo-df326a55-6d56-40bd-8a75-0fa4ffd312bd,9.1989,35.3032,1.1206,254.7471,3.089,-4.3908,-5.2319,1.0985,0,58562.46444,442373.2225218366,43.17051665078559,17784.737972652078,40777.72646356999,442556.3165150126,44.29062219035022,0.012627622,0.095387414,-1340756.577,-0.039079173,0.008792714,7.553869646377475,0.000314845,1.8691646025973483
geo-df45ddd0-43c0-4692-80e6-b6cffb425eda,9.5397,31.1557,1.352,248.3,6.2386,-3.9173,-3.4568,3.7575,0,357009.9843434189,3385269.6198879774,-343.9469646,320590.02971542435,36419.95462799467,3399522.262167222,-345.8859626,0.07229057,0.6854796285275337,-10145675.7,-0.252806937,0.007374599,9.482282760561644,0.015678500178985783,1.826914034
geo-df5db2a5-0760-4988-be3e-5d3f3dc5d6ff,7.8999,29.9244,1.0471,242.5275,7.6268,-3.3481,-4.2975,0.4806,0,206685.08934796543,2862843.9206025493,210.99396904259925,168905.7993,37779.29000838757,2864493.8048575004,212.0907322,0.04550456,0.6302943907309658,-7361892.455,-0.210306174,0.008317586,13.851235856607005,0.016007202,0.9995660864287415
geo-df7cc474-2c4f-4967-a50a-61e9e41b3eef,10.5386,31.421,1.0246,251.3152,7.5741,-3.1854,-2.7781,3.7765,0,496100.7161,3421003.923890541,782.1508522508719,461396.5322475644,34704.183830685906,3444142.564176656,788.7993122762033,0.1099087211945624,0.7579069214991484,-3563975.599,-0.117703051,0.007690097,6.895785095683972,0.017349978977054332,4.312597489316752
geo-df8c720c-05b5-4ccf-bc61-9abbd0379a24,9.4043,31.1977,1.3756,246.1846,4.5178,-4.6284,-5.8316,2.0745,0,92201.52893945423,1995033.385445225,83.74530924406082,51754.89339342689,40446.63554602837,1996135.9790785983,83.37815621724693,0.018554494,0.4014774442346023,-6357162.326,-0.154529763,0.008139376,21.63774731713281,0.005455643,0.9155923652898417
geo-dfb35b30-95dd-4d8a-a881-c0a9fc03e6ab,9.1285,33.9852,1.1354,240.6863,3.4959,-5.0937,-3.1767,1.4024,0,58775.37469874656,782217.0932931335,31.643078913270685,18908.99030056897,39866.3844,782533.2476226102,34.37308914953432,0.012621158,0.1679697578615706,-2822921.601,-0.081046038,0.008560682,13.30858539485947,0.000983814,1.4831607960661604
geo-dfd6ec9a-6c93-4127-b7eb-dd06ca1eefcb,8.5356,36.5596,1.2417,250.457,3.3919,-5.5845,-5.7778,2.2846,0,62475.253704298586,782740.5322935558,-113.139813,21831.86384806634,40643.38985623193,783149.0901233394,-109.7539534,0.013028934,0.1632370260570154,-1704153.269,-0.043642675,0.008475952,12.528809182566082,0.000993696,1.5500021119827148
geo-e00553ee-5d22-4ec1-a657-86527dbf2ff2,10.8013,30.5687,1.15,256.2737,7.4073,-3.2043,-1.5605,0.3723,0,250109.3195482045,3070152.271338675,247.35105060271883,211347.65387550052,38761.66567270382,3071680.372199892,249.41048883015512,0.053489284,0.6565938781618381,-9725278.385,-0.300363842,0.008289666,12.275241389983318,0.012704797790128928,2.019208871738305
geo-e0099f72-d823-4735-ac0e-b084b449a166,7.702,35.8844,1.3411,251.5863,3.9978,-6.6972,-2.9838,2.5109,0,64872.16260720827,1060180.0285805028,64.00579945002568,24283.07349059997,40589.08911660803,1060565.9201964613,65.63419488170481,0.013173703,0.2152926049876181,-3946898.758,-0.089092553,0.008242454,16.342603452265735,0.0019156,1.2058628805562457
geo-e01a9055-4efd-4e2e-b834-53a86abea9b4,10.2458,33.9635,1.1534,257.5358,8.9718,-3.522,-3.8537,3.219,0,514654.8562829892,3546702.9770353776,465.92116188353134,479474.9170452996,35179.93923768942,3568387.5259455587,465.9235972241423,0.1099392030948376,0.7576372672853103,-7835219.83,-0.231298786,0.007516563,6.891420402890719,0.017833103,3.7540914954124482
geo-e032deaf-ad30-4f5b-8981-dd49eb25a438,10.6225,25.8152,1.1929,247.8763,3.7031,-6.6445,-2.136,0.144,0,108867.11476250798,-557376.4411,-50.22945802,69811.75623985704,39055.358522651055,-557200.1037,-52.54775915,0.023003459,-0.11777281,920029.1941208226,0.026836583,0.008254005,-5.11978702,0.000415636,3.976363880074353
geo-e03d4001-1d6e-4239-aa35-96010f56c029,10.1245,31.3448,1.1884,244.7802,5.9927,-6.3009,-3.7072,2.0012,0,97918.92282074792,2200823.3588089654,-162.1335439,57990.871098638505,39928.05172210904,2202079.451045319,-159.8705861,0.020720032,0.4657029516677927,-6245888.498,-0.181389438,0.00844889,22.475975995342893,0.006818589,1.0866991053697637
geo-e05b119b-72b7-4109-a82b-5837f73f9d4d,10.6331,25.5498,1.1922,250.3452,5.2659,-6.9126,-6.0223,1.1919,0,75695.48390617486,616617.3687,32.565322546631144,35493.63110074048,40201.852805433424,617394.3037581674,29.796459158749208,0.01599742,0.1303153985374265,-709255.2171,-0.020709779,0.008497941,8.146025850371183,0.000508372,1.8268897538020092
geo-e06b01e3-d1a4-4b0e-8235-eacd0d70055a,7.8347,32.4441,1.1889,246.4468,8.4591,-4.6052,-6.5845,3.915,0,401074.5369619277,3449023.856431104,-382.4942688,365740.5651322921,35333.97182963639,3466474.8563045408,-379.1171915,0.084857288,0.7297267348330118,-8468877.22,-0.216273421,0.007475741,8.599458550913939,0.021634570172518703,2.241704194157201
geo-e07e1d2f-1711-4821-93e1-0c6166c116f1,9.0402,32.3778,1.151,257.3975,8.0575,-5.7628,-4.4373,3.7749,0,326355.4910891805,3253213.364807242,-156.6965181,289367.1837542972,36988.30733488309,3265550.506403528,-162.8132779,0.069776163,0.6955505606510145,-7618151.891,-0.215087829,0.007908212,9.968312020582072,0.017034504,1.5235788582158918
geo-e09a79c3-794b-42c8-9dd0-549375186da0,7.7029,31.4504,1.1297,249.2047,4.6163,-6.4473,-3.1081,2.3505,0,73054.66488202408,1398275.5927408612,-23.36566365,33237.53679,39817.12809569405,1398889.6767832048,-24.57434215,0.015709181,0.3006757252696601,-4096368.808,-0.106760133,0.008563735,19.14012739636746,0.003735877,0.9741603269535021
geo-e11ea8ed-24de-43fb-ba23-f32cd2d10242,10.7632,30.4087,1.205,250.6819,5.7229,-3.0443,-7.3765,0.277,0,100733.71365884038,2021617.9814355653,67.66212147925299,60183.59913080077,40550.11452803928,2022021.0084664428,68.04532833181719,0.021218736,0.4258373568309218,-6320176.659,-0.186878562,0.008541506,20.068931324047902,0.005362857,0.9370897004050285
geo-e1252944-ee51-498f-b867-54f68b55199d,10.337,36.938,1.0417,255.0375,5.7082,-6.1366,-6.4987,1.38,0,66882.70379,1099203.4733410974,32.36683853676287,25902.210173691285,40980.49361542316,1099749.262653572,33.122857031414526,0.014747945,0.2423794359638427,-1219532.021,-0.040015594,0.00903634,16.434794215361833,0.001809036,1.8100544368147913
geo-e13e7f10-141e-4b91-bb1c-14ea6cf22431,9.9403,29.6204,1.1867,256.0373,3.1183,-3.5712,-2.9095,2.8038,0,122283.48625126072,2369257.647,167.92028149483906,82008.78163524358,40274.70461601734,2370749.052376985,167.2920765059405,0.02588778,0.5015789338906979,-6922785.27,-0.199467536,0.008526231,19.37512349207606,0.008056181,0.9480145860871225
geo-e14db852-967b-46c0-962d-8e37828d0da9,10.9445,32.7957,1.2411,255.8203,4.1666,-6.3008,-2.2403,3.6624,0,104098.3786908556,2388309.000610568,97.69969355585204,63155.50398500587,40942.874705848975,2388165.8906221595,100.1742136904286,0.021708285,0.4980489924314853,-6941945.874,-0.198165012,0.008539797,22.942806897148834,0.007214369,1.2112963741237581
geo-e14de45f-7084-4502-a142-3c4cd37643a8,10.3188,26.9899,1.0563,257.4431,3.8529,-6.3466,-4.6886,3.2611,0,87737.66658,1662172.9067621613,26.987878770915152,47229.75406830685,40507.91250675218,1662576.8556001624,27.418023397935656,0.019261918,0.3649132707264797,-1915393.948,-0.061100476,0.008894899,18.944804114891838,0.004107714,2.2839373040908217
geo-e17f0d67-2010-41d6-a7f8-98a7432c7171,8.022,33.4023,1.0903,256.2783,8.0725,-3.4077,-4.2924,1.8866,0,322729.20239044586,3348020.5201887093,624.2363269603146,285415.1836593944,37314.01873105168,3356157.314456228,624.5133547667303,0.070170715,0.7279570370153624,-8374200.617,-0.229510654,0.008114791,10.374086061595989,0.021027079994580915,1.547252648
geo-e1807975-4574-42ac-a1e2-848c8bd81a54,9.4667,31.3975,1.3328,246.691,6.3392,-5.2851,-6.791,2.8103,0,167566.6757132962,2632742.032871844,-148.0946401,129201.27387948192,38365.40183381538,2636182.4713652083,-157.005581,0.034095735,0.5356988485956542,-8347375.711,-0.206823024,0.007808001,15.711608657657054,0.009649236,0.6722034032137917
geo-e18273df-3fed-437b-8e4e-5d1d447df63f,9.2184,28.2737,1.3858,254.3238,5.4264,-4.2472,-3.3518,0.9905,0,124761.14410367016,2284449.687969375,10229.376202377363,84452.59074,40308.55336530994,2286024.964869474,10261.70071566574,0.025039907,0.4584953755555318,-8766620.536,-0.209384281,0.008089996,18.31058623565615,0.007258794,1.068664609047549
geo-e19830ad-ae7e-4149-a654-6319891c05f1,8.0328,35.6471,1.2693,243.798,7.0789,-4.4388,-3.7723,0.9041,0,127777.52005325592,2595818.345834002,-117.4942175,88512.72815089326,39264.79190236387,2597535.945675517,-118.274313,0.02644399,0.5372133897050552,-11031358.77,-0.264092877,0.008127622,20.31514107295309,0.011436070672226116,1.7680328683753714
geo-e1a45bdc-cd05-4b1f-9782-d80dece4af0e,9.992,35.7566,1.1301,240.4349,6.0747,-4.4535,-3.6805,3.3246,0,215867.93675880227,3143932.8994603334,118.4314257244698,178586.56971273187,37281.36704606987,3149379.2402414456,116.89747749482636,0.046423205,0.676114495,-8284375.248,-0.249845569,0.008017455,14.564149482621753,0.014562575679599477,1.1610217252233563
geo-e1f0e518-6bff-4123-a192-dadcfea03cd7,9.7473,31.9043,1.1674,244.9577,3.0944,-3.0143,-2.7465,1.3642,0,75881.43631458013,1609140.638168042,48.65985718418818,35607.10334555605,40274.33296902447,1609799.604255509,48.79012854,0.016146786,0.3424085169526124,-6104623.243,-0.173910754,0.008571693,21.205985499497583,0.003828732,1.2596812755566107
geo-e2185ecd-0082-4281-a27f-1183dce7296d,10.8755,37.0481,1.1432,248.9492,8.9111,-6.6554,-6.009,2.6101,0,188997.99859033315,2945367.553681801,228.6864202067068,150758.0951931651,38239.90339716736,2949389.1483329097,219.18713983549063,0.040496376,0.6311003897516978,-8019262.006,-0.2498123,0.008193575,15.584120338047102,0.011657295119712684,1.1174299485063315
geo-e2211207-67e6-4172-817a-a2bd6a9f64a9,9.9932,27.198,1.2302,248.1234,8.9415,-6.2463,-6.9258,3.5502,0,354602.7410294318,3212951.8506306573,-380.9079467,318032.0853492362,36570.65568019562,3226763.811,-376.5752619,0.074182149,0.6721427847581835,-6893267.048,-0.192682728,0.007650464,9.060707882018283,0.014390259642890086,1.812265174367361
geo-e238836e-79bf-4e52-9729-a08d062c7c45,7.5213,26.4153,1.183,245.4525,6.1796,-3.2378,-7.3321,1.3302,0,169283.45606724234,2360093.820699231,-207.2806767,131678.3765,37605.07958439057,2362776.5868064207,-206.1276557,0.035874354,0.5001483455901762,-6814891.268,-0.171284267,0.007969183,13.941668462639093,0.010586561,0.43249286938218773
geo-e2a68d6b-6795-4eee-86e9-7ccc8596997a,8.7994,26.3606,1.0879,246.1975,4.8453,-5.5581,-5.0062,1.749,0,81541.83244381784,1533226.5182079906,-167.9758876,42045.067798475095,39496.76464534247,1534156.3862846163,-167.9061552,0.017741607,0.3335944442528959,-3482980.391,-0.100159006,0.008595313,18.802944111715835,0.004025638,1.1643039545333629
geo-e2b5f0ee-a28f-464c-b7c1-1435b2d480ae,8.8786,26.2991,1.2434,248.655,6.4295,-5.9697,-4.6806,0.3635,0,81488.14681212074,1448708.002023531,17.201357980554704,41380.74458062093,40107.40223150043,1449298.7112335078,17.613917717011503,0.016986157,0.3019823408846371,-5094505.475,-0.132892809,0.008360321,17.778143922743325,0.003269405,0.9211933240550688
geo-e2d33f0a-feca-4147-84e8-8c1d20b99bfb,10.5542,31.7056,1.3206,246.8524,6.8181,-3.3649,-3.1708,0.7939,0,206554.49779808812,3035194.879263006,382.4665212615933,167691.1666130255,38863.33118506304,3037514.537794368,381.0784804,0.042173676,0.6197169564375944,-11536025.42,-0.30954816,0.007934956,14.694402260027184,0.011582746892279085,2.265561808512446
geo-e2da7d2b-7279-47b2-a6cf-4470286b1ed6,9.4937,33.1165,1.0076,246.6412,7.8137,-3.0744,-1.7194,0.4697,0,255401.61950679743,3102064.852051245,-213.8586861,218026.37992775135,37375.23957904761,3104012.893164644,-208.3636204,0.056861526,0.6906304688113462,-7033051.73,-0.22332901,0.008322744,12.14583078228551,0.015992121921494896,1.2023569343574743
geo-e2e971c9-a975-4e7a-8f08-afb941517424,8.531,33.3551,1.2901,244.5328,3.7698,-6.01,-3.8833,3.2089,0,78477.37485550821,1656914.0967735082,149.41579379420875,38302.06711763672,40175.307737870935,1657024.0150856536,150.57835005937267,0.016150737,0.3409948999212491,-4917450.944,-0.119432967,0.008269796,21.11327117942213,0.004338563,1.0051081170730916
geo-e2f8ddef-62c5-4f13-9672-6a0374eab959,7.5266,32.3408,1.3417,257.9996,4.6561,-5.9052,-5.9724,2.5446,0,82108.20503619833,1546911.9480042057,-187.3932485,41436.20063538083,40672.00440081723,1547795.8338416256,-191.8635092,0.016671215,0.3140843419170933,-4876820.911,-0.108773913,0.008257983,18.839919193486594,0.004171996,0.9584515164628936
geo-e2fd1f49-851b-4621-9384-7652d03f8a23,8.7786,31.3546,1.1986,241.5771,3.0336,-3.1904,-6.2378,3.9253,0,145349.17834010406,2580472.004973318,105.1913163,106805.3366967797,38543.84164332351,2582072.631296228,103.13373747672084,0.030664031,0.5443971232493495,-6567991.541,-0.173411765,0.008133161,17.753605726860403,0.010746239361652163,1.3274322686004467
geo-e3008294-5529-4cf2-b64f-b1e84113a2a8,8.4681,35.824,1.2153,241.1163,4.3697,-3.7315,-2.8662,3.2087,0,156254.53417052893,2908355.811360896,270.8219056492913,117711.27501590484,38543.25915462379,2911046.919946435,270.5187911168125,0.032814351,0.6107714578012055,-10386175.06,-0.26593856,0.008095941,18.612937069633173,0.014022376272951585,1.5078526535672572
geo-e3054b1f-fb71-488e-a9b0-c0ab1ffe952c,10.9505,30.901,1.3968,252.4986,6.8358,-5.1348,-3.0048,3.1048,0,288124.6978472493,3200410.070600748,37.66653286679434,250345.42055137237,37779.27729587533,3209617.2187195327,35.35237816264225,0.057661891,0.6404924638302129,-10647986.5,-0.274924252,0.007560661,11.10772556,0.011924611,1.7478194475014361
geo-e36a959d-f613-43b5-a895-2800bd84805b,9.0445,28.9301,1.1361,246.2937,5.3991,-5.7144,-4.6959,1.3446,0,76457.62240204061,1523991.4142021935,352.6891835973158,36529.29691816919,39928.32548387152,1524801.9665113993,356.2586160392197,0.016414955,0.327191066,-4160749.057,-0.118840807,0.008572307,19.932498112333562,0.003767632,0.9215368287211664
geo-e390002d-362c-44f7-abea-9313eaa7ab3e,10.005,34.0918,1.0654,242.1365,6.6331,-6.9023,-5.9598,2.6177,0,99762.66007350484,2064875.477682773,-200.3226397,60579.427751786345,39183.23232171831,2065828.7077713148,-200.4040002,0.021845123,0.4521477214357104,-3430118.458,-0.106998448,0.008581722,20.697879107888625,0.006504198,2.0973049597739926
geo-e3a10d63-fce1-4237-9d68-c38057991e17,8.6576,27.561,1.087,245.059,7.0338,-3.847,-3.3627,0.2191,0,163245.9805240874,2529689.0895599653,-712.490498,124714.96026062836,38531.02026345929,2530364.0259156115,-714.188654,0.035534939,0.5506558069354858,-7379744.346,-0.214084592,0.008387283,15.49617994537206,0.011148413218937805,0.7179963061995063
geo-e3c8d796-9c90-4fa5-a1fe-b6b7685e91a0,9.1778,29.2246,1.3006,243.8433,5.4317,-6.9938,-3.1753,2.0891,0,80979.62118522331,1676825.624195547,-93.06626882,40924.109628995306,40055.51155622894,1677717.725595579,-93.79617186,0.016622439,0.3441968624444045,-5153361.171,-0.130902121,0.008222029,20.70676053621128,0.004108898,0.8849821016786125
geo-e3da74bd-4c19-4252-bae3-3225b9c3e294,7.8099,33.5788,1.2846,247.9669,5.2923,-3.464,-3.2782,2.7289,0,214351.95745038768,3098968.019097873,190.2891889570271,176240.79485504943,38111.16259533892,3104482.140838236,185.48647642855724,0.04418808,0.6388439262821916,-10833695.74,-0.256931856,0.007856472,14.457381476514566,0.016633904146835188,1.1259344649116219
geo-e3e215dc-9382-433e-b419-2e37419e6bc0,8.9088,33.7204,1.3132,244.4384,8.6454,-6.0572,-2.0966,0.8634,0,174786.3553430208,2944178.2447123723,-670.3196226,136223.18854962414,38563.16679339661,2946412.265177338,-673.1331769,0.035750197,0.6021920410903283,-12324303,-0.300614454,0.007889169,16.844439824461077,0.012956895040767065,2.129543684
geo-e40f0f35-3bc8-463f-bb9d-91919c8c6d96,9.5902,34.9603,1.0688,257.9266,7.3733,-6.126,-2.7716,2.4193,0,165172.09624937116,2941827.121,293.34830969546715,125780.20805582618,39391.88819354425,2944989.4840930146,292.18155654924635,0.036140388,0.643684835,-7841149.196,-0.242752082,0.008619075,17.81067860788006,0.013752099865253177,1.375815077088818
geo-e422f518-2d28-4ded-8ab0-11e14a065940,8.0042,28.7363,1.1536,241.5255,3.1867,-4.9093,-3.2942,3.1728,0,95258.23619553694,1947443.0594736692,53.23565520513691,56083.40930593486,39174.82688960176,1948115.3092137184,54.077229047784215,0.020351896,0.4160706827823091,-4924680.497,-0.130573544,0.008369647,20.44382866250174,0.006884405,1.2417959427648497
geo-e44870c1-6558-41be-b672-07b4fe804ecd,8.1745,27.6472,1.2768,246.6011,6.0605,-5.1971,-4.4387,0.0432,0,78058.14443954444,1368146.839599022,-60.53006354,38135.475074765935,39922.66936477799,1368492.5991531862,-60.98388379,0.016121852,0.282572187,-5748605.536,-0.138048028,0.008247151,17.527278536048847,0.003109194,1.1351824857337363
geo-e46d8bfe-c41b-49d0-91cf-6fc2acf32662,8.4853,28.9122,1.0884,254.3975,7.0577,-4.4174,-4.9508,1.3054,0,173439.97494177445,2618811.9884420647,-384.6653704,134776.55773701842,38663.41720475555,2621438.755,-380.9206306,0.037731168,0.5697119945803993,-6971744.343,-0.196798604,0.008412769,15.099241044754741,0.012175691956152685,0.8261166262990602
geo-e46e0be1-81fd-4c42-8752-8b8b70bca9d1,8.3106,32.9015,1.1244,240.8894,5.4019,-3.3772,-4.1103,3.7018,0,273109.11947655486,3132329.2336357725,-207.7507286,236724.61123114737,36384.50824540814,3141453.275244893,-199.1936384,0.058826901,0.6746945049860541,-7530673.421,-0.208027453,0.007837075,11.469149179782939,0.017435407,1.2439427232458218
geo-e47b1148-db27-4ebc-99a6-ed650410f66c,8.213,30.3141,1.3765,241.6905,5.9059,-4.9564,-3.2032,1.1818,0,115711.20182484984,2306358.616807621,-9.087284354,76153.15156,39558.05026675239,2308098.2579881963,-9.882520875,0.023280061,0.4640187748832863,-9037249.763,-0.205154621,0.007958685,19.932025425668957,0.008344867,1.0433086730485657
geo-e49e8d3b-f80b-46cf-ac03-811056cdbf4b,10.0783,28.7153,1.0043,253.3827,8.6503,-5.3913,-3.4316,0.0246,0,158777.06766104343,2522335.356319917,2007.344635977028,119739.52063415518,39037.54702688767,2522426.447146801,2004.285245461949,0.035390589,0.5622155345727822,-5858705.933,-0.195301156,0.008701222,15.886018009254254,0.009983171,0.8970272147066665
geo-e4a3dbe8-991c-4e3f-9c00-d93923c267a9,10.8863,37.3318,1.0177,243.9056,8.4987,-3.7473,-3.9825,0.1679,0,167098.47902965386,2969768.216025484,204.0899543221476,128438.80294820073,38659.67608145237,2970475.8913384518,202.6132406175044,0.037101295,0.6593851030894787,-7967987.059,-0.273254641,0.00858366,17.772562822061868,0.012713001306546933,1.5341804713981309
geo-e4d4dcd4-5ac0-42af-9d00-2668e28e2499,8.3173,27.7449,1.1243,245.2866,7.1862,-4.3117,-1.8957,1.2138,0,228910.3313865657,2797651.7291090395,501.7791614275096,191505.05835945564,37405.27302711129,2801344.2311815894,503.6556848867997,0.049307993,0.6026228332662892,-8083502.496,-0.223405833,0.008057169,12.22160534285617,0.013898211832084619,0.7403005980417373
geo-e4db9cb5-a5c1-4af4-9e1e-68b6a951de8c,7.7222,29.8733,1.2072,245.2688,3.9379,-5.84,-6.9165,3.2105,0,81084.90636173154,1512473.4920726945,88.07161312,41491.95039594171,39592.955965789486,1512957.8539023949,87.83496022176381,0.017069589,0.3183983566305304,-3080005.903,-0.077011744,0.008334867,18.652959717624082,0.004178792,1.5366108409816797
geo-e4f633eb-96e5-4e37-aa99-d436a36db1cc,7.8611,35.2169,1.0556,250.8787,6.3132,-4.2111,-6.9175,1.2155,0,96432.77217530664,2051204.1694202512,64.74058889463615,56720.91214529131,39711.86003001525,2052549.1748024563,67.28841336819103,0.021175073,0.450411179,-5450572.779,-0.151840407,0.008721841,21.270820315020348,0.008214576,1.2038273233364802
geo-e515d71e-caae-482f-b483-c4332e56e935,7.6033,30.1205,1.1175,247.4481,6.2364,-3.5773,-4.9003,2.6502,0,243864.66940848352,2952743.4375042804,-594.0249639,206681.34132094384,37183.32808754046,2959526.5055590505,-591.7714771,0.052629444,0.6372437814455915,-7475157.988,-0.198552055,0.008024646,12.108123102319167,0.017000403,1.0653601616489847
geo-e51f2f5f-00f7-4d5f-a919-eccdd4a3e5c5,7.6519,26.663,1.0293,241.6788,7.857,-3.8185,-4.4555,2.1216,0,318982.2518,3033825.0259305323,-303.2511386,282902.2624370214,36079.98938512063,3042488.6918241875,-301.640062,0.070573405,0.671220303,-5738934.466,-0.160924679,0.007984149,9.510952438890344,0.018741787533804326,2.0960142362970444
geo-e53c23eb-909e-4141-929e-c10b1da59c7e,10.5435,28.8286,1.1874,249.3202,6.3191,-5.1447,-2.0488,3.1488,0,267133.60010922287,2991249.819448633,-2.516612597,229520.90924073107,37612.690868491845,2999509.7964361585,-8.875573848,0.056542087,0.633134535,-7800729.642,-0.231360069,0.007961143,11.197579856018079,0.012102005108192882,1.0002957255377143
geo-e56ef02f-748b-4dbb-b0d2-53a826ecfd36,8.2567,34.0854,1.1858,241.0044,8.7058,-4.7476,-2.6073,1.5113,0,279234.6625242532,3232288.0667852564,5516.119688533082,242786.62053116257,36448.04199308993,3238028.6907661417,5516.832958,0.059129463,0.6844546316120517,-10218744.97,-0.268527814,0.007718031,11.575525894835916,0.018060632491628828,1.3903366670703836
geo-e581dcf1-169b-476a-a0a6-a40140d3bacc,8.7023,37.4361,1.1964,241.6689,4.7258,-3.6255,-6.2225,1.865,0,87145.86016321853,1963566.15,54.03570547672082,47337.94108,39807.91908315508,1964633.6527894093,56.11023867583541,0.018399907,0.4145857903043104,-6482928.476,-0.173492901,0.008404968,22.531949840409347,0.006287021,0.9717271735279177
geo-e58f9d2e-255d-48c9-94df-3b18fb81429d,7.6097,36.4087,1.0519,243.2335,8.0879,-4.7511,-2.3207,0.1151,0,122777.28395825504,2456190.0920860604,-314.1659908,83807.35802,38969.92593829556,2457029.713375103,-317.598096,0.026994011,0.5400218917342942,-8718827.038,-0.243559439,0.008567945,20.00524863313616,0.012198468899908065,1.3902732975496213
geo-e596492d-157c-4ed1-a3e1-3d551f5aad83,8.8297,26.1852,1.0371,255.7623,4.5305,-6.7633,-5.1587,1.089,0,75479.39877301051,136129.99878638482,-61.46200951,35816.85001686788,39662.54875614181,136792.45173434206,-62.66727992,0.016662084,0.03005071,-273288.4824,-0.008183146,0.008757279,1.8035384621407666,3.255469657444498e-05,2.437431807036905
geo-e59eaa0d-f09d-47b9-a515-934114941a0a,7.6091,31.2632,1.1346,249.5461,8.6279,-5.3464,-3.889,3.1285,0,348394.54425683874,3276716.693,-86.55372573,312347.0144889878,36047.52976785049,3289368.268082957,-90.42410729,0.074829383,0.7037845210209845,-8194200.586,-0.214917098,0.007742372,9.405189452787717,0.02072031,1.7486687794777198
geo-e5e8b9df-ab22-4051-a4f6-29a69cc92d5a,7.8109,35.5604,1.258,245.5855,8.4514,-5.9578,-5.1495,1.9634,0,177697.52523219126,3004439.829509207,-382.8833774,139478.57172431794,38218.95350787309,3008104.3576209163,-383.8811433,0.03689494,0.6238051259220185,-10905315.44,-0.26389017,0.007935274,16.90760648232673,0.015857945750108078,1.3635795113328857
geo-e5f41ec5-03c2-4b37-b037-6d31742d76c5,9.8349,27.6331,1.2983,252.5886,4.2403,-4.3156,-3.2856,3.7839,0,219851.1101563413,2766087.7733797645,-45.80761287,181394.5590641811,38456.55109216196,2772316.643516704,-49.36728192,0.045155885,0.5681351467554469,-7579079.738,-0.199636421,0.007898666,12.58164114528565,0.010446805112903615,0.5128081975600873
geo-e61a64f0-6ac1-4c22-a5eb-b1d453880590,7.6759,28.2556,1.0649,253.0821,8.2495,-4.0635,-1.8139,3.0328,0,454767.5041724223,3454810.662353757,8.897398294,419211.297,35556.20717852325,3472630.8241344364,8.903949991540287,0.099615684,0.7567676294297365,-6791448.897,-0.188663294,0.007788457,7.596872315318039,0.023749032016918588,3.1291508104750005
geo-e623f790-43bd-4053-bfa7-8c02549bf86d,10.2186,29.9378,1.0393,244.0872,7.4402,-4.0552,-4.5751,2.9012,0,331436.5932277021,3181263.9103242406,-92.97049234,295086.6805789905,36349.91265,3192168.2956909817,-94.24908822,0.073133624,0.7019664194159337,-5009155.268,-0.163716786,0.008020801,9.598408791689058,0.015349399928472018,2.3008858397904395
geo-e652de55-176a-4e70-b6cb-4c8cd9354da0,10.2089,25.2174,1.3663,251.5679,6.7988,-4.3658,-2.4888,0.6836,0,195699.9215646227,2514028.375896664,102.37294803392189,157098.1166107539,38601.80495386892,2515889.485814834,101.2492478426992,0.039470247,0.507048339,-8990776.803,-0.22560629,0.007787077,12.8463433,0.008016225,1.1320483733457842
geo-e67261fe-b0a9-4d3b-a3b0-49d3c5f25805,9.029,37.4227,1.129,240.6004,8.8461,-5.2168,-4.5122,1.7156,0,214058.45698221517,3180521.756828343,576.5370263105369,176715.01658665773,37343.440395558064,3184866.8547810866,576.4625322289742,0.046038696,0.6840518004840161,-9823787.027,-0.277340402,0.008033275,14.858192484740707,0.016496372508335796,1.3867237365260008
geo-e6bd4315-2f81-4751-8c1c-f13ab02cc146,7.868,35.1966,1.0209,248.4227,3.8778,-5.0676,-5.3405,0.8704,0,56436.97893074868,385420.42249414255,122.22725661518685,16780.96206033842,39656.01687041079,385553.9357665929,124.00018413373536,0.012519278,0.085496876,-1258244.585,-0.036594657,0.008796752,6.829217824842711,0.000295724,1.9338449055193228
geo-e6c7f23b-c166-42d6-8fff-1dbf44c72998,9.9545,33.5638,1.0361,246.2369,4.1448,-4.9621,-6.6816,2.9397,0,84137.67802874913,1803461.4751478129,-34.11692339,44224.61486307904,39913.06316566916,1803822.9992593185,-34.20968506,0.018582584,0.3983111288225457,-1887432.672,-0.061034175,0.008815122,21.434647561008305,0.005073125,2.7090152240652263
geo-e6ccca0c-bfc9-4957-888b-29599977a3be,8.6845,36.851,1.3155,250.0666,5.5777,-4.8475,-1.9587,2.7197,0,151909.9538614322,2909052.366109429,105.7926579,112516.88403841417,39393.069823017766,2911870.037158011,105.91631162679543,0.031052138,0.5946436877047508,-12249003.39,-0.294483296,0.008054021,19.14984694658642,0.012960415772264646,2.0655049125014755
geo-e6e701fc-b2c0-46fd-9297-ae9b967da660,9.7577,26.3233,1.0837,240.1689,3.2561,-3.0375,-6.1085,2.0099,0,101912.56601698304,1941716.7406737693,-208.2163786,62763.357029996354,39149.20898698616,1943024.7206079192,-209.2572154,0.02220019,0.4229751277471493,-4023876.696,-0.122242147,0.008529815,19.05277059111832,0.005836229,1.3697913582988825
geo-e6e8ff47-7dba-4423-9e9d-7326f65b476e,10.1095,27.0472,1.0493,251.4495,8.4651,-6.4384,-7.0449,0.7876,0,130858.27623980764,1979377.6789915443,351.3783472189001,91939.34981072768,38918.92642908004,1980338.923789689,353.7266612906592,0.028792112,0.4355128731643075,-3946273.531,-0.127313849,0.008563098,15.12611762793051,0.005972036,1.0146679996833625
geo-e6f52107-0e14-4b12-aed0-e88ac3c16ae2,8.7372,26.763,1.1788,252.1208,3.6691,-6.8425,-5.7543,3.9955,0,90640.28939385904,1658596.6178547172,-87.09233103,50616.30950277907,40023.97989107993,1658668.7101901588,-89.08224814,0.019230642,0.351895142,-2352221.928,-0.063923738,0.008491619,18.29866860472632,0.004511328,2.073349518993455
geo-e7242bdc-7f0d-4116-a4f7-372fcc63006a,7.8948,35.2995,1.2227,256.8293,6.6485,-5.4213,-6.1875,2.2003,0,117921.03759068008,2431826.891191216,-59.26818776,77945.62785562847,39975.40973505198,2433718.547701173,-60.55492365,0.024714145,0.5096675174056163,-8117114.956,-0.19955819,0.008379824,20.62250248876203,0.010473284622429342,1.0830125405897344
geo-e7369fd4-9b0e-4500-9bcc-af54c009a21e,8.2308,35.798,1.0969,242.1454,8.1422,-6.7344,-2.7571,1.6491,0,124213.31288920096,2583005.2725527617,-209.210834,85426.26246925135,38787.05041995042,2585067.7244697004,-210.8422664,0.026957274,0.5605742234898169,-8225233.22,-0.227197272,0.008419422,20.794914912677736,0.012152743354196251,1.2997046558369267
geo-e756ffc8-0908-4b8a-8dd9-1cdff1cde4e3,8.0845,27.4153,1.3596,257.6612,5.3134,-5.0346,-6.4273,2.3216,0,129487.08176515112,2077580.4554972383,-549.6890376,90414.80910935802,39072.27265579328,2079908.708165864,-552.4966654,0.026161918,0.4197599319650502,-6524658.699,-0.14642742,0.007895861,16.044692854112956,0.006937435,0.5955239805008644
geo-e7cc5540-5400-4981-8f13-6be2d9f4929d,9.2849,27.0697,1.1441,245.3525,5.2123,-4.8648,-3.9062,3.3687,0,204408.26846904936,2618306.016565993,104.03985080289492,166652.22078685483,37756.047682194825,2623732.4558335124,108.57839011771864,0.043778266,0.5607644804319875,-6058014.468,-0.171451504,0.008087873,12.809198160995397,0.010780375557948928,0.8897083334039521
geo-e7db7bdc-008e-4c1f-9cb1-adcc10c9a908,10.793,29.5288,1.1743,254.4643,6.4376,-5.2164,-2.568,1.2492,0,137448.10016334982,2495397.025389804,-1442.725818,97614.20373675608,39833.896426594445,2497109.6500985543,-1444.185716,0.029197841,0.5300924832314848,-8086802.616,-0.245092865,0.008461795,18.155194742045584,0.008287265,1.375523725915424
geo-e7dc3bf6-cf80-405e-a470-a0750afee710,8.9784,25.6706,1.2559,257.0421,8.291,-6.9929,-3.775,3.7705,0,326221.8874322636,3103123.7950990894,50.83870424495353,289235.8088,36986.07866967453,3115932.015243247,46.03761023979656,0.067757107,0.6445266212761175,-7370180.225,-0.18843694,0.007683653,9.512310224,0.014727631100651735,1.5196757267867147
geo-e7de0af7-d2e5-43b0-9010-b5a3a9144a68,9.0806,34.8462,1.1098,243.0204,8.3258,-6.8563,-6.2899,1.1548,0,98258.39902549106,2085620.073237091,41.93526101649661,58837.99831297491,39420.40071,2086855.524532647,42.14313180250356,0.021247071,0.4509875721268549,-5467281.003,-0.157070264,0.008525858,21.22587070338922,0.007129593,1.1275629107085088
geo-e80280bf-b287-4c43-b223-2f89d3308a47,10.9881,31.4599,1.1159,252.615,4.8874,-5.5869,-3.5955,1.6892,0,75410.47910027133,1606826.5618738786,143.19027306945463,34547.67249373435,40862.80660653721,1607502.067819402,143.18795255925338,0.016281958,0.3469316642139256,-4121548.666,-0.13176618,0.008822686,21.307735755627657,0.003486707,0.9108115190816033
geo-e81fc483-d1c3-4f22-817a-89279474d37b,10.8426,34.106,1.3393,248.7383,6.8388,-4.4076,-6.0078,0.6599,0,109210.90794376504,2371086.306000776,-85.32979819,68538.57921,40672.32873486743,2372087.566347369,-87.27543172,0.022183599,0.4816298094463421,-9167470.169,-0.241908127,0.008263285,21.71107584987487,0.006809942,1.6537996009788216
geo-e8555c55-e69d-4c97-9675-7c311bc4eda5,8.406,35.5469,1.3854,255.5969,7.5283,-4.5409,-3.939,3.5806,0,357221.6262065794,3467355.259783693,369.15193310028377,320944.71954414115,36276.90666243856,3481355.009051101,365.0863415168691,0.071688002,0.695836287,-11796606.72,-0.264807515,0.007281597,9.706453936186202,0.018334746,1.8779998361495587
geo-e85c6a09-7026-4d4a-955e-a57a8710abfa,10.5509,36.0782,1.1941,254.3871,8.3387,-5.74,-5.1521,3.4927,0,292595.4221,3195681.563507138,-79.76382131,255361.2153490321,37234.206772155485,3205578.838,-79.53346308,0.061817399,0.6751599931694535,-8342272.835,-0.246252551,0.007866527,10.921844027291499,0.013752258294622406,1.2464160178971095
geo-e8a92d35-1f6a-4f61-b2d4-975c6ae85223,10.639,34.9596,1.1502,248.8375,8.2098,-3.6797,-1.5518,2.6613,0,421622.3084931474,3348415.874130295,-21.73984194,386400.1704710765,35222.13802207044,3363022.1480257567,-32.00492963,0.090145982,0.7159161882766433,-8048538.138,-0.242702304,0.007532275,7.941742660859976,0.015334643501080877,2.7078307332348595
geo-e8c16a59-6dd3-47c7-8d3e-64b72988255c,10.992,28.0743,1.341,247.0039,3.0144,-4.0843,-3.7536,0.9071,0,66209.04134282042,767799.8967057317,-120.2377271,25299.88925248278,40909.15209033824,768137.4221805012,-124.2065838,0.013442755,0.1558902818865937,-3086278.942,-0.081894505,0.008307668,11.596601931300823,0.000703739,1.611268020096479
geo-e8e93152-d87d-4337-ae09-fcfbfca53f42,7.5952,32.6678,1.3045,252.3947,7.5961,-4.6697,-4.9395,1.0784,0,163218.00187855863,2774392.657346184,-88.39456773,124203.01571150948,39014.98616705002,2776847.3764217887,-89.30177043,0.033461488,0.5687810463051205,-10910252.91,-0.247333124,0.008000117,16.99808002434964,0.013558172,1.2241071321480907
geo-e8ec4008-2b61-4c98-b4b4-7d6fd6e76c22,10.0736,33.0385,1.2653,244.3049,7.0447,-5.9424,-4.5828,3.3402,0,218254.2614200525,3003522.9395744638,-51.17794978,180635.60886802597,37618.65255202738,3009209.028362887,-51.53465736,0.045217141,0.6222591860613826,-9525902.052,-0.256155579,0.007795272,13.761577529035609,0.012235115076812115,1.1309286310133129
geo-e94a4e13-b982-4b15-8a04-c1b51aaf3358,7.5516,26.5913,1.1634,249.933,4.1135,-3.1872,-7.1953,1.6471,0,104679.68483612395,1893024.142987028,144.45516517572906,65221.742203842776,39457.94263228057,1894595.2306270984,143.6754137894718,0.022304062,0.4033459599888739,-5236426.222,-0.133855332,0.008407245,18.083968689345653,0.006857512,0.909306717
geo-e9637fcb-ecb0-470d-95f5-1206df2e9ba1,9.2537,31.0918,1.2509,257.7715,6.7326,-5.1579,-6.8071,2.7387,0,186811.8118930417,2728297.593922517,-43.46018695,148011.0226264953,38800.789266547145,2732517.680899552,-48.70044452,0.038853762,0.5674407054886487,-8058675.142,-0.209966884,0.008071551,14.604524019522863,0.011075815,0.6539100259066779
geo-e9744250-387d-4145-a707-66b3df8adde7,9.1158,31.4907,1.0481,246.7689,8.2431,-5.6263,-6.9719,2.2564,0,196408.81717130533,2750728.037500763,5.613373908347498,158725.3989458031,37683.418225502806,2754917.361993001,1.9659898300615453,0.043220767,0.6053118025998301,-5577575.225,-0.168278492,0.008294104,14.005114826905205,0.012794214370144186,1.5606547570796094
geo-e9797066-84e4-4505-b75c-f228e7a72586,8.3052,26.7787,1.087,249.7244,6.2644,-3.447,-6.7508,1.7447,0,191565.92990479263,2514518.728801092,-173.7164264,153647.56636064293,37918.36354415047,2518144.3190665687,-172.4238751,0.04169091,0.5472401857771966,-5814849.628,-0.162563821,0.008253922,13.126127020868411,0.011477729763920095,0.9886468796359614
geo-e98ae2e0-4985-422c-9bc4-1b7d2b51335a,10.2886,30.5768,1.3627,246.4653,3.4288,-3.9285,-3.2812,0.8769,0,66662.65931864188,1119630.554230185,66.78746759,25736.07551558396,40926.58380305785,1120036.128211213,68.67265143032553,0.01345774,0.2260290392676139,-4951030.03,-0.125056375,0.008263855,16.795467892729185,0.001580601,1.4538955951552583
geo-e99f44de-750f-4afc-b7db-24e1183a60c0,10.4747,25.7486,1.2134,257.2172,7.9382,-5.6697,-6.771,3.9434,0,364299.4741918367,3190508.8569781343,289.2881374489137,326947.0908462409,37352.38334559472,3205713.835793457,296.0125060355616,0.076560567,0.6705119988173881,-6060677.002,-0.175664946,0.007849873,8.757928800352975,0.013662231557260091,2.0614630949213235
geo-e9d4df93-749d-47f5-a8f6-c1b072f200f2,9.7045,29.0613,1.1047,250.5563,3.9672,-6.518,-2.9519,1.4099,0,61580.05449881979,458013.7539521082,137.9353410670087,21304.648301931666,40275.40619688654,458443.9012568186,138.81040577826076,0.013334993,0.099181632,-1392832.054,-0.041527718,0.008723291,7.4376964697375305,0.000322656,1.8633923111103532
geo-e9de10c2-7915-4fb6-acfa-e9919f94f0d7,10.2483,26.8952,1.1601,245.5775,7.0073,-6.5831,-5.6836,1.8952,0,132327.26016929955,2011930.749006277,195.32045378890467,93745.49758030805,38581.76258899201,2013913.006034068,198.2262910743761,0.028214877,0.4289847676121756,-4912816.334,-0.144308678,0.008228082,15.204204684901734,0.005715866,0.5893575181373232
geo-e9eddb20-4f90-4a1a-9140-c1f40f1e54ff,9.7455,36.4555,1.1656,250.9396,6.2961,-4.0359,-1.8812,1.5781,0,157816.67972816795,2918010.8846026137,196.7893215328486,118426.28049719732,39390.39923096964,2920702.7355352407,201.0615669,0.033605459,0.6213607717155237,-11304165.69,-0.327714231,0.008387741,18.489876289558026,0.012610539434079516,2.6177169580505564
geo-ea069f5f-8568-48a9-9bc6-358eda79e23f,8.8485,34.7591,1.1734,241.9307,6.0895,-3.8873,-5.0299,1.3334,0,114984.5075,2475185.559213835,258.56859150897134,75672.17909327494,39312.32837597335,2476781.372,260.85945745746415,0.024432016,0.5259297462516035,-8418077.016,-0.23116788,0.008353076,21.526252655174392,0.009950295,1.3322283812309936
geo-ea21d2a6-5f7a-4dff-b783-f649bf2864b2,7.932,31.4031,1.1848,257.5474,3.2914,-5.1118,-3.5786,0.2275,0,65019.83381778742,-111513.7665,-41.98483754,24934.257655574605,40085.57616221302,-111671.1914,-43.50849212,0.013772097,-0.023620152,-1083506.652,-0.027928092,0.008490633,-1.715073078,2.2388902607598675e-05,2.978834571638287
geo-ea28e1c9-5c65-4814-9ee1-a3c8c0a4c0f2,9.301,32.3334,1.1192,243.1562,4.842,-3.6935,-7.0461,2.1233,0,106708.97696557303,2226592.9138245923,353.6743596986039,67326.86021269248,39382.11675288144,2227890.665955855,357.6683297711324,0.023013557,0.4802016065187453,-5379288.842,-0.155290629,0.00849512,20.866031866681098,0.007891648,1.3653010124371001
geo-ea3e8319-a5c5-4f86-bd29-74029ea90dc3,9.0665,27.9745,1.0465,249.0659,8.0072,-3.9826,-5.1735,2.0663,0,310925.9244977768,3063144.457302966,35.54828378900433,273994.17295259127,36931.75154518577,3071147.289803724,38.57358150661116,0.068466371,0.6745091635670935,-5691074.905,-0.174246657,0.008132386,9.851685613705962,0.015972988160763243,1.8570080220097311
geo-ea40e9f0-b6e8-485d-b995-27a4aa66884d,7.9742,29.6114,1.0343,256.55,6.8761,-6.0982,-4.858,2.208,0,133416.66469640378,2337405.6489026723,-860.5250294,94457.57984839936,38959.08484800439,2339640.441400866,-859.6517698,0.029475436,0.5163976452029198,-5022288.021,-0.143218015,0.008608879,17.519592880106533,0.010644653026951173,1.6496040497477364
geo-ea5e3c2b-2b53-4ae9-87e1-505df39c0ebb,9.8473,25.152,1.237,245.9394,7.4778,-3.9618,-6.8286,0.643,0,194246.18715598865,2426110.4090660037,245.19439599776183,156196.48161236264,38049.70554362527,2427748.5801611347,240.10845372657087,0.040552465,0.5064951787735136,-7036688.047,-0.191126928,0.00794518,12.48987403350028,0.008292464,0.34491396594867474
geo-ea728438-2b45-423e-951a-0e78b5242559,9.1165,25.9912,1.0534,251.2566,6.5959,-3.1112,-3.7319,3.4826,0,417283.6212041605,3342280.9139072504,-406.8395553,380920.1207297434,36363.500474417095,3359523.998360548,-400.7437635,0.091705319,0.7345242497480611,-5161561.982,-0.157638369,0.007991468,8.00961443,0.018837977,3.0388852317198314
geo-ea901d68-df6f-4367-aed5-ee31e19a97ca,8.9603,28.9835,1.1231,246.7247,6.9356,-4.5162,-7.1516,3.9751,0,319421.5214149768,3138083.153591184,108.59678555203766,282818.4750196898,36603.04639528685,3150386.676529489,113.17457403179512,0.06881326,0.6760400239288441,-6095542.197,-0.172202408,0.007887019,9.824269634964086,0.016235751431890783,1.9068308172483746
geo-eabdac40-8a31-477d-af4e-b340deb3b174,8.3995,26.1,1.3531,245.1149,7.9857,-3.1348,-2.743,1.5151,0,384740.83256985975,3321994.0749466075,246.9392261325736,348803.8193689934,35937.01320086607,3330690.2851503696,244.3853903512863,0.077883203,0.672472263,-10479677.35,-0.244826247,0.007274702,8.634368368851051,0.017137420196831236,2.1860664890548134
geo-ead05096-f9d0-4813-845d-2b11fa898973,9.9573,28.839,1.0529,247.4206,8.2679,-4.7367,-3.2111,3.9898,0,473706.3895067354,3468870.9823006717,93.48533671,438714.7637369498,34991.62576978481,3491191.076316813,94.18949761183326,0.1040985118524259,0.7622956224879647,-4861851.827,-0.15274595,0.007691076,7.322829202098726,0.018576136211768773,3.6591281625887206
geo-ead3aabd-2fd9-48a3-9c85-20763a28fd25,8.8194,32.0307,1.2418,251.7167,6.6621,-5.8729,-3.2366,1.2033,0,102095.00043259522,2227889.6033194805,-158.7720082,61809.12645027052,40285.87398232474,2229330.5804009764,-163.0939929,0.021286467,0.4645075441810982,-8262362.754,-0.211612618,0.008401166,21.82173068102764,0.007787474,1.2143534661164688
geo-eb15ba3f-9be3-4af8-8263-968de105b202,7.9324,27.5115,1.1002,244.9473,4.5924,-3.8881,-5.2947,1.3202,0,93533.86099106669,1814022.3068264576,110.64901708570912,54296.543987795296,39237.317003270655,1815200.329933408,112.5304582778774,0.020284407,0.3934015678576978,-5015528.487,-0.137878264,0.008509234,19.394284461321718,0.006210373,0.8912705132757749
geo-eb23abf3-f6a2-444a-8ff7-cfb422e103f0,8.8715,35.6866,1.0897,243.0824,3.4791,-3.0421,-5.3351,1.1597,0,66395.19082,1220838.1332673477,-172.1988431,26484.16108876837,39911.02973254174,1221311.931,-173.4864583,0.014438695,0.265490764,-3997985.529,-0.115280657,0.008681044,18.38744821975162,0.002529018,1.0308285676661282
geo-eb23b8bf-8ba1-45ac-9cc5-dfc83712acd0,10.613,27.9296,1.0354,241.3404,4.5109,-6.5585,-3.18,0.58,0,63849.95574139381,157886.05765840528,-246.0046471,24384.40347713548,39465.55226425801,158062.64990657265,-245.7598914,0.014101766,0.034870381,-760559.6304,-0.025000048,0.008718039,2.472766908373109,3.646912637786584e-05,2.3637242958190967
geo-eb315d4d-967a-46ba-a847-4920137f984a,8.7469,28.0212,1.041,244.4294,3.0843,-6.3148,-1.8516,2.0965,0,61088.68996026403,604329.8692850166,79.22178117270184,21592.70502693554,39495.98493332851,604803.3783015007,80.57113225665324,0.013473042,0.1332842748403798,-1593895.696,-0.048134609,0.008710749,9.892663759496422,0.000646478,1.6438823428715201
geo-eb565b19-6bfd-43d0-aee8-ca74c92110fd,10.5581,30.7249,1.2738,241.3854,3.7038,-4.835,-2.7888,1.3128,0,65675.24740256283,1160971.5565642274,-30.53491385,25193.75919255979,40481.48821000365,1161439.022028543,-32.26511939,0.013575272,0.2399763262673831,-4451704.886,-0.121769632,0.008369335,17.67745996368976,0.001736206,1.2761711921385426
geo-eb6001e0-ecb8-47cd-a1a3-e5b19f676319,9.7768,33.7275,1.1522,246.4025,7.2154,-4.2936,-2.8956,3.0918,0,319684.40416263416,3227553.079314861,504.2186493266162,283480.8715828157,36203.53257981877,3238401.1608838667,506.40462139231227,0.068327061,0.6898341438915708,-8035461.948,-0.235716473,0.007737844,10.096060481176602,0.015493258565832833,1.4427226569595668
geo-eb89b023-e08b-4c99-903d-5f3a1c872c24,10.4765,34.13,1.3388,257.658,3.821,-5.71,-5.988,0.929,0,66220.21832545006,143652.36138650562,-8.725903806,24776.22517806613,41443.993147384914,143917.1591433042,-10.65861358,0.013455627,0.029189463,462189.4230590639,0.012188774,0.008421174,2.169312711723558,2.5887262056890813e-05,2.365654874435181
geo-eba91c5b-8574-4c60-a467-8146e66f5c55,9.2283,33.3159,1.3465,255.9066,4.9368,-5.4789,-5.5299,3.5637,0,131653.45381983576,2567321.3692469667,623.6913652713934,91748.47551834398,39904.97830149194,2568574.4069673982,626.6061248519123,0.026697029,0.5206080801702302,-7924818.226,-0.195019487,0.008091992,19.50060021030871,0.009348679,1.0512556021060275
geo-ebc92eb8-7064-4e46-99ab-664f80ff0b8d,9.1998,34.4815,1.0166,242.0298,7.6146,-5.2142,-2.0131,0.2829,0,105426.62436061568,2321508.284,343.72125523948034,66156.27487862424,39270.34948199216,2322321.9752522134,339.3484554986408,0.023415575,0.5156140723464732,-6821504.71,-0.215234536,0.008722018,22.020132938378094,0.00919859,1.2310796666892845
geo-ebd09f82-247c-4b3c-ae2f-dd2b659676a9,8.2292,34.2333,1.1657,253.2176,5.3276,-4.5378,-2.157,1.2868,0,94836.72493,2044046.5468655296,44.24793418265735,54615.16600488091,40221.55892379059,2045321.3548997445,46.93188532032619,0.020193958,0.4352468937275498,-7964826.583,-0.212166521,0.00856449,21.553322812474573,0.007327636,1.3424432574775003
geo-ebdfe7d0-303e-40b6-8884-7f044f7f2e30,10.4983,36.9697,1.2281,240.7525,7.6425,-3.786,-4.303,0.6873,0,160744.45751798083,3003495.900915033,-354.3258827,121733.65572183298,39010.80179614819,3005186.904529607,-349.9108343,0.033639654,0.6285539507519708,-12348319.63,-0.348648964,0.008165599,18.68491111476778,0.011978881514031384,3.0439543158752835
geo-ebe7dea0-3beb-4cc9-a2fd-4f81fc8a2bab,10.5287,31.2421,1.0634,257.4261,5.8829,-4.4746,-4.9614,3.3771,0,222621.0272818172,2899536.603491318,107.50151211643887,184129.60000779715,38491.42727401899,2905395.162,108.8410180789265,0.048775317,0.6352760938568714,-5719572.375,-0.183304338,0.00843501,13.024540578643403,0.012201139746009112,1.4129425426384439
geo-ebf46509-7353-40a2-90d1-5a071175e760,7.9529,25.596,1.0267,253.0361,3.4627,-4.8804,-3.1483,3.9235,0,151503.45120354442,2168658.693926215,145.5584883629439,112920.4946442292,38582.956559315535,2171484.376064174,144.43758034287927,0.033551511,0.4802648138174355,-3337791.979,-0.097168138,0.008544424,14.314252755949578,0.009231795,2.098512832990568
geo-ebf9c2ad-32a1-460e-94ba-e375047a2cc6,9.5645,26.9707,1.3397,251.0038,3.5179,-3.2943,-4.7114,2.4561,0,139454.48557038035,2241959.8743091617,-1001.386988,100106.8054,39347.68021724407,2244373.015968968,-1006.11336,0.02832387,0.4553527263667254,-6949210.903,-0.172175253,0.007993315,16.076642247392552,0.00690055,0.48631150868258205
geo-ec1c799e-0f54-459c-a55c-572a14e9a0ff,9.6662,29.3496,1.1143,252.3953,8.2624,-3.5989,-6.2941,1.179,0,269181.4175259702,3002575.1541403565,248.9391561088692,231393.8807833152,37787.53674265509,3006802.882813811,250.60159608579303,0.058145371,0.6485806000465636,-7487756.293,-0.2247973,0.008162372,11.154466685467556,0.013852311814514765,1.0053410842056443
geo-ec21df3c-868e-48ff-a452-703a5f08618d,10.0961,32.1245,1.2442,255.3698,8.8262,-3.659,-1.8696,3.9796,0,624389.5633931705,3715922.931206192,-158.419029,590307.1856520501,34082.37774112207,3748537.175,-153.5288143,0.1301254248300312,0.7744140491893241,-8299407.869,-0.23072166,0.007102874,5.951289305689934,0.018907884042011776,5.073985360828887
geo-ec3d0b8e-8d1c-4edc-992b-7338093eac7d,9.123,29.1968,1.113,256.0735,8.9123,-3.7274,-2.2885,2.4048,0,477981.7285666764,3514239.397712985,249.16390807213176,442199.4070905495,35782.32147612756,3530057.063724557,248.0089570386737,0.1032856465234453,0.7593815130117789,-7537323.635,-0.220053137,0.007732054,7.352246305002344,0.020120209232370654,3.266296626906024
geo-ec41c44e-0d3a-4643-baf5-6e6cd9f0c8da,7.6583,36.2035,1.2309,249.8193,8.7431,-4.6427,-6.0215,2.179,0,271148.6605144837,3309397.460940157,-382.9099357,233870.90193984527,37277.75857,3316560.9172006915,-385.8898291,0.056712932,0.6921872004402599,-10694478.89,-0.2615538,0.007796903,12.20510348330997,0.019914292,1.2141025756737518
geo-ec4ced3f-577c-474f-8c7b-306f81287a1a,10.186,37.4407,1.1614,244.1473,6.7928,-6.1781,-4.1297,2.0805,0,100351.15723412372,2331879.649543612,-521.8739898,60530.31166151122,39820.845572613216,2333161.4893132774,-520.8463635,0.021389207,0.497025234,-7317241.845,-0.214070066,0.008489272,23.23719739577329,0.007719752,1.271905724985261
geo-ec747c21-d11e-4a12-9603-b2b16aa4930a,7.5744,27.4684,1.1629,253.7755,4.9486,-3.5815,-4.0314,0.8875,0,111721.7951,2024828.170478117,-62.37683978,72007.63124788275,39714.1639,2026188.9524732584,-63.62765243,0.023802888,0.4313997910407069,-7006268.495,-0.176551826,0.00846301,18.123842064788427,0.00782099,0.7036738165781428
geo-ec8936d1-9e49-4cbc-9767-f9ee76532da5,10.6981,31.5712,1.2817,243.4851,5.4079,-5.1431,-4.5341,2.8926,0,148894.50987075618,2588253.439924395,-39.25183783,110024.5717555324,38869.938115223296,2590684.4303667136,-41.54846561,0.030718082,0.5339765838448555,-8219063.093,-0.228635367,0.008019125,17.38313549754827,0.008483751,1.0445863770761026
geo-ec8bab51-459a-4dbe-aa88-94022d994fcf,9.8345,31.0398,1.3242,248.657,5.85,-5.2553,-4.1183,0.7301,0,80913.12402835206,1746241.6893155233,-73.64046144,40121.01951835821,40792.10450999312,1747028.0835486965,-72.61310389,0.016501404,0.3561281382645159,-6746956.525,-0.17148848,0.008320812,21.58168666,0.004104974,1.1235776249031135
geo-ecf4df3c-3010-4d9d-b45a-3ba3955a40bf,10.6513,32.3309,1.2061,256.4517,7.3238,-6.6294,-6.3116,0.5434,0,78416.22386350502,1524601.362391882,50.79329094816597,37056.285958657136,41359.93790484862,1525265.3473645824,52.5358444,0.016509343,0.3209816240864435,-4300970.481,-0.124374102,0.008709464,19.44242259160121,0.003078987,0.863306221
geo-ed14f829-a7e2-4f8e-8508-1752c7da3f5e,10.8218,29.2911,1.105,244.2609,3.2425,-6.9949,-4.4099,0.094,0,161345.88350558528,-1091122.999,876.0637874939243,123649.46659210794,37696.41691347744,-1091081.359,876.2820686785508,0.034943298,-0.236308703,2534781.4343135743,0.081092141,0.008164015,-6.762633017,0.001642518,5.519653419494737
geo-ed4affa1-2e1f-43dd-be87-0b9507df1b0e,9.4737,36.8858,1.3257,242.1306,5.2694,-6.4602,-4.4328,3.5525,0,104456.05433944316,2413085.893580891,71.23288573327454,64502.91176077815,39953.14257866469,2413302.579602164,74.31391077961042,0.021298684,0.4920303940938138,-7558901.872,-0.191432479,0.008146439,23.10144595103374,0.008134191,1.2127837433612811
geo-ed6af722-1678-4ba7-bb62-2e3da2e43a5a,9.9669,34.1466,1.3273,243.8352,7.5415,-3.2537,-1.6654,3.7947,0,528018.4391484705,3639394.305845664,284.2219067001645,493819.9055675904,34198.533580879994,3664712.3284321977,283.10848883310325,0.107617784,0.7417611201540177,-10033243.96,-0.26031383,0.006970118,6.892551539894856,0.017571877135416275,3.915066657464587
geo-ed6fcfd8-5164-49e4-9769-808646953b70,10.0364,33.4789,1.205,250.504,7.0692,-6.9247,-3.2337,1.9837,0,107700.22759514998,2353791.495821432,-177.7580654,67718.72470163209,39981.502893518365,2355190.728044246,-179.0079287,0.022686175,0.4958070012811898,-7513775.129,-0.214539226,0.008421733,21.855028056852664,0.00779646,1.1999551527619694
geo-ed9339a7-1a8b-4b7d-8f9e-0c3ff17533bb,7.7373,32.3001,1.0838,246.308,8.8059,-4.6713,-3.2083,2.2363,0,336164.87716750463,3250790.295239401,73.48911815820283,300199.9696183834,35964.907549120886,3260418.618979024,76.28728003554963,0.073241791,0.708264664,-7825572.575,-0.215137099,0.007835799,9.670225880318844,0.020637251,1.6839433163270792
geo-ed985ce7-8366-4ec9-8557-b5a1363553c6,10.7892,33.4009,1.3643,244.319,3.3392,-4.7626,-5.4504,2.3705,0,71344.00049985253,1387216.4195838803,211.9132202940852,30286.308484733323,41057.69201511882,1387609.5033927092,210.8114887745417,0.014399736,0.2799891996048053,-3791056.472,-0.099541236,0.008286847,19.444051495076206,0.002312829,1.0410972969827315
geo-edb4b9ea-04d5-4df3-8679-d81f85865585,9.6074,29.1601,1.0077,255.498,7.1736,-3.4249,-3.4134,0.2861,0,186301.74007188348,2745983.895504725,-156.8380913,147144.53825729873,39157.20181458564,2746840.828236897,-159.4679859,0.041484816,0.6114630820351891,-6332667.761,-0.205577277,0.0087193,14.739443090790234,0.012387530493874432,1.0178897742459032
geo-edefc57b-1d46-427b-85b2-b99916348ab4,8.3278,31.305,1.3186,243.6687,3.7769,-3.3221,-1.5917,2.7836,0,174662.08793040863,2819734.231840102,-82.67741939,136113.57262013198,38548.51531027615,2823552.3336504456,-83.92609319,0.035673535,0.5759113983148368,-10232535.59,-0.24033934,0.00787486,16.14393979398429,0.012677429054561307,1.054362152
geo-ee0722ca-ffaf-4b81-a805-ce0a5471a07d,8.4625,25.8197,1.3849,247.7147,5.7583,-6.1568,-2.6429,3.5416,0,215615.94732000225,2616270.358378422,-84.1406111,178489.15759077223,37126.789729230455,2622816.408061369,-80.9849739,0.043284884,0.5252160647951514,-7724475.13,-0.176886042,0.007453161,12.133937173466762,0.01037594,0.4016857207022905
geo-ee327d2f-693c-44e8-9ed9-c179d4fbfd8c,8.8933,36.981,1.177,256.4106,4.9475,-6.2393,-1.6679,0.2351,0,57032.19153475038,463013.4423286941,30.338400626426235,16056.120894298649,40976.07064045176,463065.33422318334,32.41081672024997,0.012106212,0.098283772,-3293041.78,-0.090410819,0.008697937,8.118457837036999,0.000345741,2.3078827598278906
geo-ee605933-569d-4790-a799-e71e95046adc,8.497,26.6608,1.2243,246.3696,3.3599,-6.5391,-6.2333,0.8262,0,142429.1027570275,-720392.7145,281.13406568996726,104430.99615841392,37998.10659861356,-719005.2722,280.4954568672432,0.029843767,-0.150946905,2451678.4917164883,0.063474929,0.007961861,-5.057903901,0.000853558,4.463230750459925
geo-ee824387-4803-4776-bd70-b8bfb6a58fed,9.3939,33.0384,1.2732,257.0878,7.3453,-4.7397,-6.1207,2.6976,0,239057.6818,3079568.634115795,30.892357645616286,200778.05293871276,38279.62891,3085955.4905148637,29.838105176144158,0.049432156,0.6367907333567868,-9649418.85,-0.253148543,0.007915389,12.88211535529012,0.013740345853733049,1.076418068137341
geo-ee96e845-c915-433d-a072-7786839d8b85,10.2412,28.6799,1.2938,242.685,4.7326,-6.975,-7.2784,1.882,0,75271.56047174532,608318.4109,10.759347997930384,35284.04580415415,39987.51467,609349.495,12.941069958494424,0.015475651,0.1250687934798216,59506.74456359338,0.001579123,0.008222996,8.081650055357223,0.00048618,2.089883232537635
geo-ee980f7f-d6a0-4172-9d8b-97496d4d274e,8.2497,30.0276,1.3401,248.572,8.876,-4.3663,-6.2734,0.9486,0,248278.42989512323,2987644.5947491145,-176.3859994,210889.9246275873,37388.50526753596,2991168.198753368,-178.9723891,0.05043165,0.6068664405065936,-10617021.59,-0.248216548,0.007594514,12.033444049131251,0.014210135371918162,1.158088209888957
geo-eebf10fa-1047-4f15-8b69-e477ee20cf48,8.1793,27.2152,1.2545,257.597,8.6109,-5.4973,-2.6353,2.66,0,359256.0633449213,3248810.154384258,94.16842496174174,322568.5098,36687.553562866095,3260882.154569084,95.35333682272343,0.074662084,0.675181194,-9196131.216,-0.228321116,0.007624519,9.043160257715924,0.017740859825866005,1.8126885514422024
geo-eeca968c-f45a-45cf-ae63-a7ff0c7f3ea4,10.4895,30.5389,1.1211,255.5834,4.549,-3.4741,-4.21,3.8477,0,246272.46482448705,2985856.0996085773,100.7975638964676,207985.59829543607,38286.86652904991,2993209.3436710974,104.49151256285798,0.053084442,0.6436062757969997,-6696647.967,-0.205003842,0.008254464,12.12419789,0.012570017447721751,1.0292866033413655
geo-ef1b0b7f-b901-491f-be61-1868777a7108,9.2624,35.2958,1.2804,250.8195,5.1256,-5.6477,-5.4158,0.0866,0,59996.30970538563,430352.5357,158.43309631779633,19213.46389486606,40782.84581051904,430344.4008829134,158.41120305604565,0.012379453,0.088797614,-2014747.129,-0.051361844,0.008416706,7.172983436001428,0.000270975,1.9691369542043995
geo-ef24e93f-0c87-43e7-a940-d91a016eb547,10.2207,29.8054,1.1196,257.2278,8.2682,-6.2184,-4.8073,2.0838,0,207098.3892901388,2763070.306181753,162.28182919782637,168540.39448404955,38557.994806089264,2767423.516318086,164.1225624,0.044668437,0.5959584291646841,-6874289.456,-0.211361752,0.008316416,13.341824220133262,0.011061178984861792,0.6745765685482299
geo-ef44c462-5200-4e71-8295-f1ab93030020,10.064,33.9457,1.1688,250.6686,3.9881,-5.3148,-2.2353,1.5828,0,65467.92067844118,1187181.0213098635,-6.632376294,24550.944150409417,40916.97652803251,1187654.6793404247,-6.295076721,0.013928387,0.2525743444519419,-4382199.018,-0.128788063,0.008705095,18.133782301425633,0.002017706,1.2614592678567227
geo-ef566ac0-e4ff-43d6-b066-4287d577f5ea,10.4706,32.7446,1.0371,250.7079,8.2287,-4.2808,-6.5807,1.5602,0,220553.8727989464,2927912.963799402,-469.4254737,182578.0075467268,37975.86525221992,2931828.897293462,-468.1400052,0.048697375,0.6464709693923903,-5592070.278,-0.185318774,0.008384868,13.275273413441488,0.012705057,1.5153591362798915
geo-ef598434-0c78-4164-b502-12609ea8bf39,9.6427,34.6273,1.3224,248.2999,3.0901,-5.6593,-6.6391,3.1901,0,70779.18956828432,1154318.5017558374,122.21954501845812,29806.34314535821,40972.84642292554,1154528.9274023275,126.11163843351476,0.014444579,0.2355727001584777,-1826827.598,-0.046791768,0.008361672,16.30872730807712,0.001831898,1.6423696146403863
geo-efb55d6c-a647-45ef-82b1-969db7790ead,9.1769,35.9876,1.0049,253.8366,6.4215,-4.3188,-5.5012,2.5142,0,157127.70966756676,2877394.878960932,57.05969579482984,117942.32430538388,39185.38536218308,2880278.228050975,61.35302901601929,0.035009613,0.6411121303010084,-5505242.807,-0.172226756,0.008732656,18.312459877691857,0.014256802,2.3935432852624516
geo-efb5de28-aa89-411d-a053-ede7b2689e9b,8.0693,35.3355,1.2053,248.4918,3.5897,-5.914,-5.532,2.3416,0,62217.360143965096,799237.7003464442,-32.45616077,22012.33381953589,40205.02632442898,799654.4815813482,-30.99850374,0.013101789,0.168304208,-1860775.779,-0.046863821,0.008468121,12.84589539795787,0.001117389,1.5151759226833574
geo-efce008c-00de-4e5b-870e-291852d7b3fe,9.396,31.546,1.3976,250.9927,4.0245,-6.3774,-4.2565,1.0468,0,64410.91637956049,228195.19523381992,-38.53794032,23720.25048340048,40690.66589615968,228577.28139687085,-36.67776063,0.012885091,0.045649342,-830017.7866,-0.019520643,0.008141614,3.5428031156879025,7.059535972854681e-05,2.2090144211069944
geo-f02c0309-2b9c-4015-9c4a-19e798dc12f9,9.6686,32.2499,1.2452,242.3681,6.0271,-5.6803,-4.8878,0.1435,0,65471.30492064093,1072771.859777528,-117.2019212,25093.387986375088,40377.916934265966,1073037.149290535,-118.9449778,0.0136408,0.2235096219872502,-4159317.092,-0.113068024,0.008412605,16.38537464737959,0.001644671,1.3141766160263166
geo-f03a1bf2-7fec-43af-86f4-4843131e8762,8.7374,33.4265,1.3946,247.8474,6.3926,-5.3018,-2.4658,2.1888,0,166799.72294868212,2914050.2345379204,-257.690624,127899.31390071516,38900.40904796648,2917409.2076145075,-258.7420468,0.03339354,0.5833969700907506,-11806148.42,-0.26835126,0.007789489,17.470354165003375,0.012399274,1.5635936839972657
geo-f04f5954-c276-42df-b3a8-9d0b3a36ac88,10.8749,32.2297,1.3342,246.125,3.9702,-4.2837,-2.1389,0.9557,0,70240.24937311013,1410790.6577866415,83.41757060608053,29149.78562087242,41090.46375223806,1411328.9066929242,84.03950579937907,0.014286886,0.2869552051842591,-6445021.091,-0.170974314,0.008359499,20.085217099566883,0.0024102,1.6982704450795798
geo-f062ab8f-499d-4eb2-aad4-e2b765e44222,9.1351,30.9763,1.095,242.478,3.5837,-6.0896,-6.4399,0.6299,0,97205.37937462553,-505274.9691,73.42025310598399,58743.49553497064,38461.88383965528,-504849.2028,71.55348690904307,0.021111596,-0.109738383,1946786.526217108,0.057659733,0.008353318,-5.198014476,0.000419618,3.653672487866174
geo-f06e7459-d398-4ce9-ae2b-db9b6040c592,10.7221,29.3271,1.3473,241.6608,3.3768,-5.4734,-4.7707,1.7347,0,65177.44656572377,742416.7912655966,31.222728150346725,24636.54513778527,40540.90142793896,742950.64,30.979949498995666,0.013214064,0.1505174499324925,-1713448.256,-0.045423308,0.008219212,11.390700777406963,0.00067258,1.5690462032573211
geo-f0785c73-48d2-4203-9860-1e1baceff66f,7.8851,36.227,1.2526,256.3955,5.7897,-4.909,-7.064,1.5273,0,85152.54287,1731608.4286155913,-44.81455556,44462.69407501661,40689.84879074515,1732741.1140940192,-42.36622858,0.017702178,0.3599803314044247,-6127458.735,-0.147182237,0.008460633,20.33536956547953,0.00523119,0.8271464741592912
geo-f099389f-9f4d-43b4-973d-f895fd59b924,9.8728,25.0656,1.391,243.1168,8.7646,-3.8199,-7.0635,2.49,0,428243.0280665362,3435855.0196048035,-221.0765407,392403.4300660504,35839.59800048611,3450197.610729739,-220.2860534,0.085833078,0.6886510555468603,-8988998.614,-0.221326884,0.00718332,8.023142922179634,0.015290025967777147,2.4374247767946833
geo-f0e815cb-2a86-4403-bc30-f5533beb584b,9.4186,36.2804,1.2105,242.0441,7.6972,-6.8601,-7.3561,1.1101,0,82712.24665859158,1717028.0922412171,103.0830460015304,42553.60852689918,40158.63813169176,1718065.9434704497,101.52905482265808,0.01739285,0.3610591399177951,-4698571.821,-0.127342123,0.008446321,20.75905517750645,0.004405756,0.9663880192135215
geo-f114ad90-d854-4d5d-9ddf-717aa93418d9,8.6571,29.6358,1.0901,250.5475,7.3378,-4.6071,-5.5037,3.5725,0,326135.58437338733,3178028.0037747608,601.9146299626753,289451.10853363504,36684.47584,3190155.871566968,600.8474500053188,0.070915372,0.691034803,-6298511.56,-0.179352926,0.007978334,9.744499392,0.017558100629670646,1.9279669900101721
geo-f1315916-1d42-4417-bd13-1b0b1d4f47ef,9.8045,36.7457,1.1104,244.6927,5.9079,-6.3508,-6.4591,1.6178,0,69796.20194969267,1296261.7928968023,-80.12095455,29545.553512748236,40250.64844,1296932.540291639,-78.6201759,0.015089953,0.280252064,-2507577.094,-0.074822777,0.008703955,18.572096427698426,0.002549895,1.3674141358445517
geo-f1555145-21e1-4caf-8ffe-191ad5f97a71,9.2421,28.9896,1.398,241.9967,7.1216,-3.9024,-6.3578,1.4365,0,213328.2587156776,2785994.010641595,-94.6179672,175815.29120335128,37512.96751,2789822.284143459,-95.04979858,0.042679683,0.5573820452161846,-9631652.283,-0.228258608,0.007505021,13.05965757848685,0.010700040305521711,0.8496492906327718
geo-f15c0dce-49b1-40fa-b2b2-4f0f9ae7fe63,7.923,29.1584,1.2203,252.2328,7.3115,-6.861,-4.914,3.266,0,193254.6310857727,2623685.8590166843,136.36258030695305,155628.4084281274,37626.222657645405,2628716.937001937,138.7129093,0.040537633,0.550351694,-7292205.725,-0.182862962,0.00789254,13.576315580516182,0.012168613199461446,0.6449666687170462
geo-f1985dad-7c1b-4cf8-9c12-56115ef64fac,8.4183,29.9474,1.0826,255.2737,7.21,-5.3784,-1.8345,0.0343,0,106637.75323456668,2101613.2960147425,-192.6832043,66571.6289,40066.12433160853,2102135.168428719,-194.2249224,0.023236746,0.4579490164241772,-7606463.527,-0.214813537,0.008732314,19.70796676,0.007929759,1.2165034816510742
geo-f1a08b19-9e45-4fa1-861e-1eabaf1398f1,9.5077,34.6405,1.0332,250.8369,3.6884,-5.798,-3.3515,3.2868,0,75425.85782,1642896.844488013,-143.6569913,35045.03997642859,40380.81784736407,1642709.3938486206,-143.9765095,0.016672383,0.363151395,-2612730.522,-0.082753002,0.008925864,21.781612989090473,0.004415197,1.887845454062221
geo-f1b15bf7-076c-479d-a918-a37f1c83db35,10.5286,31.221,1.0376,246.5023,7.5762,-3.7253,-2.8272,3.3479,0,420843.77398012456,3341440.391623636,55.85586724249055,385632.5097879539,35211.26419216972,3358369.146961095,52.515589686875856,0.092907213,0.7376702065080469,-4420062.143,-0.146828121,0.007773343,7.939859392529477,0.016451442633837566,3.239338689071785
geo-f1c2a755-7e24-4af8-a1ee-481904c2ab61,9.3639,28.1619,1.3937,250.0004,7.7922,-5.3211,-4.8013,1.7281,0,224096.3817096622,2805073.206970099,31.60821386963352,186314.8403842358,37781.54132542656,2809767.2423413717,29.628868272803945,0.044884225,0.5618276238731222,-9523194.753,-0.227898338,0.007567218,12.517262374206194,0.010729995446926538,0.8671296362431654
geo-f1cafcc2-eeda-479c-a23d-5f3e7c57036d,9.2344,35.1048,1.3144,253.9519,8.9079,-5.3767,-2.084,0.8433,0,221217.6947645096,3179584.6126885726,169.07673256060235,182526.9568646897,38690.73789982077,3182455.4724108875,172.62553968921276,0.045232663,0.6501337100030843,-13160846.21,-0.326538589,0.007912742,14.373102549835796,0.014569572704684036,2.4843921783754266
geo-f206c488-6295-48c9-819d-5286f4a7baec,9.8962,26.5738,1.1096,246.2237,5.6521,-3.4181,-5.0565,2.0078,0,205108.8739959412,2611112.2107014027,36.44443626543118,167069.9575403244,38038.91645561637,2615354.9352492485,36.021947877426626,0.044363747,0.5647669955048512,-5948933.009,-0.181359269,0.008227533,12.73037172810518,0.01025936,0.7194191349036189
geo-f24c7b6f-4d84-4e7e-9fc9-64db1b4c041c,9.1651,37.1715,1.0029,251.5195,6.9776,-5.7435,-5.5067,1.7722,0,95973.51204405147,2164586.839,211.4353565448637,56082.63227651531,39890.87976753612,2165913.396604109,211.12960759452727,0.021400684,0.4826710893584473,-3787709.654,-0.120536215,0.008895034,22.55400258801018,0.008091248,2.2111428774566777
geo-f24f6b39-f5d8-4fb1-9f4c-c098708ee10b,7.6142,25.0031,1.252,240.5848,4.9234,-4.0714,-3.5924,3.1175,0,222740.58793676147,2620404.5896681054,-24.13886009,186123.59316791347,36616.99476884844,2627100.679647252,-30.03132695,0.046312572,0.5448386298167163,-7190748.57,-0.16980661,0.007615,11.76437852634236,0.012409709962010667,0.70425645
geo-f280de0a-fd5b-4f47-94e8-f163da49ad75,8.9981,32.0416,1.0014,240.3788,8.4744,-4.9978,-7.3353,2.145,0,221458.56306322428,2863564.087524295,4.484274428,184531.18354846883,36927.37951475584,2868503.537863913,0.7264027271675957,0.049403495,0.6388105905799525,-4334522.323,-0.136831059,0.008237803,12.930473529293067,0.014435888765127771,2.50101268
geo-f2bdcde2-44bc-40e0-91a2-ae21f897692f,8.0472,28.4774,1.1898,247.7849,7.0029,-5.3739,-6.0724,2.2946,0,177671.13660581456,2507043.887,64.05235357756536,139952.6430234382,37718.49358237684,2510928.823,62.157159339127645,0.03758144,0.5302961534144414,-6999266.4,-0.181027383,0.007978267,14.110586194328894,0.011123521177577917,0.5625678435591825
geo-f2f8b7a5-ac7f-4563-8e9d-616d0fbe5e2c,7.9873,34.3967,1.0696,255.0273,7.6289,-6.9707,-4.6279,3.3695,0,168103.0729783286,2770963.718769944,-271.3329823,129730.71880724833,38372.35417108024,2774267.925111687,-275.9132106,0.036773329,0.6061611943435886,-6518989.812,-0.184070809,0.008394087,16.483718409640122,0.014642876197746907,1.5740251857657879
geo-f2fdf08a-9742-41fe-90db-040c16e3a804,7.6228,34.5917,1.1018,256.4663,6.6826,-3.2426,-4.0221,0.0081,0,112117.12940433776,2278036.477865405,-102.8933678,72071.79110540145,40045.33829893637,2278622.460604131,-100.8585027,0.024298505,0.4937058362071224,-8981553.886,-0.237859825,0.00868055,20.31836250150425,0.010178226807516502,1.4788966158750105
geo-f3366e9a-568a-4579-9689-7ec18f483efc,10.2006,36.1647,1.2793,247.1039,6.9567,-6.553,-4.2399,3.6681,0,182317.0759107251,2994367.511729253,125.44955524650116,143965.04009742226,38352.03581330119,2997841.896474491,131.52329347654495,0.037629851,0.6180309884286596,-10496523.54,-0.281045614,0.007917376,16.42395533589792,0.011919139764876607,1.6374918557079396
geo-f33d7c6a-92bf-4181-a31c-c930c9c75569,9.9445,34.251,1.0077,254.1334,3.2196,-3.8867,-4.5334,1.0905,0,60030.21013869191,760500.7865628967,44.24879641,19313.018859224347,40717.19127946799,760736.7505190596,43.88421577411653,0.013364483,0.1693097443212261,-1994150.536,-0.064803713,0.009066669,12.668634422665608,0.000917553,1.4318000235012887
geo-f356cd7b-efc8-455d-89e9-d001607be11f,9.5978,29.6239,1.1414,251.5549,5.5172,-3.0904,-5.5402,3.204,0,273374.5843366837,3043397.251781591,-153.7987377,235664.1773483631,37710.40698831876,3051994.0774297835,-157.5831879,0.058605037,0.6524322993108324,-6965336.231,-0.20411632,0.008084176,11.132700061222247,0.014117225036072628,1.1276176034486924
geo-f35bae42-da55-4132-929e-9d555ff34f98,7.5789,28.0577,1.1649,243.8573,4.7736,-3.4449,-2.9834,2.8468,0,217700.3902954464,2775820.981752886,-600.9901027,180375.1768327673,37325.21346267896,2781749.157579134,-603.88478,0.046366073,0.591197464,-7584994.363,-0.194018977,0.007949524,12.750647704332398,0.014679426,0.7578173979421677
geo-f378cc87-4d19-450a-9f72-edfaa5cb76f0,9.9269,25.4983,1.0622,256.8896,3.9983,-3.8991,-1.5551,1.6633,0,125477.1864923189,2096885.7424266888,55.59102022163432,85616.52025,39860.66624381146,2098612.159915596,53.42149002306219,0.02750092,0.4595758659990989,-5391619.003,-0.167936467,0.008738053,16.711290721800093,0.00677253,0.6072462424123043
geo-f39f0944-c880-4a4f-8719-db08cfa4e9d1,9.8924,37.2672,1.3519,241.5068,6.5456,-5.8265,-6.342,0.0743,0,66567.77239,1055525.094882639,-4.950520869,25777.229431918848,40790.54295779079,1055779.1926816383,-5.330816417,0.0134768,0.2136935029296397,-4109109.269,-0.102597475,0.008259807,15.85639802851233,0.00146937,1.287796131672124
geo-f3bbf035-bb33-4089-8104-15d2491f7015,8.6297,29.9024,1.1643,247.492,6.0156,-6.607,-5.6207,1.4088,0,73546.86331998861,1352325.380114031,16.344168072368262,33528.621785928524,40018.24153406034,1353135.5529805054,15.42197930312119,0.015666697,0.288067643,-3589222.367,-0.098012675,0.008524502,18.387261115818227,0.003060859,1.0284756173025014
geo-f3d8e2c9-2924-412b-88ce-4eac2e288706,10.9441,31.6241,1.2079,242.3692,6.0885,-5.9548,-2.6175,3.428,0,198742.18875509588,2875242.046012214,84.12235333719688,160840.01323125814,37902.17552383762,2879865.696842708,81.29723496847993,0.041821532,0.605040266,-8757085.451,-0.256341496,0.007977406,14.467195234300739,0.010647278916390765,1.184986055425147
geo-f415dd33-3415-409f-b487-1a33d57f2923,9.0257,30.5007,1.146,242.5109,7.6342,-6.7697,-6.3854,3.6801,0,216885.7520032712,2789089.6115144053,-94.86720263,179777.32636280335,37108.42564046828,2795077.1478153644,-95.44639491,0.046426007,0.5970253548715656,-6352481.462,-0.177002038,0.007944938,12.859718011685434,0.012570564593639427,1.1411285179260282
geo-f43c4b06-a182-4e2e-96ad-2675a9573151,8.3674,33.0193,1.3556,247.0686,3.7604,-6.0466,-2.4639,3.1037,0,82372.45155498992,1752825.5013780762,20.072456,42010.82236724223,40361.62919,1753129.660211287,16.85351249415146,0.016663715,0.3545916528038836,-6013165.679,-0.139949042,0.008165001,21.279268351117878,0.004783179,0.8779436024540513
geo-f44a2dcd-5a17-4aaf-be18-e34cee25e233,9.8954,28.2823,1.1534,240.7145,8.4115,-6.7254,-6.834,1.2161,0,136780.1269369135,2121548.476271855,169.29481170981566,98577.21981621516,38202.90712069869,2123161.2137762434,168.69321279252708,0.029224661,0.4532934440319104,-5373019.694,-0.158423393,0.008162451,15.510648540707672,0.006609607,0.5317591606767232
geo-f46b9df0-738f-4c56-80c4-96b298d0392a,7.5451,32.2339,1.2675,241.9875,5.8316,-5.6678,-2.0185,2.845,0,161694.77236498566,2768457.3172479514,308.0956964722023,123607.07297135216,38087.69939363477,2771845.5459747864,309.09723192126734,0.033479501,0.5732193270683088,-9721876.832,-0.225874264,0.007887791,17.121501683424007,0.013862028170244059,0.9962619824611051
geo-f4c3056c-a153-4514-9a56-0208d3330c6c,9.5862,34.8253,1.2698,247.3362,5.9113,-3.3689,-2.0336,2.5534,0,262335.1769347751,3265134.441,205.00642739855857,224847.1406023444,37488.03633,3272396.751236117,199.81936630936264,0.054283847,0.6756396908749863,-11018740.04,-0.288061689,0.007758798,12.44642246991422,0.015157722460544707,1.6419307504268965
geo-f4d4078a-a1b6-4433-8831-7bb0291b19cf,8.4867,29.8748,1.3279,248.1125,8.7768,-6.2171,-4.8694,0.3358,0,138393.54274634412,2375928.0518687936,-845.7674037,99542.04441526928,38851.49833107483,2376852.563483962,-847.8051036,0.028196276,0.4840711695572545,-9303435.433,-0.21905751,0.007917196,17.167911195275526,0.008788803,1.0744636718188332
geo-f4d75671-f07e-47f9-9253-63d3a15ddeac,9.4985,25.2292,1.3702,240.6865,7.1093,-6.5627,-1.7961,1.2671,0,155018.6856473739,2173155.149462993,-39.18768501,117222.1342,37796.55143082395,2175436.9197975216,-39.01884048,0.031233394,0.4378505073187834,-7765836.051,-0.187419999,0.007616843,14.018665816883153,0.006424611,0.6845764892330153
geo-f4f5b4a0-4979-4073-bd6c-55c3cd888707,8.1096,33.0546,1.1479,243.3526,8.2335,-5.6908,-6.4439,3.4247,0,270274.8282318421,3098858.0163707905,192.2552804924548,233872.70727408343,36402.12095775939,3107653.921533516,191.96543784790637,0.057823749,0.6629828909189416,-7912042.483,-0.20866751,0.007789597,11.465581299759778,0.017252631087948857,1.1412970786635808
geo-f4fa65d7-59c6-47b9-8e27-e1fc91d646e1,8.7124,30.1536,1.1077,244.5152,6.8728,-6.8412,-6.9874,1.9156,0,95111.77966262928,1935766.4630797275,88.42459624829485,55696.094067607344,39415.68559502185,1937129.0114808443,90.16018489086352,0.02057881,0.4188310831935535,-3984516.747,-0.112306446,0.008529876,20.352541714034512,0.006408998,1.639427887307245
geo-f5e25c58-d518-42cf-9d52-ff5225cba2f8,10.7765,28.4758,1.2753,245.4641,6.5678,-4.4836,-1.6112,1.3809,0,210007.8837268629,2781698.345053913,-31.34833209,171803.77655039093,38204.10717647184,2785149.592162079,-33.95330444,0.043400756,0.5748727540594174,-9579219.633,-0.268740054,0.007895315,13.245685331850703,0.009761484,1.6733686059175765
geo-f5f290b6-9f3d-4c3f-ba2f-04b2a199f8d4,7.6359,29.3935,1.3515,251.7275,5.6085,-5.4861,-1.5036,2.267,0,154136.4622497625,2541258.116442196,33.85592691034202,115254.68156548476,38881.780684278194,2544437.778438652,33.468729810618726,0.031215037,0.5146443936768916,-9256104.395,-0.206424601,0.007874125,16.487066585999173,0.011040897735271995,0.7309365068286063
geo-f63f96f5-d700-4804-b6c5-c012a4ff4555,9.0485,27.7402,1.2267,241.9608,6.1376,-3.9055,-5.6432,3.2302,0,282067.0618297229,3005023.351917996,-108.6742359,245301.6563971468,36765.405432576015,3014377.573,-104.5820206,0.059051837,0.62911333,-7677124.078,-0.201450481,0.007698535,10.653577672007907,0.013922951544802421,1.050854834618732
geo-f672f0b6-7f4e-469d-a11e-8f7c2af7d746,8.4218,34.2454,1.0567,252.6683,8.1171,-6.943,-6.1841,0.926,0,85983.18992022658,1809385.7936081048,76.46540593792884,45805.67772,40177.51219712171,1810464.079279243,78.16918231361612,0.018878496,0.3972693,-4353271.641,-0.127465516,0.00882134,21.043482979484935,0.005965065,1.1943301875807457
geo-f696087a-3d60-450d-922b-077e85a3697a,10.6971,36.7477,1.1158,245.5984,6.6973,-5.7549,-1.9441,3.7741,0,226084.3404655677,3074861.8700053226,-526.5273706,189195.00720920565,36889.33325636202,3080910.887180358,-534.723967,0.048815485,0.6639153980071693,-8129394.204,-0.256452245,0.007964998,13.600507950587687,0.013116246,1.0997643049858288
geo-f6ad9434-fb98-4859-8e81-d5eb83904221,9.0713,29.6161,1.1256,242.0698,6.153,-5.8341,-5.986,1.8992,0,101651.2965,1973610.7599115127,-327.2947801,62834.01927,38817.27719380277,1974866.962937216,-327.3468284,0.0218835,0.4248790942793106,-4733289.011,-0.134287807,0.008358274,19.41550013235691,0.006334485,1.1659537031521459
geo-f7362104-da8d-487f-86b5-455556acc72a,9.6784,34.1168,1.2968,240.4394,6.2041,-6.7178,-1.7727,2.8665,0,129350.56313897076,2674515.9476098134,540.7426151636673,90427.88032485564,38922.68281411456,2676258.9125728738,541.4741218130572,0.026578352,0.5495470892817336,-9659309.88,-0.252683273,0.00799761,20.676492492239085,0.00993245,1.533961516676153
geo-f7482d28-3aab-458f-aeda-5a18f8a7c90d,9.1002,28.8024,1.3787,253.6196,6.7113,-3.9771,-6.2622,0.0569,0,117847.72085498452,2144224.4522203286,165.93281764602295,77716.78165831292,40130.93919667183,2144611.665256029,166.13461312152455,0.023691363,0.4310613714082777,-8446429.922,-0.198264704,0.0080693,18.194874170361548,0.006499462,1.0209823263103557
geo-f77447db-af40-42e5-87f1-0108aecfcd3c,7.7729,29.4226,1.3078,240.9352,6.5341,-3.0258,-6.9521,2.4813,0,269052.7707293153,3022896.754938053,16.144515934352228,232693.8197877719,36358.95094154385,3030639.514809104,18.445835259642195,0.055110289,0.6191823061083449,-9468278.118,-0.216602201,0.007448936,11.235330328485245,0.015700162,0.8656434560464725
geo-f7c83575-e99e-4d1a-a9c1-273764d93f7e,9.9534,36.4156,1.014,253.6678,3.618,-5.4494,-6.6711,1.3877,0,60968.488831808434,266751.69053090806,53.95616279930197,20456.903298747435,40511.58553306133,267057.5625673419,55.74412735,0.013548656,0.059278604,863975.6015226131,0.027954688,0.009004461,4.375238678898413,0.000112376,2.4199559356912963
geo-f7eaf52e-8297-433d-a3c1-acee5a93e493,7.7477,35.271,1.0925,241.0427,6.442,-3.0292,-3.1335,3.8826,0,390018.2911939006,3401428.862844577,-417.859365,355192.2389404587,34826.05225344254,3418231.242848497,-413.4265569,0.084766154,0.7392628729090874,-6842309.45,-0.186988177,0.007569017,8.721203440054882,0.022453038587726976,2.4495806778294824
geo-f80eca5d-b7e0-4698-9234-b5a87ec15db5,10.775,29.6859,1.0321,251.6811,3.2332,-3.4491,-5.3101,3.1177,0,119058.50433076946,2293942.0197801567,-73.85636956,79204.78491832833,39853.71941,2294983.049340437,-74.28773014,0.026319959,0.5071158924377838,-3597390.32,-0.119447366,0.008812139,19.267351229334288,0.00759709,2.258004628836852
geo-f8477411-29fe-43e6-9001-b4c518a76734,9.2884,25.93,1.2757,247.2955,8.6993,-4.6906,-5.1382,0.3212,0,219863.6344919669,2646349.961,410.3670022662416,182093.7206228463,37769.91386912127,2647520.326521358,412.37017649492014,0.045423275,0.5467292647066258,-8669834.319,-0.222115387,0.007804745,12.036324093855466,0.010243629434604117,0.879401297
geo-f85484b1-7b09-4df8-9b84-b04e6cc31fe9,7.6761,36.2947,1.2004,255.0463,5.2706,-5.8713,-7.4624,1.6235,0,69024.68208799747,1040910.3847266895,221.77338147247747,28549.832039449488,40474.85004854885,1041601.4198091612,220.1725981297328,0.014554814,0.2194904210810728,-2939631.117,-0.072477517,0.008536408,15.08026336723521,0.001997748,1.2336784187239311
geo-f8a93f31-ab5b-4743-9147-16e0dad7f0e2,8.6394,27.1949,1.0677,254.8596,5.5564,-4.9452,-4.539,0.3806,0,75343.84827444254,1332577.3249364262,176.99112230922594,35176.472924939895,40167.37534950235,1333016.696465762,178.98021021105205,0.016487314,0.2916047007591993,-4255512.165,-0.123138021,0.008791505,17.68661085749792,0.003132965,0.9132341640473828
geo-f8cfc0b1-05dd-40c2-a7b6-0588421c8bfc,9.7233,27.8192,1.3818,242.4612,5.5295,-4.4431,-1.909,3.3289,0,286713.13863474265,3064400.0199421938,-264.7687594,249789.0829471849,36924.05568755787,3074173.9465348646,-266.538843,0.057604254,0.6156762776299557,-9490038.31,-0.233481841,0.007418465,10.688034857886583,0.012409128514343191,1.1627093113998481
geo-f8da705c-51ca-4c37-a3f0-208f41cf497b,9.4443,30.1597,1.3661,246.5989,4.5077,-4.1311,-5.7464,3.4293,0,178748.4830960144,2671464.018311433,101.24868632412372,140339.60993868374,38408.87315733135,2675380.664425492,103.6643586360371,0.036060713,0.5389410590606326,-8236531.966,-0.202066204,0.007748564,14.94538007842259,0.009789554,0.5746220078612994
geo-f8ea880e-8765-44c0-9fc3-e2f3fd334928,9.3443,28.6648,1.3937,253.7145,7.9667,-6.0065,-5.3045,0.5124,0,130008.77140057329,2191643.046338395,661.6815638644989,90515.30575724658,39493.46564332698,2192639.454,665.6147470749336,0.026039434,0.4389638038831679,-8369245.632,-0.200073589,0.007910098,16.85765523916591,0.006563882,0.9706676390033495
geo-f94f69fb-90e0-4a51-bd5c-7ca3d286af54,9.4693,29.8013,1.0323,255.6335,5.1259,-4.7614,-4.3985,3.7871,0,200430.8678416878,2725814.268403886,95.49240145535288,161966.59184024704,38464.27600144074,2730652.861,96.96535012,0.044315371,0.6026789750268784,-4336494.753,-0.137166152,0.008504427,13.599772818211324,0.012209681453724221,2.214577154341769
geo-f95761b7-db21-49d1-a5ae-7c2161fda7cd,8.4934,27.7557,1.3408,246.1974,8.823,-5.7753,-7.484,3.298,0,332402.8275261845,3188060.2499053213,-150.4588586,296460.5486707029,35942.27885548161,3200397.215519108,-153.2934918,0.067492986,0.6473221253082828,-8601042.655,-0.200649543,0.007299401,9.590954065076943,0.015703969827407734,1.4353311244925717
geo-f9807674-1cf0-4103-98ad-cb83b2fb348f,9.9754,29.0224,1.2427,244.9649,5.024,-5.6352,-2.9192,2.0457,0,102829.28331210549,2163218.532659524,8.005916340829756,62885.83378097947,39943.44953112702,2164606.578463543,7.122125474494027,0.021438772,0.4510072174309454,-6645946.637,-0.183856579,0.008327725,21.036989298989422,0.006490629,0.9433133781418912
geo-f9979360-cefc-4cf8-bd2f-d7589f974c5d,9.5544,34.8393,1.2675,251.1549,4.3169,-4.6825,-6.5525,0.4223,0,61980.957443044186,509628.3520032236,-215.5957679,21108.378200244835,40872.57924279882,509727.0312712892,-217.3453397,0.012836045,0.1055422971836453,-1697516.84,-0.045106066,0.008464527,8.222337521512832,0.000371108,1.812788048763721
geo-f9bef5c9-38b8-4bae-b486-5b83b6535592,8.6424,31.9703,1.15,252.6354,3.2357,-5.5739,-7.2519,3.4354,0,75013.07458614602,1306470.1378230085,-86.33584409,34539.60393839453,40473.47064775137,1306612.8203144968,-88.78508245,0.016042568,0.2794064328678426,-1564347.955,-0.043217348,0.008655757,17.41656565,0.002875336,1.984057545948237
geo-f9d04ff2-b468-4111-841d-e76f150c6f77,9.9485,28.2076,1.1549,251.8213,5.8864,-6.5752,-6.2952,1.3482,0,74860.31766267642,1266041.7697231912,-70.95118594,34367.049481566384,40493.268181109685,1266816.4735120863,-72.30683161,0.015988112,0.2703918274259778,-2546328.595,-0.07519378,0.008648207,16.912054466934467,0.002339266,1.2691274148025409
geo-f9d71431-96fd-4a61-96fd-fd77314eb279,10.0337,34.555,1.0204,252.1391,5.533,-5.9864,-5.1867,1.3042,0,66409.88630953325,1189873.7040723965,-94.01082691,25800.559970273105,40609.32633925966,1190418.475902931,-96.02353266,0.014730617,0.2639301853554303,-2079618.176,-0.067230284,0.00900952,17.91711701668128,0.002209872,1.4178478753368853
geo-f9ef7d46-1b3b-4d51-9727-105f7cf86fb8,10.0494,36.6322,1.2031,247.696,5.562,-5.6911,-2.2151,0.6772,0,66344.53924899403,1269835.7473133125,103.22451919205513,25485.23514430837,40859.30410468664,1270342.1024823438,103.94168653489736,0.013979317,0.2675643920333878,-5834527.35,-0.1642579,0.008611115,19.140019083523086,0.002267601,1.755632905701826
geo-f9fd904c-ff24-46fe-b164-e91ccfe229ec,8.2912,28.5281,1.0529,255.6538,5.0134,-6.2514,-3.1025,3.8859,0,153632.1756888458,2346934.6364969523,8.087556623497903,114863.24889675218,38768.92679209379,2349572.429849944,10.306410611493163,0.033768162,0.5158533338325473,-4385916.82,-0.1277913,0.008521317,15.27632233,0.010216101973480437,1.770745528586806
geo-fa29e95c-b0ef-4df8-9ab1-093d37ac8fea,9.8299,28.4088,1.1916,249.0474,8.8586,-6.0837,-5.7687,1.6619,0,222364.61359998744,2751592.756073922,117.48182806902918,184501.0719101369,37863.54168984939,2755890.690391585,120.88052054669204,0.047011841,0.5817357293258232,-7488359.16,-0.213765214,0.008004985,12.37423847044196,0.010958535130077843,0.6119053243069695
geo-fa2a7094-7a8e-4886-b686-5e4e7edd87ac,8.1609,31.6668,1.1416,246.2837,6.7015,-3.3313,-5.4277,2.2057,0,244052.16178895324,3037560.3423242825,-441.1369093,206771.9159,37280.24593279122,3043615.825835267,-442.3647907,0.052316087,0.6511447019714773,-8280166.2,-0.223713265,0.007991514,12.446357041291233,0.016537394766286618,0.9239026048376675
geo-fa3a9b87-797a-4b39-bff7-aacfd78ccc69,10.7268,27.1645,1.1478,251.3439,8.3597,-3.4015,-1.9609,3.8324,0,614014.3788246401,3724325.683486162,64.59931421531871,579608.1788046598,34406.200019979355,3755131.4417258375,61.48312717472669,0.1313957256416584,0.7969853680695143,-6375834.439,-0.196565217,0.0073627,6.0655349645318575,0.018848666939347447,4.936112181178738
geo-fa42e317-9f8c-4ed3-8118-1c1cf8230275,9.0348,35.1887,1.0417,242.8214,7.55,-6.7535,-5.4786,0.6217,0,72591.03423740114,1476348.5263735305,-200.9952997,32762.37908707777,39828.65515032399,1477035.5496999093,-204.1691575,0.016006658,0.3255416597445789,-3441594.736,-0.1055742,0.008782356,20.337890786144325,0.003733746,1.1039624822045708
geo-faad99ec-ff39-4d79-99eb-c386262be6eb,8.5436,32.7492,1.1407,243.7221,8.4864,-6.1068,-7.4901,1.8169,0,152520.07101826527,2542263.2159974817,-786.8491069,114486.37964109868,38033.69137716682,2544869.3867781763,-784.8684194,0.032696299,0.5449944829010727,-7041239.326,-0.191653038,0.008155071,16.668384685534452,0.011066070480014959,0.9129094253809561
geo-fac5466c-1107-47a9-8e64-f24ecf53da9a,9.3109,31.466,1.2323,250.4595,5.3119,-6.3197,-5.1673,0.8956,0,63847.35643447624,797791.8118399762,170.69752251847893,23238.62197966997,40608.734454806254,798214.5186600222,169.6000588786644,0.013346342,0.1667665365192371,-2587492.641,-0.068582754,0.008490367,12.495299044350038,0.000950772,1.4487570625092252
geo-fb0c2173-3162-425d-a1fa-0d9f7852fbfe,8.3242,25.0998,1.0282,249.5473,6.2208,-4.5448,-4.0281,2.7125,0,233890.3242281603,2646555.621349023,-109.2773772,196455.23301149512,37435.09121666536,2653018.3366837786,-108.8905097,0.051763579,0.585724063,-4581339.452,-0.134101721,0.008286643,11.315370270585902,0.013118789,1.875558109
geo-fb824710-2f19-4d5b-9a28-04e1a8aa0bfd,8.9726,26.4084,1.3429,250.1382,7.7322,-5.4036,-6.809,3.9472,0,353383.5803579884,3230266.763449054,-4.13239931,317096.57282395585,36287.00753403321,3245020.4607147565,-2.239047771,0.071728127,0.6556642589726014,-7858926.926,-0.191214434,0.007365326,9.140964501,0.015250877786860444,1.6921294630798396
geo-fbb47650-9eca-4d38-a442-64ed9992df79,10.2597,33.7437,1.1989,244.8126,3.7331,-6.89,-5.4013,1.0719,0,76204.48321470837,-338648.2426,-70.18067789,36532.69196768614,39671.791247021945,-338104.7537,-72.4559691,0.016078718,-0.071452877,2439000.541490648,0.070737339,0.008370481,-4.4439412,0.0001584,3.219586795017285
geo-fbb6b507-b2ad-4b9c-8261-428d8bd11f03,9.3273,25.1223,1.0951,252.2941,3.8586,-5.0626,-3.8899,0.1304,0,75158.88163876477,100310.65231428995,-75.13982886,35426.24482733666,39732.63681142819,100276.33308037635,-73.96698073,0.016322956,0.021785401,-1355847.244,-0.040574511,0.008629062,1.3346480166696952,1.6196654003428282e-05,2.718914054837301
geo-fbba8565-16cb-4e17-84bd-94168a095bea,10.4117,29.4979,1.0067,254.9728,4.3936,-4.1211,-7.0599,3.1696,0,133686.9195610861,2238138.273970909,-337.4393256,94181.53224,39505.38732397539,2239870.9568905486,-333.9240017,0.029771243,0.4984194340453025,-2514807.328,-0.083684813,0.00879938,16.741639954896478,0.007594836,2.833878270362378
geo-fbbedcb3-201d-42fa-9c9d-0e911ef36bba,9.9373,35.9317,1.1281,251.766,5.4981,-6.6881,-4.4463,2.7146,0,81454.55498263091,1829006.7926908687,-44.98458431,40824.40530837316,40630.149674256245,1829486.092568602,-45.50700413,0.017526908,0.393554838,-4131289.95,-0.124441969,0.008742509,22.454321837261308,0.004961263,1.3024108951629778
geo-fbc26a1e-72e2-4e06-8bbe-7a9b19bc1097,8.6515,29.6485,1.2768,249.5573,3.1553,-6.6477,-6.2055,0.0516,0,185648.74855744053,-1164354.695,4782.633298953159,147982.80394914336,37665.94460829674,-1164621.103,4795.895756847562,0.038351177,-0.240531505,3450384.947996596,0.086633404,0.007780961,-6.271815481,0.002128642,5.732810511833861
geo-fbce7efe-ee2b-4a90-a809-1c3d780aca2a,10.1795,25.1321,1.286,243.2506,8.1768,-5.3901,-2.0536,3.752,0,468458.0571456286,3537775.047,-86.49729264,433022.7277745449,35435.32937108408,3559056.9107951066,-84.99445069,0.096515145,0.7288782136882908,-8326237.249,-0.221583531,0.007302119,7.551956878203498,0.016612447411667425,2.955275516739425
geo-fbda498f-66e9-4695-bd75-a4fed617f0f6,8.5611,32.5902,1.207,253.7378,4.4706,-5.1405,-2.9378,1.8827,0,80088.43952,1688931.0141418544,28.26996667,39517.25718933743,40571.18232871813,1689774.6805208302,30.78013421890749,0.016857248,0.3554911265007684,-6044834.195,-0.156608352,0.008541265,21.088324660903286,0.004698704,0.9239455174118371
geo-fbf0a97b-5c84-4dcf-aced-4604be4771b0,10.8458,30.0043,1.2788,247.9484,8.038,-4.5689,-2.7077,3.2953,0,434436.42803424346,3495564.614446693,-142.6239797,398665.50139279256,35770.92664145103,3513045.022,-143.0042665,0.089697357,0.7217233342964556,-9152528.149,-0.256914737,0.007385524,8.046205126636318,0.015287273285069574,2.7666385239442826
geo-fbfc54b8-77ba-48dc-83a9-40a8535defe2,10.0573,31.4575,1.0524,256.8144,3.6874,-4.8588,-7.4125,1.9523,0,67948.08080726287,918922.5925580652,136.2203842736957,27077.224479481305,40870.85632778193,919454.1444092316,137.16587793078634,0.014937039,0.2020069182044531,-513022.4904,-0.016469285,0.0089846,13.52389326734055,0.00129152,2.034511128922892
geo-fc10c50d-ba20-4b6a-9cc6-285d2b29b2b3,7.8556,28.4273,1.0521,242.6134,8.127,-3.5676,-1.9239,1.5316,0,350056.65095420496,3189981.196577075,252.54177358705115,314179.10850872146,35877.542445484265,3197551.4888702063,255.6122317,0.076959616,0.7013142808430936,-7091782.022,-0.201252836,0.007887601,9.112757000564459,0.019929487509216266,1.9154333860641635
geo-fc1fedb9-6581-4c09-ba82-ff02ea9e8737,10.5946,30.6476,1.0061,243.0885,3.6817,-5.3685,-5.0993,3.8661,0,102174.62885922167,1925072.9876759576,296.5092253028686,62956.22442917251,39218.40443004918,1925022.4274725227,293.65875687533514,0.022762322,0.4288650957969159,-1596546.058,-0.054492677,0.008736976,18.84100788198972,0.00552595,3.0322080736167223
geo-fc2a4c61-f238-4d56-9a42-4898e15e994a,10.1838,27.5393,1.325,256.6196,5.9463,-4.9719,-6.0415,0.6433,0,95522.16535629834,1803032.7793321824,-124.333554,54435.84498292854,41086.32037336928,1803905.2096641865,-124.1360523,0.019480671,0.3677082584767005,-5913650.261,-0.155358768,0.008379049,18.875543415571272,0.004226171,0.7789874397173664
geo-fc7ca8e3-2181-481c-b875-b81641b0ec14,10.8282,27.4301,1.2538,247.9876,5.1358,-3.9129,-4.4097,1.7051,0,150622.36464860846,2363405.697045939,489.75303166748506,111492.4100855673,39129.95456304124,2365696.147116217,492.2165043274859,0.031302402,0.4911639407368323,-7360265.186,-0.206989898,0.008133645,15.69093475965277,0.007091642,0.7474231999289956
geo-fc8ffe09-0cf4-4405-bfd7-5ec59ded8e1d,8.1586,27.5379,1.3768,250.9391,5.0833,-6.2602,-5.679,1.9235,0,81073.19729,1396557.8358551234,-1.393015733,40871.096477963736,40202.10080997124,1397620.8673273225,-4.197895827,0.016306545,0.280894728,-4284692.803,-0.095365105,0.008087627,17.225888241402252,0.003078376,1.015314649
geo-fcb2ca86-9fe2-4900-89ab-053d77016ecf,9.731,31.6311,1.362,250.4097,6.3551,-6.3415,-3.5284,1.7136,0,103982.59486851835,2291161.7562602926,-147.7196443,63355.243623252245,40627.35125,2292688.259904634,-149.5217109,0.021000031,0.4627165623424479,-8208975.078,-0.205051014,0.008204942,22.034089062283766,0.007003623,1.1466123311503758
geo-fcc4b436-00d0-4ee2-b0d6-52085ca2d0e6,9.6787,37.4015,1.2013,257.8529,4.4377,-4.7533,-6.3412,2.0779,0,74275.38804350965,1484451.575507786,-87.34786105,32921.990020866375,41353.39802264302,1485063.1514217926,-85.85540818,0.015658133,0.3129400043147724,-4208908.263,-0.116445193,0.008719547,19.985780143460556,0.003220737,0.9301585634911893
geo-fce3d1d7-c89a-411c-84f8-ac4b1848a502,8.6204,26.1476,1.1856,243.2966,3.2923,-4.6608,-5.7724,3.6767,0,126914.24722073098,1931340.294764118,-142.4445021,88543.33526478818,38370.91196,1933211.1214399063,-143.8672324,0.026870697,0.4089096480377996,-4127774.653,-0.109068452,0.008125655,15.21767915784189,0.006174154,1.2457708969372367
geo-fcfe7f0c-cfe0-4beb-9497-ff02e8b9f801,10.0462,28.553,1.1113,254.0687,6.2792,-4.5201,-5.2625,1.7073,0,157239.60296980798,2446924.618358213,-502.3571908,118190.77982720322,39048.82314260441,2449374.0730939275,-503.1779013,0.033993675,0.5290013316579885,-6175156.434,-0.189431795,0.008441932,15.561757802377947,0.008866696,0.6624761396373116
geo-fd571ced-720d-4aae-b766-d0b3c4d507c8,9.8649,27.2763,1.2217,243.3796,4.0168,-5.0745,-7.1387,1.6679,0,71650.40345966128,1005319.8420248422,189.15243177621332,31672.36996403709,39978.03349562408,1006015.8646373232,189.88670433423997,0.01502074,0.2107545449936175,-1836408.463,-0.050505885,0.008382659,14.030902737216765,0.001433215,1.4675854290289339
geo-fd64571d-bbab-424f-902e-0b73e5bda865,8.605,26.556,1.1721,241.7508,4.249,-3.5912,-7.331,2.7081,0,142726.51111226325,2134069.412519731,-97.27448454,104659.41979809446,38067.09131416823,2136737.773511636,-94.87214597,0.030331275,0.4535180362866427,-5004349.023,-0.133474063,0.008091395,14.952158473495928,0.007608313,1.0035581815028547
geo-fd8b4638-9103-4811-9d80-a6a751df2a70,7.6742,30.3696,1.2492,242.7117,6.5416,-5.3497,-6.6077,3.1711,0,189467.1922696462,2668584.608261752,125.83347546191489,152370.4298799703,37096.76238967608,2673359.8236167696,125.99097783900235,0.039432335,0.5553917810260343,-7766620.642,-0.187530176,0.00772062,14.084679127264822,0.012794281772539978,0.6836830703188806
geo-fda54f36-c133-4b67-b95c-33f3f84612e1,8.7832,31.9852,1.2277,246.1273,3.2267,-3.1439,-7.4738,3.3522,0,118686.6032869417,2354209.828884153,59.88713540027575,79193.41556065963,39493.187726281365,2355219.386322343,59.10433915072293,0.024845885,0.4928309105234175,-5940811.652,-0.155976705,0.008267471,19.83551440251878,0.008802241,1.3795720708053252
geo-fdae85e3-0e0f-42e2-9ac2-a6a02db2b669,7.5929,29.5349,1.063,243.2376,6.1602,-3.5533,-4.0313,3.0275,0,280476.9646312038,3031783.2193505843,-22.61925303,243968.32303924864,36508.64159195555,3040787.810593847,-23.20671929,0.061471044,0.6644641201880908,-6423401.327,-0.177728921,0.008001415,10.809384019600525,0.018509109161980362,1.6506617107327244
geo-fe13a29b-b036-4d10-bbec-249aac36dbb2,8.709,29.5005,1.0366,247.3515,6.8916,-3.5372,-2.528,1.2797,0,236577.06210602808,2967302.4067943743,-258.5276774,198850.3590359544,37726.70307007311,2971270.0558298845,-260.4950754,0.052242728,0.6552620600216006,-6679849.684,-0.20196554,0.008331051,12.542646275083586,0.015693213471968913,1.2064819072146555
geo-fe158018-61b4-48d7-9f99-1c48fb301ca6,10.9768,32.1581,1.3126,248.0141,3.6028,-5.2281,-5.7937,0.1763,0,77591.38805726837,-277250.7499,53.37940199229755,37236.08083470504,40355.30722256228,-277376.8736,53.226299305994594,0.015876096,-0.056728714,1462126.7709797914,0.040252377,0.00825712,-3.573215493,9.332118517163448e-05,3.0302794791066074
geo-fe1efd72-112a-46c4-a4de-7794a597317e,8.8281,30.2765,1.0338,240.1846,5.3151,-4.4454,-4.9942,2.0638,0,115561.93900009916,2289233.244,-73.99799041,76943.15954087785,38618.77945922112,2290797.875001738,-74.94233363,0.025539792,0.5059324964003022,-4607363.271,-0.140552624,0.008534907,19.809577999415684,0.009229285,1.8150677363359042
geo-fe2595df-9e66-4058-9163-124e426ddd7d,7.6656,34.5035,1.1439,252.8017,4.4056,-6.0282,-6.6136,2.842,0,73913.09732744437,1327219.622757347,-117.4398622,33739.62950831226,40173.46781913282,1327715.0568737637,-119.8843576,0.015830903,0.2842674163808555,-2848240.133,-0.073255142,0.008606197,17.956487696322572,0.003355507,1.3933165707236967
geo-fe263371-6253-423a-98b7-95e5737f420b,10.1588,26.9827,1.2679,249.1669,8.4326,-6.3398,-2.6975,3.5458,0,382814.1220360855,3337024.790569033,191.93251953873784,346340.43651762663,36473.68551845887,3352466.656785241,185.02903618758052,0.079270963,0.6910120433482501,-8177972.248,-0.224003551,0.007552723,8.717089048,0.014961631,2.0141450377434507
geo-fe2e8023-3459-414f-9c95-e078a52c7dfc,8.0151,36.5253,1.2196,255.9982,5.8521,-4.7778,-7.2458,3.498,0,156117.17430892854,2869699.5525243613,-251.732694,116695.8358825862,39421.33843,2872185.443333698,-250.5388826,0.032753829,0.6020711689751085,-8501435.427,-0.214535454,0.008270666,18.381703135657173,0.014395834458208976,1.3299697445380783
geo-fe2f0dd7-ee17-48f2-ac25-41a4b04b99d5,7.9407,26.1828,1.3969,245.3834,7.3095,-4.3432,-3.5105,3.718,0,416794.6576396629,3428524.6695432058,323.1169140319341,381920.95532610617,34873.70231355741,3446965.801317868,321.3419063914092,0.083410214,0.6861267840584613,-9729323.234,-0.213898778,0.006978995,8.225932378690212,0.018871225,2.264753300462547
geo-fe37d862-7fa7-4f2b-87c7-39dac6cf8b68,8.6601,26.7594,1.2244,256.1921,4.9752,-6.8576,-5.3831,0.6795,0,80201.99952140385,100322.26255744814,99.88593346536771,40269.32044387281,39932.67907753082,100821.01407416348,102.09444692130066,0.016804603,0.021020371,-548067.5486,-0.014324141,0.00836699,1.2508698430975356,1.6240821487365112e-05,2.542912465
geo-fe47704f-592a-4b57-8504-81f877eedde9,7.6661,29.7241,1.2045,254.2143,3.5408,-5.8723,-5.2796,1.3347,0,65661.95920240287,210004.6382452757,-56.31431042,25835.64598330285,39826.31321910073,210516.0283689224,-58.00501271,0.013833051,0.044241825,-899303.9567,-0.022450086,0.008390193,3.1982694515394745,8.12721434753681e-05,2.2596800224500675
geo-fe7530d2-cf58-4f37-bd5d-0b69fcb124e2,9.1239,36.7066,1.313,257.2467,3.7984,-6.0612,-3.9789,3.3019,0,77187.96026831056,1607428.2895388294,-25.09979314,35791.884492461606,41396.07577584789,1607381.4693923907,-26.7196049,0.015788599,0.3287953189990604,-5011090.955,-0.123715942,0.00846917,20.82485771033879,0.003771559,0.9218527785609357
geo-fed24029-6ed6-4277-8107-fc81cce1a85a,9.2625,33.6015,1.3154,251.4565,8.3988,-5.4989,-2.068,1.8351,0,259550.3875552084,3172577.602075509,-634.6088399,222108.68370687755,37441.70384833116,3178485.6617486496,-624.2020901,0.053056488,0.6485285131370822,-11831801.75,-0.293788723,0.007655263,12.223359140238903,0.014453733946561685,1.9209808159373898
geo-fed244bc-7fd7-4690-882d-e267d51f24e3,8.1732,31.9898,1.1228,245.424,4.9175,-6.5918,-7.0254,1.0667,0,65210.10818470715,279030.6919,-254.1337718,25843.677205143027,39366.43097956389,279458.18344606063,-253.7175881,0.014049452,0.060116881,-285815.82,-0.007713423,0.00848317,4.278948458485161,0.000140751,2.1466243377486216
geo-fed91167-092e-4e3d-a625-2e35d73a0fc9,9.3421,31.3078,1.2033,245.2867,7.1113,-6.3381,-5.0757,3.5668,0,216465.5251999564,2873363.1068507005,202.34026443531477,178986.77225973504,37478.75294022156,2879188.512702134,199.78989403435665,0.04561794,0.6055324827110273,-7663693.983,-0.211387849,0.00789823,13.27399873119048,0.012493395992528505,0.7312057705422564
geo-fefd707c-3bc8-434d-8046-8d1d67b2a6c2,8.0766,35.6437,1.3448,254.3901,7.0194,-5.8954,-1.5046,2.5073,0,190328.1444407639,3082839.647447418,381.5076195553988,151502.75786930753,38825.38657145654,3087280.6886079866,380.04805940960097,0.038604545,0.6252970159662911,-12815307.74,-0.290662367,0.007876602,16.197497519379766,0.015409703,1.7922397636123848
geo-ff017541-c272-447f-acc3-9b822566a1aa,9.1733,34.0019,1.1245,249.3983,8.0045,-6.0394,-5.2875,1.9603,0,153748.53105872127,2775524.2714198125,-899.6617044,114959.88396990548,38788.647088815545,2778199.272031232,-897.744016,0.033116054,0.5978230214011306,-7803991.063,-0.226473378,0.008354682,18.052362857110904,0.012401374,1.194504670306477
geo-ff07519e-ec50-4702-9cff-2e98383c360a,9.8996,36.1947,1.0851,245.6259,5.4266,-4.9804,-1.6119,2.0241,0,100288.47430569588,2343903.122549985,34.306896460918125,60554.612951601295,39733.86135409552,2345249.8099048487,36.66463180437155,0.021837743,0.5103832217014351,-7633290.079,-0.23332419,0.008653767,23.37161013543175,0.00837578,1.4614604761839534
geo-ff0da9cb-8c84-4825-a934-125b8f44940f,10.4468,26.003,1.2008,246.2863,4.0798,-4.265,-5.2361,1.6924,0,97091.54353317656,1818224.9991929769,-41.17149767,57070.60351716265,40020.94002,1819433.508489124,-42.05100911,0.020475097,0.3834353806190644,-4638759.829,-0.135561655,0.00843975,18.72691413718942,0.004479724,0.8266449969457333
geo-ff3cb88f-4a1e-4afa-b3f7-ed31958bacc8,9.7891,26.4662,1.3867,253.5837,7.2452,-4.8865,-4.6062,1.0193,0,184604.2867601056,2489593.708628827,128.89314803903372,145982.7019884613,38621.58477,2492011.3032375155,129.18473298041442,0.037034218,0.4994475375722399,-8722298.174,-0.211086435,0.007749598,13.486109950762268,0.008111237,0.7787261728302125
geo-ff5bab30-efac-428b-bb87-8f79213776e0,9.4441,26.7995,1.1356,257.2375,7.4938,-5.9972,-2.389,0.0578,0,113123.81507081498,2022068.4783339803,423.2069942730268,73051.50892312021,40072.30614769529,2022395.2485571585,424.0847579212261,0.024290339,0.434185585,-6934588.336,-0.202473457,0.00860442,17.87482571258921,0.0063539,1.075505271939194
geo-ff6b17d8-26fa-484e-bde2-6df057b8cb89,8.0589,32.1946,1.3616,243.0609,4.5389,-4.1874,-1.5214,0.8353,0,86279.88836602749,1743640.1674298958,-106.5532826,46398.44595762773,39881.44240839953,1744550.8626807774,-106.3399064,0.017423064,0.3521046914117987,-8316173.695,-0.186058914,0.008055147,20.20911478272696,0.004896863,1.411173016380939
geo-ff7fe24e-b829-4fd2-9b87-152c5121c011,7.9216,25.6212,1.235,253.354,8.3752,-3.8382,-3.6974,1.9287,0,373941.59132701176,3249496.6356159262,289.66275744854875,337509.45431537763,36432.13701163463,3259609.8903385405,286.64385708589833,0.078109603,0.6787607976672433,-9116342.335,-0.222422869,0.007611548,8.689850797511966,0.018512741,1.9846891218649994
geo-ff943334-19d5-4d2d-b725-c45952222120,7.9487,27.8663,1.253,255.1101,3.5175,-3.8266,-3.6106,0.3877,0,66598.42545737355,828401.7003297448,30.10354405467335,26286.232015696813,40312.193441677366,828605.6734792955,29.02009829990021,0.013846374,0.1722316908924591,-4245692.944,-0.104033147,0.0083812,12.438758043310724,0.001187901,1.7158136610719654
geo-ffa401e9-2c21-420c-bfe8-eec9c2f73bc8,10.6172,29.3447,1.2537,249.0207,3.4418,-3.7578,-6.4593,3.8152,0,159218.22462236465,2466652.9529423355,9.582331568652442,120006.23334625544,39211.991276108216,2469265.307864848,7.443370456289287,0.033096547,0.5127408925148561,-5995385.195,-0.169694383,0.008150918,15.492277713765352,0.007881993,0.8107325544989682
